수집시각,순위,영화명,개봉일,예매율,예매관객수,누적관객수
2026-08-28 19:19:34,1,오디세이,2026-08-05,67.4%,"556,605","7,806,312"
2026-08-28 19:19:34,2,스파이더맨: 브랜드 뉴 데이,2026-07-29,8.6%,"71,363","8,297,959"
2026-08-28 19:19:34,3,경주기행,2026-08-26,3.8%,"31,607","67,421"
2026-08-28 19:19:34,4,암살자(들),2026-09-23,2.8%,"22,999",0
2026-08-28 19:19:34,5,오크 스트리트의 마지막 날,2026-08-26,2.4%,"19,449","43,966"
2026-08-28 19:19:34,6,비광,2026-09-02,2.2%,"18,450","1,795"
2026-08-28 19:19:34,7,사랑의 하츄핑: 고래보석의 전설,2026-08-05,1.2%,"10,207","798,969"
2026-08-28 19:19:34,8,인턴,2026-09-16,1.0%,"7,899",0
2026-08-28 19:19:34,9,인시디어스: 그들이 넘어왔다,2026-08-20,0.8%,"6,670","126,204"
2026-08-28 19:19:34,10,싱 어게인,2026-09-02,0.8%,"6,342","1,389"
2026-08-28 19:19:34,11,극장판 귀멸의 칼날: 무한성편,재개봉일 : 2026-08-26 2025-08-22,0.7%,"5,492","5,818,119"
2026-08-28 19:19:34,12,명탐정 코난: 하이웨이의 타천사,2026-08-12,0.7%,"5,388","382,404"
2026-08-28 19:19:34,13,고스트밴드,2026-08-26,0.6%,"5,135","5,842"
2026-08-28 19:19:34,14,오케이 마담2,2026-08-12,0.4%,"3,586","323,938"
2026-08-28 19:19:34,15,마루 밑 아리에티,재개봉일 : 2026-08-19 2010-09-09,0.4%,"3,442","1,090,742"
2026-08-28 19:19:34,16,인 더 그레이,2026-09-02,0.4%,"3,341",156
2026-08-28 19:19:34,17,터치드 콘서트 [하이라이트 포] : 더 무비,2026-08-26,0.4%,"3,084","1,161"
2026-08-28 19:19:34,18,극장판 기븐 – 바다로,2026-08-26,0.4%,"2,994","2,321"
2026-08-28 19:19:34,19,어떻게 해야 했을까?,2026-07-29,0.3%,"2,351","88,699"
2026-08-28 19:19:34,20,도그 스타: 마지막 희망,2026-08-26,0.3%,"2,127","4,740"
2026-08-28 19:19:34,21,포가튼 아일랜드,2026-09-23,0.2%,"2,006",0
2026-08-28 19:19:34,22,퍼피 구조대: 더 다이노 무비,2026-08-13,0.2%,"1,897","97,904"
2026-08-28 19:19:34,23,드라큘라: 러브 테일,2026-08-26,0.2%,"1,869","6,811"
2026-08-28 19:19:34,24,옵세션,2026-09-02,0.2%,"1,810",782
2026-08-28 19:19:34,25,핵소 고지,재개봉일 : 2026-09-02 2017-02-22,0.2%,"1,788","178,780"
2026-08-28 20:21:08,1,오디세이,2026-08-05,67.5%,"564,305","7,806,312"
2026-08-28 20:21:08,2,스파이더맨: 브랜드 뉴 데이,2026-07-29,8.6%,"71,949","8,297,959"
2026-08-28 20:21:08,3,경주기행,2026-08-26,3.8%,"31,589","67,421"
2026-08-28 20:21:08,4,암살자(들),2026-09-23,2.8%,"23,451",0
2026-08-28 20:21:08,5,오크 스트리트의 마지막 날,2026-08-26,2.3%,"19,620","43,966"
2026-08-28 20:21:08,6,비광,2026-09-02,2.2%,"18,485","1,795"
2026-08-28 20:21:08,7,사랑의 하츄핑: 고래보석의 전설,2026-08-05,1.3%,"10,878","798,969"
2026-08-28 20:21:08,8,인턴,2026-09-16,1.0%,"8,413",0
2026-08-28 20:21:08,9,싱 어게인,2026-09-02,0.8%,"6,380","1,389"
2026-08-28 20:21:08,10,인시디어스: 그들이 넘어왔다,2026-08-20,0.8%,"6,353","126,204"
2026-08-28 20:21:08,11,명탐정 코난: 하이웨이의 타천사,2026-08-12,0.7%,"5,643","382,404"
2026-08-28 20:21:08,12,극장판 귀멸의 칼날: 무한성편,재개봉일 : 2026-08-26 2025-08-22,0.7%,"5,484","5,818,119"
2026-08-28 20:21:08,13,고스트밴드,2026-08-26,0.6%,"5,192","5,842"
2026-08-28 20:21:08,14,오케이 마담2,2026-08-12,0.4%,"3,643","323,938"
2026-08-28 20:21:08,15,마루 밑 아리에티,재개봉일 : 2026-08-19 2010-09-09,0.4%,"3,494","1,090,742"
2026-08-28 20:21:08,16,인 더 그레이,2026-09-02,0.4%,"3,354",156
2026-08-28 20:21:08,17,터치드 콘서트 [하이라이트 포] : 더 무비,2026-08-26,0.4%,"3,071","1,161"
2026-08-28 20:21:08,18,극장판 기븐 – 바다로,2026-08-26,0.4%,"3,017","2,321"
2026-08-28 20:21:08,19,어떻게 해야 했을까?,2026-07-29,0.3%,"2,354","88,699"
2026-08-28 20:21:08,20,도그 스타: 마지막 희망,2026-08-26,0.2%,"2,052","4,740"
2026-08-28 20:21:08,21,퍼피 구조대: 더 다이노 무비,2026-08-13,0.2%,"2,049","97,904"
2026-08-28 20:21:08,22,포가튼 아일랜드,2026-09-23,0.2%,"2,006",0
2026-08-28 20:21:08,23,옵세션,2026-09-02,0.2%,"1,855",782
2026-08-28 20:21:08,24,핵소 고지,재개봉일 : 2026-09-02 2017-02-22,0.2%,"1,798","178,780"
2026-08-28 20:21:08,25,드라큘라: 러브 테일,2026-08-26,0.2%,"1,779","6,811"
2026-08-28 21:21:07,1,오디세이,2026-08-05,67.4%,"572,668","7,806,312"
2026-08-28 21:21:07,2,스파이더맨: 브랜드 뉴 데이,2026-07-29,8.7%,"73,763","8,297,959"
2026-08-28 21:21:07,3,경주기행,2026-08-26,3.8%,"32,378","67,421"
2026-08-28 21:21:07,4,암살자(들),2026-09-23,2.8%,"23,921",0
2026-08-28 21:21:07,5,오크 스트리트의 마지막 날,2026-08-26,2.3%,"19,947","43,966"
2026-08-28 21:21:07,6,비광,2026-09-02,2.2%,"18,532","1,795"
2026-08-28 21:21:07,7,사랑의 하츄핑: 고래보석의 전설,2026-08-05,1.4%,"11,682","798,969"
2026-08-28 21:21:07,8,인턴,2026-09-16,1.0%,"8,699",0
2026-08-28 21:21:07,9,싱 어게인,2026-09-02,0.8%,"6,412","1,389"
2026-08-28 21:21:07,10,명탐정 코난: 하이웨이의 타천사,2026-08-12,0.7%,"5,906","382,404"
2026-08-28 21:21:07,11,인시디어스: 그들이 넘어왔다,2026-08-20,0.7%,"5,679","126,204"
2026-08-28 21:21:07,12,극장판 귀멸의 칼날: 무한성편,재개봉일 : 2026-08-26 2025-08-22,0.6%,"5,477","5,818,119"
2026-08-28 21:21:07,13,고스트밴드,2026-08-26,0.6%,"5,190","5,842"
2026-08-28 21:21:07,14,오케이 마담2,2026-08-12,0.4%,"3,780","323,938"
2026-08-28 21:21:07,15,마루 밑 아리에티,재개봉일 : 2026-08-19 2010-09-09,0.4%,"3,546","1,090,742"
2026-08-28 21:21:07,16,인 더 그레이,2026-09-02,0.4%,"3,367",156
2026-08-28 21:21:07,17,극장판 기븐 – 바다로,2026-08-26,0.4%,"3,028","2,321"
2026-08-28 21:21:07,18,터치드 콘서트 [하이라이트 포] : 더 무비,2026-08-26,0.4%,"3,015","1,161"
2026-08-28 21:21:07,19,어떻게 해야 했을까?,2026-07-29,0.3%,"2,368","88,699"
2026-08-28 21:21:07,20,퍼피 구조대: 더 다이노 무비,2026-08-13,0.3%,"2,261","97,904"
2026-08-28 21:21:07,21,도그 스타: 마지막 희망,2026-08-26,0.2%,"2,072","4,740"
2026-08-28 21:21:07,22,포가튼 아일랜드,2026-09-23,0.2%,"2,006",0
2026-08-28 21:21:07,23,옵세션,2026-09-02,0.2%,"1,923",782
2026-08-28 21:21:07,24,핵소 고지,재개봉일 : 2026-09-02 2017-02-22,0.2%,"1,850","178,780"
2026-08-28 21:21:07,25,드라큘라: 러브 테일,2026-08-26,0.2%,"1,819","6,811"
2026-08-28 22:21:08,1,오디세이,2026-08-05,67.2%,"585,356","7,806,312"
2026-08-28 22:21:08,2,스파이더맨: 브랜드 뉴 데이,2026-07-29,8.8%,"76,841","8,297,959"
2026-08-28 22:21:08,3,경주기행,2026-08-26,3.9%,"33,534","67,421"
2026-08-28 22:21:08,4,암살자(들),2026-09-23,2.8%,"24,450",0
2026-08-28 22:21:08,5,오크 스트리트의 마지막 날,2026-08-26,2.4%,"20,652","43,966"
2026-08-28 22:21:08,6,비광,2026-09-02,2.1%,"18,567","1,795"
2026-08-28 22:21:08,7,사랑의 하츄핑: 고래보석의 전설,2026-08-05,1.4%,"12,449","798,969"
2026-08-28 22:21:08,8,인턴,2026-09-16,1.1%,"9,400",0
2026-08-28 22:21:08,9,싱 어게인,2026-09-02,0.7%,"6,443","1,389"
2026-08-28 22:21:08,10,명탐정 코난: 하이웨이의 타천사,2026-08-12,0.7%,"6,217","382,404"
2026-08-28 22:21:08,11,인시디어스: 그들이 넘어왔다,2026-08-20,0.6%,"5,465","126,204"
2026-08-28 22:21:08,12,극장판 귀멸의 칼날: 무한성편,재개봉일 : 2026-08-26 2025-08-22,0.6%,"5,463","5,818,119"
2026-08-28 22:21:08,13,고스트밴드,2026-08-26,0.6%,"5,267","5,842"
2026-08-28 22:21:08,14,오케이 마담2,2026-08-12,0.4%,"3,867","323,938"
2026-08-28 22:21:08,15,마루 밑 아리에티,재개봉일 : 2026-08-19 2010-09-09,0.4%,"3,584","1,090,742"
2026-08-28 22:21:08,16,인 더 그레이,2026-09-02,0.4%,"3,383",156
2026-08-28 22:21:08,17,극장판 기븐 – 바다로,2026-08-26,0.4%,"3,054","2,321"
2026-08-28 22:21:08,18,터치드 콘서트 [하이라이트 포] : 더 무비,2026-08-26,0.3%,"2,984","1,161"
2026-08-28 22:21:08,19,퍼피 구조대: 더 다이노 무비,2026-08-13,0.3%,"2,463","97,904"
2026-08-28 22:21:08,20,어떻게 해야 했을까?,2026-07-29,0.3%,"2,391","88,699"
2026-08-28 22:21:08,21,도그 스타: 마지막 희망,2026-08-26,0.2%,"2,111","4,740"
2026-08-28 22:21:08,22,포가튼 아일랜드,2026-09-23,0.2%,"2,006",0
2026-08-28 22:21:08,23,옵세션,2026-09-02,0.2%,"1,994",782
2026-08-28 22:21:08,24,드라큘라: 러브 테일,2026-08-26,0.2%,"1,881","6,811"
2026-08-28 22:21:08,25,핵소 고지,재개봉일 : 2026-09-02 2017-02-22,0.2%,"1,874","178,780"
2026-08-28 23:21:08,1,오디세이,2026-08-05,67.1%,"597,018","7,806,312"
2026-08-28 23:21:08,2,스파이더맨: 브랜드 뉴 데이,2026-07-29,9.0%,"79,984","8,297,959"
2026-08-28 23:21:08,3,경주기행,2026-08-26,3.9%,"34,467","67,421"
2026-08-28 23:21:08,4,암살자(들),2026-09-23,2.8%,"24,883",0
2026-08-28 23:21:08,5,오크 스트리트의 마지막 날,2026-08-26,2.4%,"21,354","43,966"
2026-08-28 23:21:08,6,비광,2026-09-02,2.1%,"18,628","1,795"
2026-08-28 23:21:08,7,사랑의 하츄핑: 고래보석의 전설,2026-08-05,1.5%,"13,050","798,969"
2026-08-28 23:21:08,8,인턴,2026-09-16,1.1%,"9,815",0
2026-08-28 23:21:08,9,명탐정 코난: 하이웨이의 타천사,2026-08-12,0.7%,"6,588","382,404"
2026-08-28 23:21:08,10,싱 어게인,2026-09-02,0.7%,"6,457","1,389"
2026-08-28 23:21:08,11,인시디어스: 그들이 넘어왔다,2026-08-20,0.6%,"5,687","126,204"
2026-08-28 23:21:08,12,극장판 귀멸의 칼날: 무한성편,재개봉일 : 2026-08-26 2025-08-22,0.6%,"5,345","5,818,119"
2026-08-28 23:21:08,13,고스트밴드,2026-08-26,0.6%,"5,314","5,842"
2026-08-28 23:21:08,14,오케이 마담2,2026-08-12,0.4%,"3,995","323,938"
2026-08-28 23:21:08,15,마루 밑 아리에티,재개봉일 : 2026-08-19 2010-09-09,0.4%,"3,621","1,090,742"
2026-08-28 23:21:08,16,인 더 그레이,2026-09-02,0.4%,"3,391",156
2026-08-28 23:21:08,17,극장판 기븐 – 바다로,2026-08-26,0.3%,"3,089","2,321"
2026-08-28 23:21:08,18,터치드 콘서트 [하이라이트 포] : 더 무비,2026-08-26,0.3%,"2,967","1,161"
2026-08-28 23:21:08,19,퍼피 구조대: 더 다이노 무비,2026-08-13,0.3%,"2,599","97,904"
2026-08-28 23:21:08,20,어떻게 해야 했을까?,2026-07-29,0.3%,"2,437","88,699"
2026-08-28 23:21:08,21,도그 스타: 마지막 희망,2026-08-26,0.2%,"2,185","4,740"
2026-08-28 23:21:08,22,옵세션,2026-09-02,0.2%,"2,066",782
2026-08-28 23:21:08,23,포가튼 아일랜드,2026-09-23,0.2%,"2,006",0
2026-08-28 23:21:08,24,드라큘라: 러브 테일,2026-08-26,0.2%,"1,922","6,811"
2026-08-28 23:21:08,25,핵소 고지,재개봉일 : 2026-09-02 2017-02-22,0.2%,"1,894","178,780"
2026-08-29 00:21:08,1,오디세이,2026-08-05,67.1%,"607,416","8,017,422"
2026-08-29 00:21:08,2,스파이더맨: 브랜드 뉴 데이,2026-07-29,9.0%,"81,889","8,344,390"
2026-08-29 00:21:08,3,경주기행,2026-08-26,3.9%,"35,022","95,758"
2026-08-29 00:21:08,4,암살자(들),2026-09-23,2.8%,"25,463",0
2026-08-29 00:21:08,5,오크 스트리트의 마지막 날,2026-08-26,2.4%,"21,870","59,803"
2026-08-29 00:21:08,6,비광,2026-09-02,2.1%,"18,657","1,795"
2026-08-29 00:21:08,7,사랑의 하츄핑: 고래보석의 전설,2026-08-05,1.5%,"13,432","800,646"
2026-08-29 00:21:08,8,인턴,2026-09-16,1.1%,"10,026",0
2026-08-29 00:21:08,9,명탐정 코난: 하이웨이의 타천사,2026-08-12,0.8%,"6,880","386,849"
2026-08-29 00:21:08,10,싱 어게인,2026-09-02,0.7%,"6,489","1,389"
2026-08-29 00:21:08,11,인시디어스: 그들이 넘어왔다,2026-08-20,0.6%,"5,861","132,408"
2026-08-29 00:21:08,12,고스트밴드,2026-08-26,0.6%,"5,328","6,803"
2026-08-29 00:21:08,13,극장판 귀멸의 칼날: 무한성편,재개봉일 : 2026-08-26 2025-08-22,0.6%,"5,203","5,819,197"
2026-08-29 00:21:08,14,오케이 마담2,2026-08-12,0.5%,"4,082","326,837"
2026-08-29 00:21:08,15,마루 밑 아리에티,재개봉일 : 2026-08-19 2010-09-09,0.4%,"3,697","1,091,072"
2026-08-29 00:21:08,16,인 더 그레이,2026-09-02,0.4%,"3,399",156
2026-08-29 00:21:08,17,극장판 기븐 – 바다로,2026-08-26,0.3%,"3,107","2,786"
2026-08-29 00:21:08,18,터치드 콘서트 [하이라이트 포] : 더 무비,2026-08-26,0.3%,"2,907","1,314"
2026-08-29 00:21:08,19,퍼피 구조대: 더 다이노 무비,2026-08-13,0.3%,"2,652","98,452"
2026-08-29 00:21:08,20,어떻게 해야 했을까?,2026-07-29,0.3%,"2,468","89,819"
2026-08-29 00:21:08,21,도그 스타: 마지막 희망,2026-08-26,0.2%,"2,260","7,067"
2026-08-29 00:21:08,22,옵세션,2026-09-02,0.2%,"2,110",782
2026-08-29 00:21:08,23,포가튼 아일랜드,2026-09-23,0.2%,"2,006",0
2026-08-29 00:21:08,24,드라큘라: 러브 테일,2026-08-26,0.2%,"1,949","8,521"
2026-08-29 00:21:08,25,핵소 고지,재개봉일 : 2026-09-02 2017-02-22,0.2%,"1,926","178,780"
2026-08-29 01:21:07,1,오디세이,2026-08-05,67.0%,"613,629","8,017,461"
2026-08-29 01:21:07,2,스파이더맨: 브랜드 뉴 데이,2026-07-29,9.1%,"83,304","8,344,405"
2026-08-29 01:21:07,3,경주기행,2026-08-26,3.9%,"35,535","95,775"
2026-08-29 01:21:07,4,암살자(들),2026-09-23,2.8%,"25,994",0
2026-08-29 01:21:07,5,오크 스트리트의 마지막 날,2026-08-26,2.4%,"22,108","59,803"
2026-08-29 01:21:07,6,비광,2026-09-02,2.0%,"18,684","1,795"
2026-08-29 01:21:07,7,사랑의 하츄핑: 고래보석의 전설,2026-08-05,1.5%,"13,633","800,646"
2026-08-29 01:21:07,8,인턴,2026-09-16,1.1%,"10,394",0
2026-08-29 01:21:07,9,명탐정 코난: 하이웨이의 타천사,2026-08-12,0.8%,"7,090","386,849"
2026-08-29 01:21:07,10,싱 어게인,2026-09-02,0.7%,"6,512","1,389"
2026-08-29 01:21:07,11,인시디어스: 그들이 넘어왔다,2026-08-20,0.7%,"6,007","132,410"
2026-08-29 01:21:07,12,고스트밴드,2026-08-26,0.6%,"5,347","6,803"
2026-08-29 01:21:07,13,극장판 귀멸의 칼날: 무한성편,재개봉일 : 2026-08-26 2025-08-22,0.6%,"5,294","5,819,197"
2026-08-29 01:21:07,14,오케이 마담2,2026-08-12,0.5%,"4,144","326,837"
2026-08-29 01:21:07,15,마루 밑 아리에티,재개봉일 : 2026-08-19 2010-09-09,0.4%,"3,733","1,091,072"
2026-08-29 01:21:07,16,인 더 그레이,2026-09-02,0.4%,"3,404",156
2026-08-29 01:21:07,17,극장판 기븐 – 바다로,2026-08-26,0.3%,"3,111","2,786"
2026-08-29 01:21:07,18,터치드 콘서트 [하이라이트 포] : 더 무비,2026-08-26,0.3%,"2,916","1,314"
2026-08-29 01:21:07,19,퍼피 구조대: 더 다이노 무비,2026-08-13,0.3%,"2,673","98,452"
2026-08-29 01:21:07,20,어떻게 해야 했을까?,2026-07-29,0.3%,"2,499","89,819"
2026-08-29 01:21:07,21,도그 스타: 마지막 희망,2026-08-26,0.2%,"2,278","7,067"
2026-08-29 01:21:07,22,옵세션,2026-09-02,0.2%,"2,150",782
2026-08-29 01:21:07,23,포가튼 아일랜드,2026-09-23,0.2%,"2,006",0
2026-08-29 01:21:07,24,드라큘라: 러브 테일,2026-08-26,0.2%,"1,970","8,527"
2026-08-29 01:21:07,25,핵소 고지,재개봉일 : 2026-09-02 2017-02-22,0.2%,"1,932","178,780"
2026-08-29 02:21:08,1,오디세이,2026-08-05,66.9%,"616,432","8,017,465"
2026-08-29 02:21:08,2,스파이더맨: 브랜드 뉴 데이,2026-07-29,9.1%,"83,995","8,344,409"
2026-08-29 02:21:08,3,경주기행,2026-08-26,3.9%,"35,794","95,775"
2026-08-29 02:21:08,4,암살자(들),2026-09-23,2.8%,"26,220",0
2026-08-29 02:21:08,5,오크 스트리트의 마지막 날,2026-08-26,2.4%,"22,241","59,803"
2026-08-29 02:21:08,6,비광,2026-09-02,2.0%,"18,704","1,795"
2026-08-29 02:21:08,7,사랑의 하츄핑: 고래보석의 전설,2026-08-05,1.5%,"13,709","800,646"
2026-08-29 02:21:08,8,인턴,2026-09-16,1.1%,"10,497",0
2026-08-29 02:21:08,9,명탐정 코난: 하이웨이의 타천사,2026-08-12,0.8%,"7,171","386,849"
2026-08-29 02:21:08,10,싱 어게인,2026-09-02,0.7%,"6,532","1,389"
2026-08-29 02:21:08,11,인시디어스: 그들이 넘어왔다,2026-08-20,0.7%,"6,072","132,413"
2026-08-29 02:21:08,12,고스트밴드,2026-08-26,0.6%,"5,354","6,803"
2026-08-29 02:21:08,13,극장판 귀멸의 칼날: 무한성편,재개봉일 : 2026-08-26 2025-08-22,0.6%,"5,332","5,819,197"
2026-08-29 02:21:08,14,오케이 마담2,2026-08-12,0.5%,"4,165","326,837"
2026-08-29 02:21:08,15,마루 밑 아리에티,재개봉일 : 2026-08-19 2010-09-09,0.4%,"3,742","1,091,072"
2026-08-29 02:21:08,16,인 더 그레이,2026-09-02,0.4%,"3,406",156
2026-08-29 02:21:08,17,극장판 기븐 – 바다로,2026-08-26,0.3%,"3,128","2,786"
2026-08-29 02:21:08,18,터치드 콘서트 [하이라이트 포] : 더 무비,2026-08-26,0.3%,"2,929","1,314"
2026-08-29 02:21:08,19,퍼피 구조대: 더 다이노 무비,2026-08-13,0.3%,"2,698","98,452"
2026-08-29 02:21:08,20,어떻게 해야 했을까?,2026-07-29,0.3%,"2,522","89,820"
2026-08-29 02:21:08,21,도그 스타: 마지막 희망,2026-08-26,0.2%,"2,292","7,067"
2026-08-29 02:21:08,22,옵세션,2026-09-02,0.2%,"2,164",782
2026-08-29 02:21:08,23,포가튼 아일랜드,2026-09-23,0.2%,"2,006",0
2026-08-29 02:21:08,24,드라큘라: 러브 테일,2026-08-26,0.2%,"1,992","8,527"
2026-08-29 02:21:08,25,호프,2026-07-15,0.2%,"1,950","4,530,401"
2026-08-29 03:21:08,1,오디세이,2026-08-05,66.9%,"617,777","8,017,465"
2026-08-29 03:21:08,2,스파이더맨: 브랜드 뉴 데이,2026-07-29,9.1%,"84,285","8,344,409"
2026-08-29 03:21:08,3,경주기행,2026-08-26,3.9%,"35,923","95,775"
2026-08-29 03:21:08,4,암살자(들),2026-09-23,2.9%,"26,402",0
2026-08-29 03:21:08,5,오크 스트리트의 마지막 날,2026-08-26,2.4%,"22,299","59,803"
2026-08-29 03:21:08,6,비광,2026-09-02,2.0%,"18,706","1,795"
2026-08-29 03:21:08,7,사랑의 하츄핑: 고래보석의 전설,2026-08-05,1.5%,"13,764","800,646"
2026-08-29 03:21:08,8,인턴,2026-09-16,1.1%,"10,565",0
2026-08-29 03:21:08,9,명탐정 코난: 하이웨이의 타천사,2026-08-12,0.8%,"7,214","386,849"
2026-08-29 03:21:08,10,싱 어게인,2026-09-02,0.7%,"6,535","1,389"
2026-08-29 03:21:08,11,인시디어스: 그들이 넘어왔다,2026-08-20,0.7%,"6,116","132,413"
2026-08-29 03:21:08,12,고스트밴드,2026-08-26,0.6%,"5,348","6,803"
2026-08-29 03:21:08,13,극장판 귀멸의 칼날: 무한성편,재개봉일 : 2026-08-26 2025-08-22,0.6%,"5,343","5,819,197"
2026-08-29 03:21:08,14,오케이 마담2,2026-08-12,0.5%,"4,177","326,837"
2026-08-29 03:21:08,15,마루 밑 아리에티,재개봉일 : 2026-08-19 2010-09-09,0.4%,"3,734","1,091,072"
2026-08-29 03:21:08,16,인 더 그레이,2026-09-02,0.4%,"3,407",156
2026-08-29 03:21:08,17,극장판 기븐 – 바다로,2026-08-26,0.3%,"3,128","2,786"
2026-08-29 03:21:08,18,터치드 콘서트 [하이라이트 포] : 더 무비,2026-08-26,0.3%,"2,931","1,314"
2026-08-29 03:21:08,19,퍼피 구조대: 더 다이노 무비,2026-08-13,0.3%,"2,701","98,452"
2026-08-29 03:21:08,20,어떻게 해야 했을까?,2026-07-29,0.3%,"2,528","89,820"
2026-08-29 03:21:08,21,도그 스타: 마지막 희망,2026-08-26,0.2%,"2,295","7,067"
2026-08-29 03:21:08,22,옵세션,2026-09-02,0.2%,"2,181",782
2026-08-29 03:21:08,23,포가튼 아일랜드,2026-09-23,0.2%,"2,006",0
2026-08-29 03:21:08,24,드라큘라: 러브 테일,2026-08-26,0.2%,"1,993","8,527"
2026-08-29 03:21:08,25,호프,2026-07-15,0.2%,"1,954","4,530,401"
2026-08-29 04:21:08,1,오디세이,2026-08-05,66.9%,"618,519","8,017,465"
2026-08-29 04:21:08,2,스파이더맨: 브랜드 뉴 데이,2026-07-29,9.1%,"84,422","8,344,409"
2026-08-29 04:21:08,3,경주기행,2026-08-26,3.9%,"35,963","95,775"
2026-08-29 04:21:08,4,암살자(들),2026-09-23,2.9%,"26,537",0
2026-08-29 04:21:08,5,오크 스트리트의 마지막 날,2026-08-26,2.4%,"22,329","59,803"
2026-08-29 04:21:08,6,비광,2026-09-02,2.0%,"18,707","1,795"
2026-08-29 04:21:08,7,사랑의 하츄핑: 고래보석의 전설,2026-08-05,1.5%,"13,780","800,646"
2026-08-29 04:21:08,8,인턴,2026-09-16,1.1%,"10,597",0
2026-08-29 04:21:08,9,명탐정 코난: 하이웨이의 타천사,2026-08-12,0.8%,"7,230","386,849"
2026-08-29 04:21:08,10,싱 어게인,2026-09-02,0.7%,"6,548","1,389"
2026-08-29 04:21:08,11,인시디어스: 그들이 넘어왔다,2026-08-20,0.7%,"6,137","132,413"
2026-08-29 04:21:08,12,극장판 귀멸의 칼날: 무한성편,재개봉일 : 2026-08-26 2025-08-22,0.6%,"5,358","5,819,197"
2026-08-29 04:21:08,13,고스트밴드,2026-08-26,0.6%,"5,341","6,803"
2026-08-29 04:21:08,14,오케이 마담2,2026-08-12,0.5%,"4,183","326,837"
2026-08-29 04:21:08,15,마루 밑 아리에티,재개봉일 : 2026-08-19 2010-09-09,0.4%,"3,741","1,091,072"
2026-08-29 04:21:08,16,인 더 그레이,2026-09-02,0.4%,"3,408",156
2026-08-29 04:21:08,17,극장판 기븐 – 바다로,2026-08-26,0.3%,"3,139","2,786"
2026-08-29 04:21:08,18,터치드 콘서트 [하이라이트 포] : 더 무비,2026-08-26,0.3%,"2,934","1,314"
2026-08-29 04:21:08,19,퍼피 구조대: 더 다이노 무비,2026-08-13,0.3%,"2,711","98,452"
2026-08-29 04:21:08,20,어떻게 해야 했을까?,2026-07-29,0.3%,"2,527","89,820"
2026-08-29 04:21:08,21,도그 스타: 마지막 희망,2026-08-26,0.2%,"2,303","7,067"
2026-08-29 04:21:08,22,옵세션,2026-09-02,0.2%,"2,195",782
2026-08-29 04:21:08,23,포가튼 아일랜드,2026-09-23,0.2%,"2,006",0
2026-08-29 04:21:08,24,드라큘라: 러브 테일,2026-08-26,0.2%,"2,001","8,527"
2026-08-29 04:21:08,25,호프,2026-07-15,0.2%,"1,956","4,530,401"
2026-08-29 05:21:08,1,오디세이,2026-08-05,66.8%,"616,929","8,017,484"
2026-08-29 05:21:08,2,스파이더맨: 브랜드 뉴 데이,2026-07-29,9.1%,"84,470","8,344,409"
2026-08-29 05:21:08,3,경주기행,2026-08-26,3.9%,"35,949","95,796"
2026-08-29 05:21:08,4,암살자(들),2026-09-23,2.9%,"26,619",0
2026-08-29 05:21:08,5,오크 스트리트의 마지막 날,2026-08-26,2.4%,"22,311","59,803"
2026-08-29 05:21:08,6,비광,2026-09-02,2.0%,"18,711","1,795"
2026-08-29 05:21:08,7,사랑의 하츄핑: 고래보석의 전설,2026-08-05,1.5%,"13,796","800,658"
2026-08-29 05:21:08,8,인턴,2026-09-16,1.2%,"10,626",0
2026-08-29 05:21:08,9,명탐정 코난: 하이웨이의 타천사,2026-08-12,0.8%,"7,231","386,852"
2026-08-29 05:21:08,10,싱 어게인,2026-09-02,0.7%,"6,552","1,389"
2026-08-29 05:21:08,11,인시디어스: 그들이 넘어왔다,2026-08-20,0.7%,"6,151","132,413"
2026-08-29 05:21:08,12,극장판 귀멸의 칼날: 무한성편,재개봉일 : 2026-08-26 2025-08-22,0.6%,"5,362","5,819,197"
2026-08-29 05:21:08,13,고스트밴드,2026-08-26,0.6%,"5,341","6,803"
2026-08-29 05:21:08,14,오케이 마담2,2026-08-12,0.5%,"4,180","326,842"
2026-08-29 05:21:08,15,마루 밑 아리에티,재개봉일 : 2026-08-19 2010-09-09,0.4%,"3,741","1,091,072"
2026-08-29 05:21:08,16,인 더 그레이,2026-09-02,0.4%,"3,409",156
2026-08-29 05:21:08,17,극장판 기븐 – 바다로,2026-08-26,0.3%,"3,132","2,786"
2026-08-29 05:21:08,18,터치드 콘서트 [하이라이트 포] : 더 무비,2026-08-26,0.3%,"2,936","1,314"
2026-08-29 05:21:08,19,퍼피 구조대: 더 다이노 무비,2026-08-13,0.3%,"2,712","98,452"
2026-08-29 05:21:08,20,어떻게 해야 했을까?,2026-07-29,0.3%,"2,535","89,820"
2026-08-29 05:21:08,21,도그 스타: 마지막 희망,2026-08-26,0.3%,"2,313","7,067"
2026-08-29 05:21:08,22,옵세션,2026-09-02,0.2%,"2,203",782
2026-08-29 05:21:08,23,포가튼 아일랜드,2026-09-23,0.2%,"2,006",0
2026-08-29 05:21:08,23,드라큘라: 러브 테일,2026-08-26,0.2%,"2,006","8,527"
2026-08-29 05:21:08,25,호프,2026-07-15,0.2%,"1,957","4,530,401"
2026-08-29 06:21:08,1,오디세이,2026-08-05,66.7%,"612,577","8,017,484"
2026-08-29 06:21:08,2,스파이더맨: 브랜드 뉴 데이,2026-07-29,9.1%,"83,956","8,344,409"
2026-08-29 06:21:08,3,경주기행,2026-08-26,3.9%,"35,937","95,796"
2026-08-29 06:21:08,4,암살자(들),2026-09-23,2.9%,"26,691",0
2026-08-29 06:21:08,5,오크 스트리트의 마지막 날,2026-08-26,2.4%,"22,208","59,803"
2026-08-29 06:21:08,6,비광,2026-09-02,2.0%,"18,719","1,795"
2026-08-29 06:21:08,7,사랑의 하츄핑: 고래보석의 전설,2026-08-05,1.5%,"13,826","800,658"
2026-08-29 06:21:08,8,인턴,2026-09-16,1.2%,"10,635",0
2026-08-29 06:21:08,9,명탐정 코난: 하이웨이의 타천사,2026-08-12,0.8%,"7,176","386,852"
2026-08-29 06:21:08,10,싱 어게인,2026-09-02,0.7%,"6,562","1,389"
2026-08-29 06:21:08,11,인시디어스: 그들이 넘어왔다,2026-08-20,0.7%,"6,165","132,413"
2026-08-29 06:21:08,12,고스트밴드,2026-08-26,0.6%,"5,340","6,803"
2026-08-29 06:21:08,13,극장판 귀멸의 칼날: 무한성편,재개봉일 : 2026-08-26 2025-08-22,0.6%,"5,319","5,819,197"
2026-08-29 06:21:08,14,오케이 마담2,2026-08-12,0.5%,"4,191","326,842"
2026-08-29 06:21:08,15,마루 밑 아리에티,재개봉일 : 2026-08-19 2010-09-09,0.4%,"3,692","1,091,072"
2026-08-29 06:21:08,16,인 더 그레이,2026-09-02,0.4%,"3,412",156
2026-08-29 06:21:08,17,극장판 기븐 – 바다로,2026-08-26,0.3%,"3,105","2,786"
2026-08-29 06:21:08,18,터치드 콘서트 [하이라이트 포] : 더 무비,2026-08-26,0.3%,"2,936","1,314"
2026-08-29 06:21:08,19,퍼피 구조대: 더 다이노 무비,2026-08-13,0.3%,"2,712","98,452"
2026-08-29 06:21:08,20,어떻게 해야 했을까?,2026-07-29,0.3%,"2,528","89,820"
2026-08-29 06:21:08,21,도그 스타: 마지막 희망,2026-08-26,0.2%,"2,279","7,067"
2026-08-29 06:21:08,22,옵세션,2026-09-02,0.2%,"2,208",782
2026-08-29 06:21:08,23,포가튼 아일랜드,2026-09-23,0.2%,"2,006",0
2026-08-29 06:21:08,24,드라큘라: 러브 테일,2026-08-26,0.2%,"2,004","8,527"
2026-08-29 06:21:08,25,핵소 고지,재개봉일 : 2026-09-02 2017-02-22,0.2%,"1,957","178,780"
2026-08-29 07:21:07,1,오디세이,2026-08-05,66.6%,"602,123","8,017,484"
2026-08-29 07:21:07,2,스파이더맨: 브랜드 뉴 데이,2026-07-29,9.1%,"82,052","8,344,409"
2026-08-29 07:21:07,3,경주기행,2026-08-26,3.9%,"35,696","95,796"
2026-08-29 07:21:07,4,암살자(들),2026-09-23,3.0%,"26,759",0
2026-08-29 07:21:07,5,오크 스트리트의 마지막 날,2026-08-26,2.4%,"21,757","59,803"
2026-08-29 07:21:07,6,비광,2026-09-02,2.1%,"18,737","1,795"
2026-08-29 07:21:07,7,사랑의 하츄핑: 고래보석의 전설,2026-08-05,1.5%,"13,802","800,658"
2026-08-29 07:21:07,8,인턴,2026-09-16,1.2%,"10,674",0
2026-08-29 07:21:07,9,명탐정 코난: 하이웨이의 타천사,2026-08-12,0.8%,"6,940","386,852"
2026-08-29 07:21:07,10,싱 어게인,2026-09-02,0.7%,"6,563","1,389"
2026-08-29 07:21:07,11,인시디어스: 그들이 넘어왔다,2026-08-20,0.7%,"6,137","132,413"
2026-08-29 07:21:07,12,고스트밴드,2026-08-26,0.6%,"5,268","6,803"
2026-08-29 07:21:07,13,극장판 귀멸의 칼날: 무한성편,재개봉일 : 2026-08-26 2025-08-22,0.6%,"5,208","5,819,197"
2026-08-29 07:21:07,14,오케이 마담2,2026-08-12,0.5%,"4,190","326,842"
2026-08-29 07:21:07,15,마루 밑 아리에티,재개봉일 : 2026-08-19 2010-09-09,0.4%,"3,469","1,091,072"
2026-08-29 07:21:07,16,인 더 그레이,2026-09-02,0.4%,"3,415",156
2026-08-29 07:21:07,17,극장판 기븐 – 바다로,2026-08-26,0.3%,"3,049","2,786"
2026-08-29 07:21:07,18,터치드 콘서트 [하이라이트 포] : 더 무비,2026-08-26,0.3%,"2,934","1,314"
2026-08-29 07:21:07,19,퍼피 구조대: 더 다이노 무비,2026-08-13,0.3%,"2,698","98,452"
2026-08-29 07:21:07,20,어떻게 해야 했을까?,2026-07-29,0.3%,"2,518","89,820"
2026-08-29 07:21:07,21,옵세션,2026-09-02,0.2%,"2,210",782
2026-08-29 07:21:07,22,도그 스타: 마지막 희망,2026-08-26,0.2%,"2,182","7,067"
2026-08-29 07:21:07,23,포가튼 아일랜드,2026-09-23,0.2%,"2,006",0
2026-08-29 07:21:07,24,드라큘라: 러브 테일,2026-08-26,0.2%,"1,990","8,527"
2026-08-29 07:21:07,25,핵소 고지,재개봉일 : 2026-09-02 2017-02-22,0.2%,"1,979","178,780"
2026-08-29 08:21:08,1,오디세이,2026-08-05,66.6%,"584,206","8,017,492"
2026-08-29 08:21:08,2,스파이더맨: 브랜드 뉴 데이,2026-07-29,9.0%,"78,789","8,344,410"
2026-08-29 08:21:08,3,경주기행,2026-08-26,3.9%,"34,301","95,796"
2026-08-29 08:21:08,4,암살자(들),2026-09-23,3.1%,"26,895",0
2026-08-29 08:21:08,5,오크 스트리트의 마지막 날,2026-08-26,2.4%,"20,714","59,803"
2026-08-29 08:21:08,6,비광,2026-09-02,2.1%,"18,737","1,795"
2026-08-29 08:21:08,7,사랑의 하츄핑: 고래보석의 전설,2026-08-05,1.5%,"13,422","800,658"
2026-08-29 08:21:08,8,인턴,2026-09-16,1.2%,"10,736",0
2026-08-29 08:21:08,9,싱 어게인,2026-09-02,0.7%,"6,571","1,389"
2026-08-29 08:21:08,10,명탐정 코난: 하이웨이의 타천사,2026-08-12,0.7%,"6,250","386,852"
2026-08-29 08:21:08,11,인시디어스: 그들이 넘어왔다,2026-08-20,0.7%,"6,155","132,413"
2026-08-29 08:21:08,12,극장판 귀멸의 칼날: 무한성편,재개봉일 : 2026-08-26 2025-08-22,0.6%,"4,986","5,819,197"
2026-08-29 08:21:08,13,고스트밴드,2026-08-26,0.6%,"4,913","6,803"
2026-08-29 08:21:08,14,오케이 마담2,2026-08-12,0.5%,"4,203","326,842"
2026-08-29 08:21:08,15,인 더 그레이,2026-09-02,0.4%,"3,416",156
2026-08-29 08:21:08,16,마루 밑 아리에티,재개봉일 : 2026-08-19 2010-09-09,0.4%,"3,199","1,091,072"
2026-08-29 08:21:08,17,극장판 기븐 – 바다로,2026-08-26,0.3%,"2,978","2,788"
2026-08-29 08:21:08,18,터치드 콘서트 [하이라이트 포] : 더 무비,2026-08-26,0.3%,"2,935","1,314"
2026-08-29 08:21:08,19,어떻게 해야 했을까?,2026-07-29,0.3%,"2,416","89,820"
2026-08-29 08:21:08,20,퍼피 구조대: 더 다이노 무비,2026-08-13,0.3%,"2,354","98,452"
2026-08-29 08:21:08,21,옵세션,2026-09-02,0.3%,"2,211",782
2026-08-29 08:21:08,22,도그 스타: 마지막 희망,2026-08-26,0.2%,"2,082","7,067"
2026-08-29 08:21:08,23,포가튼 아일랜드,2026-09-23,0.2%,"2,006",0
2026-08-29 08:21:08,24,핵소 고지,재개봉일 : 2026-09-02 2017-02-22,0.2%,"1,987","178,780"
2026-08-29 08:21:08,25,드라큘라: 러브 테일,2026-08-26,0.2%,"1,939","8,527"
2026-08-29 09:21:08,1,오디세이,2026-08-05,66.6%,"573,969","8,017,492"
2026-08-29 09:21:08,2,스파이더맨: 브랜드 뉴 데이,2026-07-29,8.9%,"77,024","8,344,410"
2026-08-29 09:21:08,3,경주기행,2026-08-26,3.9%,"33,458","95,796"
2026-08-29 09:21:08,4,암살자(들),2026-09-23,3.2%,"27,167",0
2026-08-29 09:21:08,5,오크 스트리트의 마지막 날,2026-08-26,2.3%,"20,178","59,803"
2026-08-29 09:21:08,6,비광,2026-09-02,2.2%,"18,762","1,795"
2026-08-29 09:21:08,7,사랑의 하츄핑: 고래보석의 전설,2026-08-05,1.5%,"12,911","800,658"
2026-08-29 09:21:08,8,인턴,2026-09-16,1.3%,"10,831",0
2026-08-29 09:21:08,9,싱 어게인,2026-09-02,0.8%,"6,577","1,389"
2026-08-29 09:21:08,10,인시디어스: 그들이 넘어왔다,2026-08-20,0.7%,"6,140","132,413"
2026-08-29 09:21:08,11,명탐정 코난: 하이웨이의 타천사,2026-08-12,0.7%,"5,971","386,852"
2026-08-29 09:21:08,12,고스트밴드,2026-08-26,0.6%,"4,862","6,803"
2026-08-29 09:21:08,13,극장판 귀멸의 칼날: 무한성편,재개봉일 : 2026-08-26 2025-08-22,0.5%,"4,590","5,819,197"
2026-08-29 09:21:08,14,오케이 마담2,2026-08-12,0.5%,"4,123","326,842"
2026-08-29 09:21:08,15,인 더 그레이,2026-09-02,0.4%,"3,428",156
2026-08-29 09:21:08,16,마루 밑 아리에티,재개봉일 : 2026-08-19 2010-09-09,0.4%,"3,107","1,091,072"
2026-08-29 09:21:08,17,터치드 콘서트 [하이라이트 포] : 더 무비,2026-08-26,0.3%,"2,753","1,314"
2026-08-29 09:21:08,18,극장판 기븐 – 바다로,2026-08-26,0.3%,"2,700","2,788"
2026-08-29 09:21:08,19,어떻게 해야 했을까?,2026-07-29,0.3%,"2,386","89,820"
2026-08-29 09:21:08,20,퍼피 구조대: 더 다이노 무비,2026-08-13,0.3%,"2,260","98,452"
2026-08-29 09:21:08,21,옵세션,2026-09-02,0.3%,"2,231",782
2026-08-29 09:21:08,22,도그 스타: 마지막 희망,2026-08-26,0.2%,"2,049","7,067"
2026-08-29 09:21:08,23,포가튼 아일랜드,2026-09-23,0.2%,"2,006",0
2026-08-29 09:21:08,24,핵소 고지,재개봉일 : 2026-09-02 2017-02-22,0.2%,"1,997","178,780"
2026-08-29 09:21:08,25,드라큘라: 러브 테일,2026-08-26,0.2%,"1,927","8,527"
2026-08-29 10:21:08,1,오디세이,2026-08-05,66.8%,"572,554","8,017,492"
2026-08-29 10:21:08,2,스파이더맨: 브랜드 뉴 데이,2026-07-29,8.9%,"76,458","8,344,410"
2026-08-29 10:21:08,3,경주기행,2026-08-26,3.9%,"33,034","95,796"
2026-08-29 10:21:08,4,암살자(들),2026-09-23,3.2%,"27,357",0
2026-08-29 10:21:08,5,오크 스트리트의 마지막 날,2026-08-26,2.3%,"19,825","59,803"
2026-08-29 10:21:08,6,비광,2026-09-02,2.2%,"18,762","1,795"
2026-08-29 10:21:08,7,사랑의 하츄핑: 고래보석의 전설,2026-08-05,1.4%,"12,301","800,658"
2026-08-29 10:21:08,8,인턴,2026-09-16,1.3%,"11,170",0
2026-08-29 10:21:08,9,싱 어게인,2026-09-02,0.8%,"6,591","1,389"
2026-08-29 10:21:08,10,인시디어스: 그들이 넘어왔다,2026-08-20,0.7%,"6,197","132,413"
2026-08-29 10:21:08,11,명탐정 코난: 하이웨이의 타천사,2026-08-12,0.7%,"5,758","386,852"
2026-08-29 10:21:08,12,고스트밴드,2026-08-26,0.6%,"4,751","6,803"
2026-08-29 10:21:08,13,극장판 귀멸의 칼날: 무한성편,재개봉일 : 2026-08-26 2025-08-22,0.5%,"4,197","5,819,197"
2026-08-29 10:21:08,14,오케이 마담2,2026-08-12,0.5%,"3,951","326,842"
2026-08-29 10:21:08,15,인 더 그레이,2026-09-02,0.4%,"3,434",156
2026-08-29 10:21:08,16,마루 밑 아리에티,재개봉일 : 2026-08-19 2010-09-09,0.3%,"2,861","1,091,072"
2026-08-29 10:21:08,17,터치드 콘서트 [하이라이트 포] : 더 무비,2026-08-26,0.3%,"2,662","1,314"
2026-08-29 10:21:08,18,어떻게 해야 했을까?,2026-07-29,0.3%,"2,345","89,820"
2026-08-29 10:21:08,19,극장판 기븐 – 바다로,2026-08-26,0.3%,"2,283","2,788"
2026-08-29 10:21:08,20,옵세션,2026-09-02,0.3%,"2,256",782
2026-08-29 10:21:08,21,퍼피 구조대: 더 다이노 무비,2026-08-13,0.3%,"2,155","98,452"
2026-08-29 10:21:08,22,포가튼 아일랜드,2026-09-23,0.2%,"2,006",0
2026-08-29 10:21:08,23,핵소 고지,재개봉일 : 2026-09-02 2017-02-22,0.2%,"2,001","178,780"
2026-08-29 10:21:08,24,드라큘라: 러브 테일,2026-08-26,0.2%,"1,931","8,527"
2026-08-29 10:21:08,25,도그 스타: 마지막 희망,2026-08-26,0.2%,"1,920","7,067"
2026-08-29 11:21:08,1,오디세이,2026-08-05,66.9%,"561,759","8,017,492"
2026-08-29 11:21:08,2,스파이더맨: 브랜드 뉴 데이,2026-07-29,8.8%,"74,125","8,344,410"
2026-08-29 11:21:08,3,경주기행,2026-08-26,3.9%,"32,389","95,796"
2026-08-29 11:21:08,4,암살자(들),2026-09-23,3.3%,"27,609",0
2026-08-29 11:21:08,5,오크 스트리트의 마지막 날,2026-08-26,2.3%,"19,416","59,803"
2026-08-29 11:21:08,6,비광,2026-09-02,2.2%,"18,797","1,795"
2026-08-29 11:21:08,7,인턴,2026-09-16,1.3%,"11,238",0
2026-08-29 11:21:08,8,사랑의 하츄핑: 고래보석의 전설,2026-08-05,1.3%,"10,799","800,658"
2026-08-29 11:21:08,9,싱 어게인,2026-09-02,0.8%,"6,624","1,389"
2026-08-29 11:21:08,10,인시디어스: 그들이 넘어왔다,2026-08-20,0.8%,"6,315","132,413"
2026-08-29 11:21:08,11,명탐정 코난: 하이웨이의 타천사,2026-08-12,0.7%,"5,547","386,852"
2026-08-29 11:21:08,12,고스트밴드,2026-08-26,0.5%,"4,577","6,803"
2026-08-29 11:21:08,13,극장판 귀멸의 칼날: 무한성편,재개봉일 : 2026-08-26 2025-08-22,0.5%,"3,854","5,819,197"
2026-08-29 11:21:08,14,오케이 마담2,2026-08-12,0.5%,"3,845","326,842"
2026-08-29 11:21:08,15,인 더 그레이,2026-09-02,0.4%,"3,448",156
2026-08-29 11:21:08,16,마루 밑 아리에티,재개봉일 : 2026-08-19 2010-09-09,0.3%,"2,811","1,091,072"
2026-08-29 11:21:08,17,터치드 콘서트 [하이라이트 포] : 더 무비,2026-08-26,0.3%,"2,637","1,314"
2026-08-29 11:21:08,18,옵세션,2026-09-02,0.3%,"2,310",782
2026-08-29 11:21:08,19,어떻게 해야 했을까?,2026-07-29,0.3%,"2,224","89,820"
2026-08-29 11:21:08,20,극장판 기븐 – 바다로,2026-08-26,0.3%,"2,127","2,788"
2026-08-29 11:21:08,21,핵소 고지,재개봉일 : 2026-09-02 2017-02-22,0.2%,"2,017","178,780"
2026-08-29 11:21:08,22,포가튼 아일랜드,2026-09-23,0.2%,"2,006",0
2026-08-29 11:21:08,23,드라큘라: 러브 테일,2026-08-26,0.2%,"1,918","8,527"
2026-08-29 11:21:08,24,도그 스타: 마지막 희망,2026-08-26,0.2%,"1,887","7,067"
2026-08-29 11:21:08,25,호프,2026-07-15,0.2%,"1,737","4,530,400"
2026-08-29 12:21:08,1,오디세이,2026-08-05,67.1%,"548,076","8,017,492"
2026-08-29 12:21:08,2,스파이더맨: 브랜드 뉴 데이,2026-07-29,8.7%,"70,876","8,344,410"
2026-08-29 12:21:08,3,경주기행,2026-08-26,3.8%,"31,414","95,796"
2026-08-29 12:21:08,4,암살자(들),2026-09-23,3.4%,"27,880",0
2026-08-29 12:21:08,5,비광,2026-09-02,2.3%,"18,836","1,795"
2026-08-29 12:21:08,6,오크 스트리트의 마지막 날,2026-08-26,2.3%,"18,621","59,803"
2026-08-29 12:21:08,7,인턴,2026-09-16,1.4%,"11,364",0
2026-08-29 12:21:08,8,사랑의 하츄핑: 고래보석의 전설,2026-08-05,1.1%,"9,116","800,658"
2026-08-29 12:21:08,9,싱 어게인,2026-09-02,0.8%,"6,636","1,389"
2026-08-29 12:21:08,10,인시디어스: 그들이 넘어왔다,2026-08-20,0.8%,"6,399","132,413"
2026-08-29 12:21:08,11,명탐정 코난: 하이웨이의 타천사,2026-08-12,0.6%,"5,278","386,852"
2026-08-29 12:21:08,12,고스트밴드,2026-08-26,0.5%,"3,891","6,803"
2026-08-29 12:21:08,13,오케이 마담2,2026-08-12,0.5%,"3,806","326,842"
2026-08-29 12:21:08,14,인 더 그레이,2026-09-02,0.4%,"3,453",156
2026-08-29 12:21:08,15,극장판 귀멸의 칼날: 무한성편,재개봉일 : 2026-08-26 2025-08-22,0.4%,"3,389","5,819,197"
2026-08-29 12:21:08,16,마루 밑 아리에티,재개봉일 : 2026-08-19 2010-09-09,0.3%,"2,824","1,091,072"
2026-08-29 12:21:08,17,옵세션,2026-09-02,0.3%,"2,363",782
2026-08-29 12:21:08,18,극장판 기븐 – 바다로,2026-08-26,0.3%,"2,147","2,788"
2026-08-29 12:21:08,19,어떻게 해야 했을까?,2026-07-29,0.3%,"2,064","89,820"
2026-08-29 12:21:08,20,터치드 콘서트 [하이라이트 포] : 더 무비,2026-08-26,0.2%,"2,030","1,314"
2026-08-29 12:21:08,21,포가튼 아일랜드,2026-09-23,0.2%,"2,006",0
2026-08-29 12:21:08,22,핵소 고지,재개봉일 : 2026-09-02 2017-02-22,0.2%,"1,926","178,780"
2026-08-29 12:21:08,23,드라큘라: 러브 테일,2026-08-26,0.2%,"1,879","8,527"
2026-08-29 12:21:08,24,도그 스타: 마지막 희망,2026-08-26,0.2%,"1,801","7,067"
2026-08-29 12:21:08,25,호프,2026-07-15,0.2%,"1,703","4,530,400"
2026-08-29 13:21:08,1,오디세이,2026-08-05,67.3%,"533,248","8,017,492"
2026-08-29 13:21:08,2,스파이더맨: 브랜드 뉴 데이,2026-07-29,8.6%,"68,095","8,344,410"
2026-08-29 13:21:08,3,경주기행,2026-08-26,3.7%,"29,123","95,796"
2026-08-29 13:21:08,4,암살자(들),2026-09-23,3.5%,"28,094",0
2026-08-29 13:21:08,5,비광,2026-09-02,2.4%,"18,871","1,795"
2026-08-29 13:21:08,6,오크 스트리트의 마지막 날,2026-08-26,2.2%,"17,696","59,803"
2026-08-29 13:21:08,7,인턴,2026-09-16,1.4%,"11,446",0
2026-08-29 13:21:08,8,사랑의 하츄핑: 고래보석의 전설,2026-08-05,0.9%,"7,154","800,658"
2026-08-29 13:21:08,9,싱 어게인,2026-09-02,0.8%,"6,648","1,389"
2026-08-29 13:21:08,10,인시디어스: 그들이 넘어왔다,2026-08-20,0.8%,"6,386","132,413"
2026-08-29 13:21:08,11,명탐정 코난: 하이웨이의 타천사,2026-08-12,0.7%,"5,233","386,852"
2026-08-29 13:21:08,12,오케이 마담2,2026-08-12,0.5%,"3,809","326,841"
2026-08-29 13:21:08,13,인 더 그레이,2026-09-02,0.4%,"3,467",156
2026-08-29 13:21:08,14,고스트밴드,2026-08-26,0.4%,"3,346","6,803"
2026-08-29 13:21:08,15,극장판 귀멸의 칼날: 무한성편,재개봉일 : 2026-08-26 2025-08-22,0.4%,"2,913","5,819,197"
2026-08-29 13:21:08,16,마루 밑 아리에티,재개봉일 : 2026-08-19 2010-09-09,0.3%,"2,678","1,091,072"
2026-08-29 13:21:08,17,옵세션,2026-09-02,0.3%,"2,391",782
2026-08-29 13:21:08,18,극장판 기븐 – 바다로,2026-08-26,0.3%,"2,175","2,788"
2026-08-29 13:21:08,19,포가튼 아일랜드,2026-09-23,0.3%,"2,006",0
2026-08-29 13:21:08,20,터치드 콘서트 [하이라이트 포] : 더 무비,2026-08-26,0.3%,"2,005","1,314"
2026-08-29 13:21:08,21,어떻게 해야 했을까?,2026-07-29,0.2%,"1,965","89,820"
2026-08-29 13:21:08,22,핵소 고지,재개봉일 : 2026-09-02 2017-02-22,0.2%,"1,853","178,780"
2026-08-29 13:21:08,23,드라큘라: 러브 테일,2026-08-26,0.2%,"1,811","8,527"
2026-08-29 13:21:08,24,도그 스타: 마지막 희망,2026-08-26,0.2%,"1,779","7,067"
2026-08-29 13:21:08,25,호프,2026-07-15,0.2%,"1,765","4,530,400"
2026-08-29 14:21:08,1,오디세이,2026-08-05,67.3%,"518,478","8,017,492"
2026-08-29 14:21:08,2,스파이더맨: 브랜드 뉴 데이,2026-07-29,8.4%,"64,521","8,344,410"
2026-08-29 14:21:08,3,암살자(들),2026-09-23,3.7%,"28,321",0
2026-08-29 14:21:08,4,경주기행,2026-08-26,3.6%,"27,832","95,796"
2026-08-29 14:21:08,5,비광,2026-09-02,2.5%,"18,889","1,795"
2026-08-29 14:21:08,6,오크 스트리트의 마지막 날,2026-08-26,2.3%,"17,396","59,803"
2026-08-29 14:21:08,7,인턴,2026-09-16,1.5%,"11,530",0
2026-08-29 14:21:08,8,싱 어게인,2026-09-02,0.9%,"6,669","1,389"
2026-08-29 14:21:08,9,인시디어스: 그들이 넘어왔다,2026-08-20,0.8%,"6,440","132,413"
2026-08-29 14:21:08,10,사랑의 하츄핑: 고래보석의 전설,2026-08-05,0.8%,"6,317","800,658"
2026-08-29 14:21:08,11,명탐정 코난: 하이웨이의 타천사,2026-08-12,0.6%,"4,955","386,852"
2026-08-29 14:21:08,12,오케이 마담2,2026-08-12,0.5%,"3,698","326,841"
2026-08-29 14:21:08,13,인 더 그레이,2026-09-02,0.5%,"3,469",156
2026-08-29 14:21:08,14,고스트밴드,2026-08-26,0.4%,"3,034","6,803"
2026-08-29 14:21:08,15,극장판 귀멸의 칼날: 무한성편,재개봉일 : 2026-08-26 2025-08-22,0.4%,"2,732","5,819,197"
2026-08-29 14:21:08,16,마루 밑 아리에티,재개봉일 : 2026-08-19 2010-09-09,0.4%,"2,705","1,091,072"
2026-08-29 14:21:08,17,옵세션,2026-09-02,0.3%,"2,460",782
2026-08-29 14:21:08,18,극장판 기븐 – 바다로,2026-08-26,0.3%,"2,046","2,788"
2026-08-29 14:21:08,19,포가튼 아일랜드,2026-09-23,0.3%,"2,006",0
2026-08-29 14:21:08,20,어떻게 해야 했을까?,2026-07-29,0.2%,"1,896","89,820"
2026-08-29 14:21:08,21,핵소 고지,재개봉일 : 2026-09-02 2017-02-22,0.2%,"1,855","178,780"
2026-08-29 14:21:08,22,터치드 콘서트 [하이라이트 포] : 더 무비,2026-08-26,0.2%,"1,799","1,314"
2026-08-29 14:21:08,23,호프,2026-07-15,0.2%,"1,775","4,530,400"
2026-08-29 14:21:08,24,도그 스타: 마지막 희망,2026-08-26,0.2%,"1,755","7,067"
2026-08-29 14:21:08,25,드라큘라: 러브 테일,2026-08-26,0.2%,"1,712","8,527"
2026-08-29 15:21:08,1,오디세이,2026-08-05,67.3%,"505,829","8,017,490"
2026-08-29 15:21:08,2,스파이더맨: 브랜드 뉴 데이,2026-07-29,8.3%,"62,295","8,344,410"
2026-08-29 15:21:08,3,암살자(들),2026-09-23,3.8%,"28,460",0
2026-08-29 15:21:08,4,경주기행,2026-08-26,3.5%,"26,254","95,796"
2026-08-29 15:21:08,5,비광,2026-09-02,2.5%,"18,911","1,795"
2026-08-29 15:21:08,6,오크 스트리트의 마지막 날,2026-08-26,2.2%,"16,497","59,803"
2026-08-29 15:21:08,7,인턴,2026-09-16,1.5%,"11,626",0
2026-08-29 15:21:08,8,싱 어게인,2026-09-02,0.9%,"6,688","1,389"
2026-08-29 15:21:08,9,사랑의 하츄핑: 고래보석의 전설,2026-08-05,0.8%,"6,249","800,658"
2026-08-29 15:21:08,10,인시디어스: 그들이 넘어왔다,2026-08-20,0.8%,"6,248","132,413"
2026-08-29 15:21:08,11,명탐정 코난: 하이웨이의 타천사,2026-08-12,0.6%,"4,668","386,852"
2026-08-29 15:21:08,12,오케이 마담2,2026-08-12,0.5%,"3,713","326,841"
2026-08-29 15:21:08,13,인 더 그레이,2026-09-02,0.5%,"3,475",156
2026-08-29 15:21:08,14,고스트밴드,2026-08-26,0.4%,"3,017","6,803"
2026-08-29 15:21:08,15,극장판 귀멸의 칼날: 무한성편,재개봉일 : 2026-08-26 2025-08-22,0.4%,"2,679","5,819,197"
2026-08-29 15:21:08,16,옵세션,2026-09-02,0.3%,"2,516",782
2026-08-29 15:21:08,17,마루 밑 아리에티,재개봉일 : 2026-08-19 2010-09-09,0.3%,"2,498","1,091,072"
2026-08-29 15:21:08,18,극장판 기븐 – 바다로,2026-08-26,0.3%,"2,059","2,788"
2026-08-29 15:21:08,19,포가튼 아일랜드,2026-09-23,0.3%,"2,006",0
2026-08-29 15:21:08,20,핵소 고지,재개봉일 : 2026-09-02 2017-02-22,0.2%,"1,863","178,780"
2026-08-29 15:21:08,21,어떻게 해야 했을까?,2026-07-29,0.2%,"1,779","89,820"
2026-08-29 15:21:08,22,도그 스타: 마지막 희망,2026-08-26,0.2%,"1,761","7,067"
2026-08-29 15:21:08,23,드라큘라: 러브 테일,2026-08-26,0.2%,"1,685","8,527"
2026-08-29 15:21:08,24,호프,2026-07-15,0.2%,"1,590","4,530,400"
2026-08-29 15:21:08,25,터치드 콘서트 [하이라이트 포] : 더 무비,2026-08-26,0.2%,"1,583","1,314"
2026-08-29 16:21:08,1,오디세이,2026-08-05,67.2%,"496,362","8,017,490"
2026-08-29 16:21:08,2,스파이더맨: 브랜드 뉴 데이,2026-07-29,8.2%,"60,709","8,344,409"
2026-08-29 16:21:08,3,암살자(들),2026-09-23,3.9%,"28,682",0
2026-08-29 16:21:08,4,경주기행,2026-08-26,3.5%,"25,544","95,796"
2026-08-29 16:21:08,5,비광,2026-09-02,2.6%,"18,935","1,795"
2026-08-29 16:21:08,6,오크 스트리트의 마지막 날,2026-08-26,2.1%,"15,241","59,803"
2026-08-29 16:21:08,7,인턴,2026-09-16,1.6%,"11,706",0
2026-08-29 16:21:08,8,싱 어게인,2026-09-02,0.9%,"6,723","1,389"
2026-08-29 16:21:08,9,사랑의 하츄핑: 고래보석의 전설,2026-08-05,0.9%,"6,451","800,658"
2026-08-29 16:21:08,10,인시디어스: 그들이 넘어왔다,2026-08-20,0.8%,"6,220","132,413"
2026-08-29 16:21:08,11,명탐정 코난: 하이웨이의 타천사,2026-08-12,0.6%,"4,123","386,852"
2026-08-29 16:21:08,12,오케이 마담2,2026-08-12,0.5%,"3,721","326,841"
2026-08-29 16:21:08,13,인 더 그레이,2026-09-02,0.5%,"3,480",156
2026-08-29 16:21:08,14,고스트밴드,2026-08-26,0.4%,"3,029","6,803"
2026-08-29 16:21:08,15,극장판 귀멸의 칼날: 무한성편,재개봉일 : 2026-08-26 2025-08-22,0.4%,"2,641","5,819,197"
2026-08-29 16:21:08,16,옵세션,2026-09-02,0.3%,"2,575",782
2026-08-29 16:21:08,17,마루 밑 아리에티,재개봉일 : 2026-08-19 2010-09-09,0.3%,"2,571","1,091,072"
2026-08-29 16:21:08,18,극장판 기븐 – 바다로,2026-08-26,0.3%,"2,028","2,788"
2026-08-29 16:21:08,19,포가튼 아일랜드,2026-09-23,0.3%,"2,006",0
2026-08-29 16:21:08,20,핵소 고지,재개봉일 : 2026-09-02 2017-02-22,0.3%,"1,871","178,780"
2026-08-29 16:21:08,21,어떻게 해야 했을까?,2026-07-29,0.2%,"1,751","89,820"
2026-08-29 16:21:08,22,도그 스타: 마지막 희망,2026-08-26,0.2%,"1,743","7,067"
2026-08-29 16:21:08,23,드라큘라: 러브 테일,2026-08-26,0.2%,"1,630","8,527"
2026-08-29 16:21:08,24,터치드 콘서트 [하이라이트 포] : 더 무비,2026-08-26,0.2%,"1,568","1,314"
2026-08-29 16:21:08,25,호프,2026-07-15,0.2%,"1,465","4,530,400"
2026-08-29 17:21:08,1,오디세이,2026-08-05,67.3%,"482,377","8,017,490"
2026-08-29 17:21:08,2,스파이더맨: 브랜드 뉴 데이,2026-07-29,8.0%,"57,281","8,344,409"
2026-08-29 17:21:08,3,암살자(들),2026-09-23,4.0%,"28,937",0
2026-08-29 17:21:08,4,경주기행,2026-08-26,3.4%,"24,277","95,796"
2026-08-29 17:21:08,5,비광,2026-09-02,2.6%,"18,959","1,795"
2026-08-29 17:21:08,6,오크 스트리트의 마지막 날,2026-08-26,1.9%,"13,935","59,803"
2026-08-29 17:21:08,7,인턴,2026-09-16,1.6%,"11,799",0
2026-08-29 17:21:08,8,싱 어게인,2026-09-02,0.9%,"6,753","1,389"
2026-08-29 17:21:08,9,사랑의 하츄핑: 고래보석의 전설,2026-08-05,0.9%,"6,734","800,658"
2026-08-29 17:21:08,10,인시디어스: 그들이 넘어왔다,2026-08-20,0.8%,"5,929","132,413"
2026-08-29 17:21:08,11,명탐정 코난: 하이웨이의 타천사,2026-08-12,0.6%,"3,994","386,852"
2026-08-29 17:21:08,12,오케이 마담2,2026-08-12,0.5%,"3,637","326,841"
2026-08-29 17:21:08,13,인 더 그레이,2026-09-02,0.5%,"3,487",156
2026-08-29 17:21:08,14,고스트밴드,2026-08-26,0.4%,"3,050","6,803"
2026-08-29 17:21:08,15,옵세션,2026-09-02,0.4%,"2,644",782
2026-08-29 17:21:08,16,극장판 귀멸의 칼날: 무한성편,재개봉일 : 2026-08-26 2025-08-22,0.4%,"2,524","5,819,197"
2026-08-29 17:21:08,17,마루 밑 아리에티,재개봉일 : 2026-08-19 2010-09-09,0.3%,"2,383","1,091,072"
2026-08-29 17:21:08,18,포가튼 아일랜드,2026-09-23,0.3%,"2,006",0
2026-08-29 17:21:08,19,극장판 기븐 – 바다로,2026-08-26,0.3%,"1,989","2,788"
2026-08-29 17:21:08,20,핵소 고지,재개봉일 : 2026-09-02 2017-02-22,0.3%,"1,884","178,780"
2026-08-29 17:21:08,21,도그 스타: 마지막 희망,2026-08-26,0.2%,"1,715","7,067"
2026-08-29 17:21:08,22,어떻게 해야 했을까?,2026-07-29,0.2%,"1,672","89,820"
2026-08-29 17:21:08,23,드라큘라: 러브 테일,2026-08-26,0.2%,"1,599","8,527"
2026-08-29 17:21:08,24,터치드 콘서트 [하이라이트 포] : 더 무비,2026-08-26,0.2%,"1,397","1,314"
2026-08-29 17:21:08,25,호프,2026-07-15,0.2%,"1,389","4,530,400"
2026-08-29 18:21:08,1,오디세이,2026-08-05,67.1%,"468,644","8,017,490"
2026-08-29 18:21:08,2,스파이더맨: 브랜드 뉴 데이,2026-07-29,7.8%,"54,455","8,344,409"
2026-08-29 18:21:08,3,암살자(들),2026-09-23,4.2%,"29,067",0
2026-08-29 18:21:08,4,경주기행,2026-08-26,3.3%,"22,958","95,796"
2026-08-29 18:21:08,5,비광,2026-09-02,2.7%,"18,993","1,795"
2026-08-29 18:21:08,6,오크 스트리트의 마지막 날,2026-08-26,1.9%,"12,995","59,803"
2026-08-29 18:21:08,7,인턴,2026-09-16,1.7%,"11,870",0
2026-08-29 18:21:08,8,사랑의 하츄핑: 고래보석의 전설,2026-08-05,1.0%,"7,078","800,658"
2026-08-29 18:21:08,9,싱 어게인,2026-09-02,1.0%,"6,771","1,389"
2026-08-29 18:21:08,10,인시디어스: 그들이 넘어왔다,2026-08-20,0.8%,"5,697","132,413"
2026-08-29 18:21:08,11,명탐정 코난: 하이웨이의 타천사,2026-08-12,0.6%,"3,902","386,852"
2026-08-29 18:21:08,12,오케이 마담2,2026-08-12,0.5%,"3,532","326,841"
2026-08-29 18:21:08,13,인 더 그레이,2026-09-02,0.5%,"3,495",156
2026-08-29 18:21:08,14,고스트밴드,2026-08-26,0.4%,"3,058","6,803"
2026-08-29 18:21:08,15,옵세션,2026-09-02,0.4%,"2,723",782
2026-08-29 18:21:08,16,극장판 귀멸의 칼날: 무한성편,재개봉일 : 2026-08-26 2025-08-22,0.4%,"2,555","5,819,197"
2026-08-29 18:21:08,17,마루 밑 아리에티,재개봉일 : 2026-08-19 2010-09-09,0.3%,"2,408","1,091,072"
2026-08-29 18:21:08,18,포가튼 아일랜드,2026-09-23,0.3%,"2,006",0
2026-08-29 18:21:08,19,극장판 기븐 – 바다로,2026-08-26,0.3%,"1,977","2,788"
2026-08-29 18:21:08,20,핵소 고지,재개봉일 : 2026-09-02 2017-02-22,0.3%,"1,975","178,780"
2026-08-29 18:21:08,21,도그 스타: 마지막 희망,2026-08-26,0.2%,"1,665","7,067"
2026-08-29 18:21:08,22,어떻게 해야 했을까?,2026-07-29,0.2%,"1,662","89,820"
2026-08-29 18:21:08,23,드라큘라: 러브 테일,2026-08-26,0.2%,"1,473","8,527"
2026-08-29 18:21:08,24,호프,2026-07-15,0.2%,"1,391","4,530,400"
2026-08-29 18:21:08,25,터치드 콘서트 [하이라이트 포] : 더 무비,2026-08-26,0.2%,"1,379","1,314"
2026-08-29 19:21:08,1,오디세이,2026-08-05,66.8%,"456,420","8,017,490"
2026-08-29 19:21:08,2,스파이더맨: 브랜드 뉴 데이,2026-07-29,7.7%,"52,306","8,344,409"
2026-08-29 19:21:08,3,암살자(들),2026-09-23,4.3%,"29,241",0
2026-08-29 19:21:08,4,경주기행,2026-08-26,3.3%,"22,485","95,796"
2026-08-29 19:21:08,5,비광,2026-09-02,2.8%,"19,024","1,795"
2026-08-29 19:21:08,6,오크 스트리트의 마지막 날,2026-08-26,1.8%,"12,429","59,803"
2026-08-29 19:21:08,7,인턴,2026-09-16,1.7%,"11,942",0
2026-08-29 19:21:08,8,사랑의 하츄핑: 고래보석의 전설,2026-08-05,1.1%,"7,497","800,658"
2026-08-29 19:21:08,9,싱 어게인,2026-09-02,1.0%,"6,798","1,389"
2026-08-29 19:21:08,10,인시디어스: 그들이 넘어왔다,2026-08-20,0.7%,"5,094","132,413"
2026-08-29 19:21:08,11,명탐정 코난: 하이웨이의 타천사,2026-08-12,0.6%,"4,007","386,852"
2026-08-29 19:21:08,12,오케이 마담2,2026-08-12,0.5%,"3,567","326,841"
2026-08-29 19:21:08,13,인 더 그레이,2026-09-02,0.5%,"3,499",156
2026-08-29 19:21:08,14,고스트밴드,2026-08-26,0.5%,"3,110","6,803"
2026-08-29 19:21:08,15,옵세션,2026-09-02,0.4%,"2,777",782
2026-08-29 19:21:08,16,극장판 귀멸의 칼날: 무한성편,재개봉일 : 2026-08-26 2025-08-22,0.4%,"2,526","5,819,197"
2026-08-29 19:21:08,17,마루 밑 아리에티,재개봉일 : 2026-08-19 2010-09-09,0.3%,"2,370","1,091,072"
2026-08-29 19:21:08,18,포가튼 아일랜드,2026-09-23,0.3%,"2,006",0
2026-08-29 19:21:08,19,핵소 고지,재개봉일 : 2026-09-02 2017-02-22,0.3%,"1,984","178,780"
2026-08-29 19:21:08,20,극장판 기븐 – 바다로,2026-08-26,0.3%,"1,981","2,788"
2026-08-29 19:21:08,21,도그 스타: 마지막 희망,2026-08-26,0.2%,"1,696","7,067"
2026-08-29 19:21:08,22,어떻게 해야 했을까?,2026-07-29,0.2%,"1,562","89,820"
2026-08-29 19:21:08,23,터치드 콘서트 [하이라이트 포] : 더 무비,2026-08-26,0.2%,"1,384","1,314"
2026-08-29 19:21:08,24,드라큘라: 러브 테일,2026-08-26,0.2%,"1,327","8,527"
2026-08-29 19:21:08,25,호프,2026-07-15,0.2%,"1,268","4,530,400"
2026-08-29 20:21:08,1,오디세이,2026-08-05,66.8%,"453,127","8,017,490"
2026-08-29 20:21:08,2,스파이더맨: 브랜드 뉴 데이,2026-07-29,7.5%,"50,961","8,344,409"
2026-08-29 20:21:08,3,암살자(들),2026-09-23,4.3%,"29,463",0
2026-08-29 20:21:08,4,경주기행,2026-08-26,3.3%,"22,110","95,796"
2026-08-29 20:21:08,5,비광,2026-09-02,2.8%,"19,064","1,795"
2026-08-29 20:21:08,6,오크 스트리트의 마지막 날,2026-08-26,1.8%,"12,173","59,803"
2026-08-29 20:21:08,7,인턴,2026-09-16,1.8%,"12,044",0
2026-08-29 20:21:08,8,사랑의 하츄핑: 고래보석의 전설,2026-08-05,1.2%,"7,951","800,658"
2026-08-29 20:21:08,9,싱 어게인,2026-09-02,1.0%,"6,819","1,389"
2026-08-29 20:21:08,10,인시디어스: 그들이 넘어왔다,2026-08-20,0.7%,"4,560","132,413"
2026-08-29 20:21:08,11,명탐정 코난: 하이웨이의 타천사,2026-08-12,0.6%,"4,067","386,852"
2026-08-29 20:21:08,12,오케이 마담2,2026-08-12,0.5%,"3,631","326,841"
2026-08-29 20:21:08,13,인 더 그레이,2026-09-02,0.5%,"3,506",156
2026-08-29 20:21:08,14,고스트밴드,2026-08-26,0.5%,"3,166","6,803"
2026-08-29 20:21:08,15,옵세션,2026-09-02,0.4%,"2,837",782
2026-08-29 20:21:08,16,극장판 귀멸의 칼날: 무한성편,재개봉일 : 2026-08-26 2025-08-22,0.4%,"2,585","5,819,197"
2026-08-29 20:21:08,17,마루 밑 아리에티,재개봉일 : 2026-08-19 2010-09-09,0.4%,"2,393","1,091,072"
2026-08-29 20:21:08,18,포가튼 아일랜드,2026-09-23,0.3%,"2,006",0
2026-08-29 20:21:08,19,핵소 고지,재개봉일 : 2026-09-02 2017-02-22,0.3%,"2,005","178,780"
2026-08-29 20:21:08,20,극장판 기븐 – 바다로,2026-08-26,0.3%,"1,999","2,788"
2026-08-29 20:21:08,21,어떻게 해야 했을까?,2026-07-29,0.2%,"1,562","89,820"
2026-08-29 20:21:08,22,도그 스타: 마지막 희망,2026-08-26,0.2%,"1,510","7,067"
2026-08-29 20:21:08,23,퍼피 구조대: 더 다이노 무비,2026-08-13,0.2%,"1,375","98,452"
2026-08-29 20:21:08,24,터치드 콘서트 [하이라이트 포] : 더 무비,2026-08-26,0.2%,"1,372","1,314"
2026-08-29 20:21:08,25,드라큘라: 러브 테일,2026-08-26,0.2%,"1,311","8,527"
2026-08-29 21:21:08,1,오디세이,2026-08-05,66.7%,"454,691","8,017,490"
2026-08-29 21:21:08,2,스파이더맨: 브랜드 뉴 데이,2026-07-29,7.5%,"51,013","8,344,409"
2026-08-29 21:21:08,3,암살자(들),2026-09-23,4.3%,"29,623",0
2026-08-29 21:21:08,4,경주기행,2026-08-26,3.3%,"22,605","95,796"
2026-08-29 21:21:08,5,비광,2026-09-02,2.8%,"19,108","1,795"
2026-08-29 21:21:08,6,오크 스트리트의 마지막 날,2026-08-26,1.8%,"12,339","59,803"
2026-08-29 21:21:08,7,인턴,2026-09-16,1.8%,"12,124",0
2026-08-29 21:21:08,8,사랑의 하츄핑: 고래보석의 전설,2026-08-05,1.3%,"8,526","800,658"
2026-08-29 21:21:08,9,싱 어게인,2026-09-02,1.0%,"6,841","1,389"
2026-08-29 21:21:08,10,명탐정 코난: 하이웨이의 타천사,2026-08-12,0.6%,"4,240","386,852"
2026-08-29 21:21:08,11,인시디어스: 그들이 넘어왔다,2026-08-20,0.6%,"4,090","132,413"
2026-08-29 21:21:08,12,오케이 마담2,2026-08-12,0.5%,"3,732","326,841"
2026-08-29 21:21:08,13,인 더 그레이,2026-09-02,0.5%,"3,513",156
2026-08-29 21:21:08,14,고스트밴드,2026-08-26,0.5%,"3,229","6,803"
2026-08-29 21:21:08,15,옵세션,2026-09-02,0.4%,"2,917",782
2026-08-29 21:21:08,16,극장판 귀멸의 칼날: 무한성편,재개봉일 : 2026-08-26 2025-08-22,0.4%,"2,627","5,819,197"
2026-08-29 21:21:08,17,마루 밑 아리에티,재개봉일 : 2026-08-19 2010-09-09,0.4%,"2,529","1,091,072"
2026-08-29 21:21:08,18,극장판 기븐 – 바다로,2026-08-26,0.3%,"2,024","2,788"
2026-08-29 21:21:08,19,핵소 고지,재개봉일 : 2026-09-02 2017-02-22,0.3%,"2,012","178,780"
2026-08-29 21:21:08,20,포가튼 아일랜드,2026-09-23,0.3%,"2,006",0
2026-08-29 21:21:08,21,어떻게 해야 했을까?,2026-07-29,0.2%,"1,584","89,820"
2026-08-29 21:21:08,22,도그 스타: 마지막 희망,2026-08-26,0.2%,"1,510","7,067"
2026-08-29 21:21:08,23,퍼피 구조대: 더 다이노 무비,2026-08-13,0.2%,"1,509","98,452"
2026-08-29 21:21:08,24,터치드 콘서트 [하이라이트 포] : 더 무비,2026-08-26,0.2%,"1,352","1,314"
2026-08-29 21:21:08,25,드라큘라: 러브 테일,2026-08-26,0.2%,"1,274","8,527"
2026-08-29 22:21:08,1,오디세이,2026-08-05,66.6%,"462,107","8,017,490"
2026-08-29 22:21:08,2,스파이더맨: 브랜드 뉴 데이,2026-07-29,7.6%,"52,871","8,344,409"
2026-08-29 22:21:08,3,암살자(들),2026-09-23,4.3%,"29,831",0
2026-08-29 22:21:08,4,경주기행,2026-08-26,3.4%,"23,383","95,796"
2026-08-29 22:21:08,5,비광,2026-09-02,2.8%,"19,135","1,795"
2026-08-29 22:21:08,6,오크 스트리트의 마지막 날,2026-08-26,1.8%,"12,667","59,803"
2026-08-29 22:21:08,7,인턴,2026-09-16,1.8%,"12,242",0
2026-08-29 22:21:08,8,사랑의 하츄핑: 고래보석의 전설,2026-08-05,1.3%,"9,118","800,658"
2026-08-29 22:21:08,9,싱 어게인,2026-09-02,1.0%,"6,872","1,389"
2026-08-29 22:21:08,10,명탐정 코난: 하이웨이의 타천사,2026-08-12,0.7%,"4,537","386,852"
2026-08-29 22:21:08,11,오케이 마담2,2026-08-12,0.5%,"3,782","326,841"
2026-08-29 22:21:08,12,인시디어스: 그들이 넘어왔다,2026-08-20,0.5%,"3,628","132,413"
2026-08-29 22:21:08,13,인 더 그레이,2026-09-02,0.5%,"3,518",156
2026-08-29 22:21:08,14,고스트밴드,2026-08-26,0.5%,"3,251","6,803"
2026-08-29 22:21:08,15,옵세션,2026-09-02,0.4%,"2,999",782
2026-08-29 22:21:08,16,극장판 귀멸의 칼날: 무한성편,재개봉일 : 2026-08-26 2025-08-22,0.4%,"2,658","5,819,197"
2026-08-29 22:21:08,17,마루 밑 아리에티,재개봉일 : 2026-08-19 2010-09-09,0.4%,"2,552","1,091,072"
2026-08-29 22:21:08,18,극장판 기븐 – 바다로,2026-08-26,0.3%,"2,049","2,788"
2026-08-29 22:21:08,19,핵소 고지,재개봉일 : 2026-09-02 2017-02-22,0.3%,"2,015","178,780"
2026-08-29 22:21:08,20,포가튼 아일랜드,2026-09-23,0.3%,"2,006",0
2026-08-29 22:21:08,21,퍼피 구조대: 더 다이노 무비,2026-08-13,0.2%,"1,646","98,452"
2026-08-29 22:21:08,22,어떻게 해야 했을까?,2026-07-29,0.2%,"1,611","89,820"
2026-08-29 22:21:08,23,도그 스타: 마지막 희망,2026-08-26,0.2%,"1,495","7,067"
2026-08-29 22:21:08,24,터치드 콘서트 [하이라이트 포] : 더 무비,2026-08-26,0.2%,"1,347","1,314"
2026-08-29 22:21:08,25,호프,2026-07-15,0.2%,"1,296","4,530,400"
2026-08-29 23:21:08,1,오디세이,2026-08-05,66.4%,"468,869","8,017,488"
2026-08-29 23:21:08,2,스파이더맨: 브랜드 뉴 데이,2026-07-29,7.8%,"55,424","8,344,409"
2026-08-29 23:21:08,3,암살자(들),2026-09-23,4.2%,"30,000",0
2026-08-29 23:21:08,4,경주기행,2026-08-26,3.4%,"24,313","95,796"
2026-08-29 23:21:08,5,비광,2026-09-02,2.7%,"19,151","1,795"
2026-08-29 23:21:08,6,오크 스트리트의 마지막 날,2026-08-26,1.9%,"13,116","59,803"
2026-08-29 23:21:08,7,인턴,2026-09-16,1.7%,"12,331",0
2026-08-29 23:21:08,8,사랑의 하츄핑: 고래보석의 전설,2026-08-05,1.4%,"9,622","800,658"
2026-08-29 23:21:08,9,싱 어게인,2026-09-02,1.0%,"6,894","1,389"
2026-08-29 23:21:08,10,명탐정 코난: 하이웨이의 타천사,2026-08-12,0.7%,"4,835","386,852"
2026-08-29 23:21:08,11,오케이 마담2,2026-08-12,0.5%,"3,789","326,841"
2026-08-29 23:21:08,12,인시디어스: 그들이 넘어왔다,2026-08-20,0.5%,"3,694","132,413"
2026-08-29 23:21:08,13,인 더 그레이,2026-09-02,0.5%,"3,526",156
2026-08-29 23:21:08,14,고스트밴드,2026-08-26,0.5%,"3,283","6,803"
2026-08-29 23:21:08,15,옵세션,2026-09-02,0.4%,"3,104",782
2026-08-29 23:21:08,16,극장판 귀멸의 칼날: 무한성편,재개봉일 : 2026-08-26 2025-08-22,0.4%,"2,711","5,819,197"
2026-08-29 23:21:08,17,마루 밑 아리에티,재개봉일 : 2026-08-19 2010-09-09,0.4%,"2,624","1,091,072"
2026-08-29 23:21:08,18,극장판 기븐 – 바다로,2026-08-26,0.3%,"2,083","2,788"
2026-08-29 23:21:08,19,핵소 고지,재개봉일 : 2026-09-02 2017-02-22,0.3%,"2,030","178,780"
2026-08-29 23:21:08,20,포가튼 아일랜드,2026-09-23,0.3%,"2,006",0
2026-08-29 23:21:08,21,퍼피 구조대: 더 다이노 무비,2026-08-13,0.2%,"1,761","98,452"
2026-08-29 23:21:08,22,어떻게 해야 했을까?,2026-07-29,0.2%,"1,622","89,820"
2026-08-29 23:21:08,23,도그 스타: 마지막 희망,2026-08-26,0.2%,"1,556","7,067"
2026-08-29 23:21:08,24,호프,2026-07-15,0.2%,"1,360","4,530,400"
2026-08-29 23:21:08,25,드라큘라: 러브 테일,2026-08-26,0.2%,"1,331","8,527"
2026-08-30 00:21:08,1,오디세이,2026-08-05,66.4%,"476,103","8,470,968"
2026-08-30 00:21:08,2,스파이더맨: 브랜드 뉴 데이,2026-07-29,8.0%,"57,292","8,454,080"
2026-08-30 00:21:08,3,암살자(들),2026-09-23,4.2%,"30,151",0
2026-08-30 00:21:08,4,경주기행,2026-08-26,3.5%,"24,798","147,867"
2026-08-30 00:21:08,5,비광,2026-09-02,2.7%,"19,157","1,795"
2026-08-30 00:21:08,6,오크 스트리트의 마지막 날,2026-08-26,1.9%,"13,427","86,552"
2026-08-30 00:21:08,7,인턴,2026-09-16,1.7%,"12,443",0
2026-08-30 00:21:08,8,사랑의 하츄핑: 고래보석의 전설,2026-08-05,1.4%,"9,950","818,716"
2026-08-30 00:21:08,9,싱 어게인,2026-09-02,1.0%,"6,918","1,389"
2026-08-30 00:21:08,10,명탐정 코난: 하이웨이의 타천사,2026-08-12,0.7%,"5,048","395,469"
2026-08-30 00:21:08,11,인시디어스: 그들이 넘어왔다,2026-08-20,0.5%,"3,810","141,160"
2026-08-30 00:21:08,12,오케이 마담2,2026-08-12,0.5%,"3,733","329,861"
2026-08-30 00:21:08,13,인 더 그레이,2026-09-02,0.5%,"3,535",156
2026-08-30 00:21:08,14,고스트밴드,2026-08-26,0.5%,"3,298","10,180"
2026-08-30 00:21:08,15,옵세션,2026-09-02,0.4%,"3,175",782
2026-08-30 00:21:08,16,극장판 귀멸의 칼날: 무한성편,재개봉일 : 2026-08-26 2025-08-22,0.4%,"2,738","5,822,717"
2026-08-30 00:21:08,17,마루 밑 아리에티,재개봉일 : 2026-08-19 2010-09-09,0.4%,"2,598","1,092,813"
2026-08-30 00:21:08,18,극장판 기븐 – 바다로,2026-08-26,0.3%,"2,100","4,251"
2026-08-30 00:21:08,19,핵소 고지,재개봉일 : 2026-09-02 2017-02-22,0.3%,"2,047","178,990"
2026-08-30 00:21:08,20,포가튼 아일랜드,2026-09-23,0.3%,"2,006",0
2026-08-30 00:21:08,21,퍼피 구조대: 더 다이노 무비,2026-08-13,0.3%,"1,843","102,497"
2026-08-30 00:21:08,22,어떻게 해야 했을까?,2026-07-29,0.2%,"1,638","91,651"
2026-08-30 00:21:08,23,도그 스타: 마지막 희망,2026-08-26,0.2%,"1,618","9,618"
2026-08-30 00:21:08,24,호프,2026-07-15,0.2%,"1,403","4,532,929"
2026-08-30 00:21:08,25,드라큘라: 러브 테일,2026-08-26,0.2%,"1,349","10,268"
2026-08-30 01:21:07,1,오디세이,2026-08-05,66.3%,"480,895","8,471,050"
2026-08-30 01:21:07,2,스파이더맨: 브랜드 뉴 데이,2026-07-29,8.1%,"58,600","8,454,104"
2026-08-30 01:21:07,3,암살자(들),2026-09-23,4.2%,"30,253",0
2026-08-30 01:21:07,4,경주기행,2026-08-26,3.5%,"25,311","147,873"
2026-08-30 01:21:07,5,비광,2026-09-02,2.6%,"19,170","1,795"
2026-08-30 01:21:07,6,오크 스트리트의 마지막 날,2026-08-26,1.9%,"13,648","86,561"
2026-08-30 01:21:07,7,인턴,2026-09-16,1.7%,"12,504",0
2026-08-30 01:21:07,8,사랑의 하츄핑: 고래보석의 전설,2026-08-05,1.4%,"10,212","818,716"
2026-08-30 01:21:07,9,싱 어게인,2026-09-02,1.0%,"6,942","1,389"
2026-08-30 01:21:07,10,명탐정 코난: 하이웨이의 타천사,2026-08-12,0.7%,"5,241","395,469"
2026-08-30 01:21:07,11,인시디어스: 그들이 넘어왔다,2026-08-20,0.5%,"3,945","141,168"
2026-08-30 01:21:07,12,오케이 마담2,2026-08-12,0.5%,"3,780","329,863"
2026-08-30 01:21:07,13,인 더 그레이,2026-09-02,0.5%,"3,541",156
2026-08-30 01:21:07,14,고스트밴드,2026-08-26,0.5%,"3,319","10,180"
2026-08-30 01:21:07,15,옵세션,2026-09-02,0.4%,"3,243",782
2026-08-30 01:21:07,16,극장판 귀멸의 칼날: 무한성편,재개봉일 : 2026-08-26 2025-08-22,0.4%,"2,770","5,822,717"
2026-08-30 01:21:07,17,마루 밑 아리에티,재개봉일 : 2026-08-19 2010-09-09,0.4%,"2,630","1,092,813"
2026-08-30 01:21:07,18,극장판 기븐 – 바다로,2026-08-26,0.3%,"2,112","4,251"
2026-08-30 01:21:07,19,핵소 고지,재개봉일 : 2026-09-02 2017-02-22,0.3%,"2,060","178,990"
2026-08-30 01:21:07,20,포가튼 아일랜드,2026-09-23,0.3%,"2,006",0
2026-08-30 01:21:07,21,퍼피 구조대: 더 다이노 무비,2026-08-13,0.3%,"1,905","102,497"
2026-08-30 01:21:07,22,어떻게 해야 했을까?,2026-07-29,0.2%,"1,660","91,654"
2026-08-30 01:21:07,23,도그 스타: 마지막 희망,2026-08-26,0.2%,"1,634","9,618"
2026-08-30 01:21:07,24,호프,2026-07-15,0.2%,"1,438","4,532,929"
2026-08-30 01:21:07,25,드라큘라: 러브 테일,2026-08-26,0.2%,"1,361","10,268"
2026-08-30 02:21:08,1,오디세이,2026-08-05,66.2%,"483,334","8,471,055"
2026-08-30 02:21:08,2,스파이더맨: 브랜드 뉴 데이,2026-07-29,8.1%,"59,236","8,454,111"
2026-08-30 02:21:08,3,암살자(들),2026-09-23,4.2%,"30,343",0
2026-08-30 02:21:08,4,경주기행,2026-08-26,3.5%,"25,536","147,873"
2026-08-30 02:21:08,5,비광,2026-09-02,2.6%,"19,178","1,795"
2026-08-30 02:21:08,6,오크 스트리트의 마지막 날,2026-08-26,1.9%,"13,759","86,563"
2026-08-30 02:21:08,7,인턴,2026-09-16,1.7%,"12,549",0
2026-08-30 02:21:08,8,사랑의 하츄핑: 고래보석의 전설,2026-08-05,1.4%,"10,283","818,716"
2026-08-30 02:21:08,9,싱 어게인,2026-09-02,1.0%,"6,949","1,389"
2026-08-30 02:21:08,10,명탐정 코난: 하이웨이의 타천사,2026-08-12,0.7%,"5,305","395,469"
2026-08-30 02:21:08,11,인시디어스: 그들이 넘어왔다,2026-08-20,0.6%,"4,030","141,168"
2026-08-30 02:21:08,12,오케이 마담2,2026-08-12,0.5%,"3,800","329,863"
2026-08-30 02:21:08,13,인 더 그레이,2026-09-02,0.5%,"3,541",156
2026-08-30 02:21:08,14,고스트밴드,2026-08-26,0.5%,"3,316","10,180"
2026-08-30 02:21:08,15,옵세션,2026-09-02,0.5%,"3,288",782
2026-08-30 02:21:08,16,극장판 귀멸의 칼날: 무한성편,재개봉일 : 2026-08-26 2025-08-22,0.4%,"2,785","5,822,717"
2026-08-30 02:21:08,17,마루 밑 아리에티,재개봉일 : 2026-08-19 2010-09-09,0.4%,"2,646","1,092,813"
2026-08-30 02:21:08,18,극장판 기븐 – 바다로,2026-08-26,0.3%,"2,117","4,251"
2026-08-30 02:21:08,19,핵소 고지,재개봉일 : 2026-09-02 2017-02-22,0.3%,"2,062","178,990"
2026-08-30 02:21:08,20,포가튼 아일랜드,2026-09-23,0.3%,"2,006",0
2026-08-30 02:21:08,21,퍼피 구조대: 더 다이노 무비,2026-08-13,0.3%,"1,929","102,497"
2026-08-30 02:21:08,22,어떻게 해야 했을까?,2026-07-29,0.2%,"1,673","91,654"
2026-08-30 02:21:08,23,도그 스타: 마지막 희망,2026-08-26,0.2%,"1,658","9,618"
2026-08-30 02:21:08,24,호프,2026-07-15,0.2%,"1,457","4,532,929"
2026-08-30 02:21:08,25,드라큘라: 러브 테일,2026-08-26,0.2%,"1,380","10,268"
2026-08-30 03:21:08,1,오디세이,2026-08-05,66.2%,"484,420","8,471,055"
2026-08-30 03:21:08,2,스파이더맨: 브랜드 뉴 데이,2026-07-29,8.1%,"59,486","8,454,111"
2026-08-30 03:21:08,3,암살자(들),2026-09-23,4.2%,"30,442",0
2026-08-30 03:21:08,4,경주기행,2026-08-26,3.5%,"25,647","147,873"
2026-08-30 03:21:08,5,비광,2026-09-02,2.6%,"19,186","1,795"
2026-08-30 03:21:08,6,오크 스트리트의 마지막 날,2026-08-26,1.9%,"13,819","86,563"
2026-08-30 03:21:08,7,인턴,2026-09-16,1.7%,"12,586",0
2026-08-30 03:21:08,8,사랑의 하츄핑: 고래보석의 전설,2026-08-05,1.4%,"10,321","818,716"
2026-08-30 03:21:08,9,싱 어게인,2026-09-02,1.0%,"6,954","1,389"
2026-08-30 03:21:08,10,명탐정 코난: 하이웨이의 타천사,2026-08-12,0.7%,"5,349","395,469"
2026-08-30 03:21:08,11,인시디어스: 그들이 넘어왔다,2026-08-20,0.6%,"4,089","141,168"
2026-08-30 03:21:08,12,오케이 마담2,2026-08-12,0.5%,"3,818","329,863"
2026-08-30 03:21:08,13,인 더 그레이,2026-09-02,0.5%,"3,541",156
2026-08-30 03:21:08,14,옵세션,2026-09-02,0.5%,"3,325",782
2026-08-30 03:21:08,15,고스트밴드,2026-08-26,0.5%,"3,312","10,180"
2026-08-30 03:21:08,16,극장판 귀멸의 칼날: 무한성편,재개봉일 : 2026-08-26 2025-08-22,0.4%,"2,792","5,822,717"
2026-08-30 03:21:08,17,마루 밑 아리에티,재개봉일 : 2026-08-19 2010-09-09,0.4%,"2,673","1,092,813"
2026-08-30 03:21:08,18,극장판 기븐 – 바다로,2026-08-26,0.3%,"2,125","4,251"
2026-08-30 03:21:08,19,핵소 고지,재개봉일 : 2026-09-02 2017-02-22,0.3%,"2,066","178,990"
2026-08-30 03:21:08,20,포가튼 아일랜드,2026-09-23,0.3%,"2,006",0
2026-08-30 03:21:08,21,퍼피 구조대: 더 다이노 무비,2026-08-13,0.3%,"1,937","102,497"
2026-08-30 03:21:08,22,어떻게 해야 했을까?,2026-07-29,0.2%,"1,683","91,654"
2026-08-30 03:21:08,23,도그 스타: 마지막 희망,2026-08-26,0.2%,"1,668","9,618"
2026-08-30 03:21:08,24,호프,2026-07-15,0.2%,"1,472","4,532,929"
2026-08-30 03:21:08,25,드라큘라: 러브 테일,2026-08-26,0.2%,"1,380","10,268"
2026-08-30 04:21:08,1,오디세이,2026-08-05,66.2%,"485,020","8,471,055"
2026-08-30 04:21:08,2,스파이더맨: 브랜드 뉴 데이,2026-07-29,8.1%,"59,631","8,454,111"
2026-08-30 04:21:08,3,암살자(들),2026-09-23,4.2%,"30,464",0
2026-08-30 04:21:08,4,경주기행,2026-08-26,3.5%,"25,709","147,873"
2026-08-30 04:21:08,5,비광,2026-09-02,2.6%,"19,193","1,795"
2026-08-30 04:21:08,6,오크 스트리트의 마지막 날,2026-08-26,1.9%,"13,829","86,563"
2026-08-30 04:21:08,7,인턴,2026-09-16,1.7%,"12,598",0
2026-08-30 04:21:08,8,사랑의 하츄핑: 고래보석의 전설,2026-08-05,1.4%,"10,346","818,716"
2026-08-30 04:21:08,9,싱 어게인,2026-09-02,0.9%,"6,959","1,389"
2026-08-30 04:21:08,10,명탐정 코난: 하이웨이의 타천사,2026-08-12,0.7%,"5,367","395,469"
2026-08-30 04:21:08,11,인시디어스: 그들이 넘어왔다,2026-08-20,0.6%,"4,117","141,168"
2026-08-30 04:21:08,12,오케이 마담2,2026-08-12,0.5%,"3,824","329,863"
2026-08-30 04:21:08,13,인 더 그레이,2026-09-02,0.5%,"3,541",156
2026-08-30 04:21:08,14,옵세션,2026-09-02,0.5%,"3,338",782
2026-08-30 04:21:08,15,고스트밴드,2026-08-26,0.5%,"3,308","10,180"
2026-08-30 04:21:08,16,극장판 귀멸의 칼날: 무한성편,재개봉일 : 2026-08-26 2025-08-22,0.4%,"2,798","5,822,717"
2026-08-30 04:21:08,17,마루 밑 아리에티,재개봉일 : 2026-08-19 2010-09-09,0.4%,"2,671","1,092,813"
2026-08-30 04:21:08,18,극장판 기븐 – 바다로,2026-08-26,0.3%,"2,128","4,251"
2026-08-30 04:21:08,19,핵소 고지,재개봉일 : 2026-09-02 2017-02-22,0.3%,"2,073","178,990"
2026-08-30 04:21:08,20,포가튼 아일랜드,2026-09-23,0.3%,"2,006",0
2026-08-30 04:21:08,21,퍼피 구조대: 더 다이노 무비,2026-08-13,0.3%,"1,941","102,497"
2026-08-30 04:21:08,22,어떻게 해야 했을까?,2026-07-29,0.2%,"1,684","91,654"
2026-08-30 04:21:08,23,도그 스타: 마지막 희망,2026-08-26,0.2%,"1,673","9,618"
2026-08-30 04:21:08,24,호프,2026-07-15,0.2%,"1,471","4,532,929"
2026-08-30 04:21:08,25,드라큘라: 러브 테일,2026-08-26,0.2%,"1,378","10,268"
2026-08-30 05:21:08,1,오디세이,2026-08-05,66.2%,"484,262","8,471,082"
2026-08-30 05:21:08,2,스파이더맨: 브랜드 뉴 데이,2026-07-29,8.1%,"59,637","8,454,121"
2026-08-30 05:21:08,3,암살자(들),2026-09-23,4.2%,"30,494",0
2026-08-30 05:21:08,4,경주기행,2026-08-26,3.5%,"25,713","147,899"
2026-08-30 05:21:08,5,비광,2026-09-02,2.6%,"19,200","1,795"
2026-08-30 05:21:08,6,오크 스트리트의 마지막 날,2026-08-26,1.9%,"13,833","86,575"
2026-08-30 05:21:08,7,인턴,2026-09-16,1.7%,"12,630",0
2026-08-30 05:21:08,8,사랑의 하츄핑: 고래보석의 전설,2026-08-05,1.4%,"10,352","818,725"
2026-08-30 05:21:08,9,싱 어게인,2026-09-02,1.0%,"6,967","1,389"
2026-08-30 05:21:08,10,명탐정 코난: 하이웨이의 타천사,2026-08-12,0.7%,"5,368","395,471"
2026-08-30 05:21:08,11,인시디어스: 그들이 넘어왔다,2026-08-20,0.6%,"4,125","141,170"
2026-08-30 05:21:08,12,오케이 마담2,2026-08-12,0.5%,"3,829","329,869"
2026-08-30 05:21:08,13,인 더 그레이,2026-09-02,0.5%,"3,545",156
2026-08-30 05:21:08,14,옵세션,2026-09-02,0.5%,"3,344",782
2026-08-30 05:21:08,15,고스트밴드,2026-08-26,0.5%,"3,310","10,180"
2026-08-30 05:21:08,16,극장판 귀멸의 칼날: 무한성편,재개봉일 : 2026-08-26 2025-08-22,0.4%,"2,800","5,822,717"
2026-08-30 05:21:08,17,마루 밑 아리에티,재개봉일 : 2026-08-19 2010-09-09,0.4%,"2,644","1,092,813"
2026-08-30 05:21:08,18,극장판 기븐 – 바다로,2026-08-26,0.3%,"2,110","4,251"
2026-08-30 05:21:08,19,핵소 고지,재개봉일 : 2026-09-02 2017-02-22,0.3%,"2,080","178,990"
2026-08-30 05:21:08,20,포가튼 아일랜드,2026-09-23,0.3%,"2,006",0
2026-08-30 05:21:08,21,퍼피 구조대: 더 다이노 무비,2026-08-13,0.3%,"1,939","102,497"
2026-08-30 05:21:08,22,어떻게 해야 했을까?,2026-07-29,0.2%,"1,682","91,654"
2026-08-30 05:21:08,23,도그 스타: 마지막 희망,2026-08-26,0.2%,"1,677","9,618"
2026-08-30 05:21:08,24,호프,2026-07-15,0.2%,"1,470","4,532,929"
2026-08-30 05:21:08,25,드라큘라: 러브 테일,2026-08-26,0.2%,"1,384","10,268"
2026-08-30 06:21:08,1,오디세이,2026-08-05,66.0%,"479,293","8,471,082"
2026-08-30 06:21:08,2,스파이더맨: 브랜드 뉴 데이,2026-07-29,8.1%,"59,016","8,454,121"
2026-08-30 06:21:08,3,암살자(들),2026-09-23,4.2%,"30,503",0
2026-08-30 06:21:08,4,경주기행,2026-08-26,3.5%,"25,713","147,899"
2026-08-30 06:21:08,5,비광,2026-09-02,2.6%,"19,198","1,795"
2026-08-30 06:21:08,6,오크 스트리트의 마지막 날,2026-08-26,1.9%,"13,652","86,575"
2026-08-30 06:21:08,7,인턴,2026-09-16,1.7%,"12,647",0
2026-08-30 06:21:08,8,사랑의 하츄핑: 고래보석의 전설,2026-08-05,1.4%,"10,375","818,725"
2026-08-30 06:21:08,9,싱 어게인,2026-09-02,1.0%,"6,970","1,389"
2026-08-30 06:21:08,10,명탐정 코난: 하이웨이의 타천사,2026-08-12,0.7%,"5,254","395,471"
2026-08-30 06:21:08,11,인시디어스: 그들이 넘어왔다,2026-08-20,0.6%,"4,136","141,170"
2026-08-30 06:21:08,12,오케이 마담2,2026-08-12,0.5%,"3,836","329,869"
2026-08-30 06:21:08,13,인 더 그레이,2026-09-02,0.5%,"3,545",156
2026-08-30 06:21:08,14,옵세션,2026-09-02,0.5%,"3,348",782
2026-08-30 06:21:08,15,고스트밴드,2026-08-26,0.5%,"3,308","10,180"
2026-08-30 06:21:08,16,극장판 귀멸의 칼날: 무한성편,재개봉일 : 2026-08-26 2025-08-22,0.4%,"2,746","5,822,717"
2026-08-30 06:21:08,17,마루 밑 아리에티,재개봉일 : 2026-08-19 2010-09-09,0.4%,"2,584","1,092,813"
2026-08-30 06:21:08,18,극장판 기븐 – 바다로,2026-08-26,0.3%,"2,088","4,251"
2026-08-30 06:21:08,19,핵소 고지,재개봉일 : 2026-09-02 2017-02-22,0.3%,"2,083","178,990"
2026-08-30 06:21:08,20,포가튼 아일랜드,2026-09-23,0.3%,"2,006",0
2026-08-30 06:21:08,21,퍼피 구조대: 더 다이노 무비,2026-08-13,0.3%,"1,944","102,497"
2026-08-30 06:21:08,22,도그 스타: 마지막 희망,2026-08-26,0.2%,"1,628","9,618"
2026-08-30 06:21:08,23,어떻게 해야 했을까?,2026-07-29,0.2%,"1,585","91,654"
2026-08-30 06:21:08,24,호프,2026-07-15,0.2%,"1,457","4,532,929"
2026-08-30 06:21:08,25,드라큘라: 러브 테일,2026-08-26,0.2%,"1,360","10,268"
2026-08-30 07:21:08,1,오디세이,2026-08-05,65.8%,"464,191","8,471,082"
2026-08-30 07:21:08,2,스파이더맨: 브랜드 뉴 데이,2026-07-29,8.0%,"56,200","8,454,121"
2026-08-30 07:21:08,3,암살자(들),2026-09-23,4.3%,"30,542",0
2026-08-30 07:21:08,4,경주기행,2026-08-26,3.6%,"25,283","147,899"
2026-08-30 07:21:08,5,비광,2026-09-02,2.7%,"19,206","1,795"
2026-08-30 07:21:08,6,오크 스트리트의 마지막 날,2026-08-26,1.8%,"12,934","86,575"
2026-08-30 07:21:08,7,인턴,2026-09-16,1.8%,"12,656",0
2026-08-30 07:21:08,8,사랑의 하츄핑: 고래보석의 전설,2026-08-05,1.5%,"10,415","818,725"
2026-08-30 07:21:08,9,싱 어게인,2026-09-02,1.0%,"6,972","1,389"
2026-08-30 07:21:08,10,명탐정 코난: 하이웨이의 타천사,2026-08-12,0.7%,"5,093","395,471"
2026-08-30 07:21:08,11,인시디어스: 그들이 넘어왔다,2026-08-20,0.6%,"4,147","141,170"
2026-08-30 07:21:08,12,오케이 마담2,2026-08-12,0.5%,"3,795","329,869"
2026-08-30 07:21:08,13,인 더 그레이,2026-09-02,0.5%,"3,553",156
2026-08-30 07:21:08,14,옵세션,2026-09-02,0.5%,"3,362",782
2026-08-30 07:21:08,15,고스트밴드,2026-08-26,0.5%,"3,237","10,180"
2026-08-30 07:21:08,16,극장판 귀멸의 칼날: 무한성편,재개봉일 : 2026-08-26 2025-08-22,0.4%,"2,543","5,822,717"
2026-08-30 07:21:08,17,마루 밑 아리에티,재개봉일 : 2026-08-19 2010-09-09,0.4%,"2,525","1,092,813"
2026-08-30 07:21:08,18,핵소 고지,재개봉일 : 2026-09-02 2017-02-22,0.3%,"2,089","178,990"
2026-08-30 07:21:08,19,극장판 기븐 – 바다로,2026-08-26,0.3%,"2,026","4,251"
2026-08-30 07:21:08,20,포가튼 아일랜드,2026-09-23,0.3%,"2,006",0
2026-08-30 07:21:08,21,퍼피 구조대: 더 다이노 무비,2026-08-13,0.3%,"1,895","102,497"
2026-08-30 07:21:08,22,어떻게 해야 했을까?,2026-07-29,0.2%,"1,573","91,654"
2026-08-30 07:21:08,23,도그 스타: 마지막 희망,2026-08-26,0.2%,"1,533","9,618"
2026-08-30 07:21:08,24,호프,2026-07-15,0.2%,"1,369","4,532,929"
2026-08-30 07:21:08,25,위커 맨: 파이널 컷,2026-08-19,0.2%,"1,338","13,365"
2026-08-30 08:21:08,1,오디세이,2026-08-05,65.6%,"439,246","8,471,099"
2026-08-30 08:21:08,2,스파이더맨: 브랜드 뉴 데이,2026-07-29,7.6%,"51,160","8,454,121"
2026-08-30 08:21:08,3,암살자(들),2026-09-23,4.6%,"30,619",0
2026-08-30 08:21:08,4,경주기행,2026-08-26,3.5%,"23,308","147,901"
2026-08-30 08:21:08,5,비광,2026-09-02,2.9%,"19,213","1,795"
2026-08-30 08:21:08,6,인턴,2026-09-16,1.9%,"12,673",0
2026-08-30 08:21:08,7,오크 스트리트의 마지막 날,2026-08-26,1.8%,"12,007","86,576"
2026-08-30 08:21:08,8,사랑의 하츄핑: 고래보석의 전설,2026-08-05,1.4%,"9,639","818,725"
2026-08-30 08:21:08,9,싱 어게인,2026-09-02,1.0%,"6,984","1,389"
2026-08-30 08:21:08,10,명탐정 코난: 하이웨이의 타천사,2026-08-12,0.7%,"4,625","395,471"
2026-08-30 08:21:08,11,인시디어스: 그들이 넘어왔다,2026-08-20,0.6%,"4,147","141,172"
2026-08-30 08:21:08,12,오케이 마담2,2026-08-12,0.5%,"3,623","329,869"
2026-08-30 08:21:08,13,인 더 그레이,2026-09-02,0.5%,"3,555",156
2026-08-30 08:21:08,14,옵세션,2026-09-02,0.5%,"3,379",782
2026-08-30 08:21:08,15,고스트밴드,2026-08-26,0.4%,"3,003","10,180"
2026-08-30 08:21:08,16,극장판 귀멸의 칼날: 무한성편,재개봉일 : 2026-08-26 2025-08-22,0.4%,"2,509","5,822,719"
2026-08-30 08:21:08,17,마루 밑 아리에티,재개봉일 : 2026-08-19 2010-09-09,0.3%,"2,333","1,092,813"
2026-08-30 08:21:08,18,핵소 고지,재개봉일 : 2026-09-02 2017-02-22,0.3%,"2,101","178,990"
2026-08-30 08:21:08,19,포가튼 아일랜드,2026-09-23,0.3%,"2,006",0
2026-08-30 08:21:08,20,극장판 기븐 – 바다로,2026-08-26,0.3%,"1,988","4,251"
2026-08-30 08:21:08,21,퍼피 구조대: 더 다이노 무비,2026-08-13,0.2%,"1,608","102,497"
2026-08-30 08:21:08,22,어떻게 해야 했을까?,2026-07-29,0.2%,"1,542","91,654"
2026-08-30 08:21:08,23,도그 스타: 마지막 희망,2026-08-26,0.2%,"1,430","9,618"
2026-08-30 08:21:08,24,드라큘라: 러브 테일,2026-08-26,0.2%,"1,296","10,268"
2026-08-30 08:21:08,25,호프,2026-07-15,0.2%,"1,290","4,532,929"
2026-08-30 09:21:08,1,오디세이,2026-08-05,65.4%,"421,879","8,471,099"
2026-08-30 09:21:08,2,스파이더맨: 브랜드 뉴 데이,2026-07-29,7.5%,"48,241","8,454,121"
2026-08-30 09:21:08,3,암살자(들),2026-09-23,4.8%,"30,725",0
2026-08-30 09:21:08,4,경주기행,2026-08-26,3.4%,"22,141","147,901"
2026-08-30 09:21:08,5,비광,2026-09-02,3.0%,"19,230","1,795"
2026-08-30 09:21:08,6,인턴,2026-09-16,2.0%,"12,704",0
2026-08-30 09:21:08,7,오크 스트리트의 마지막 날,2026-08-26,1.8%,"11,306","86,576"
2026-08-30 09:21:08,8,사랑의 하츄핑: 고래보석의 전설,2026-08-05,1.3%,"8,581","818,725"
2026-08-30 09:21:08,9,싱 어게인,2026-09-02,1.1%,"6,996","1,389"
2026-08-30 09:21:08,10,명탐정 코난: 하이웨이의 타천사,2026-08-12,0.7%,"4,240","395,471"
2026-08-30 09:21:08,11,인시디어스: 그들이 넘어왔다,2026-08-20,0.6%,"4,161","141,172"
2026-08-30 09:21:08,12,오케이 마담2,2026-08-12,0.6%,"3,580","329,869"
2026-08-30 09:21:08,13,인 더 그레이,2026-09-02,0.6%,"3,562",156
2026-08-30 09:21:08,14,옵세션,2026-09-02,0.5%,"3,408",782
2026-08-30 09:21:08,15,고스트밴드,2026-08-26,0.4%,"2,872","10,180"
2026-08-30 09:21:08,16,마루 밑 아리에티,재개봉일 : 2026-08-19 2010-09-09,0.4%,"2,261","1,092,813"
2026-08-30 09:21:08,17,핵소 고지,재개봉일 : 2026-09-02 2017-02-22,0.3%,"2,102","178,990"
2026-08-30 09:21:08,18,포가튼 아일랜드,2026-09-23,0.3%,"2,006",0
2026-08-30 09:21:08,19,극장판 기븐 – 바다로,2026-08-26,0.3%,"1,969","4,251"
2026-08-30 09:21:08,20,극장판 귀멸의 칼날: 무한성편,재개봉일 : 2026-08-26 2025-08-22,0.3%,"1,875","5,822,719"
2026-08-30 09:21:08,21,어떻게 해야 했을까?,2026-07-29,0.2%,"1,530","91,654"
2026-08-30 09:21:08,22,퍼피 구조대: 더 다이노 무비,2026-08-13,0.2%,"1,461","102,497"
2026-08-30 09:21:08,23,도그 스타: 마지막 희망,2026-08-26,0.2%,"1,307","9,618"
2026-08-30 09:21:08,24,호프,2026-07-15,0.2%,"1,265","4,532,929"
2026-08-30 09:21:08,25,보헤미안 랩소디,"재개봉일 : 2020-05-21, 2026-08-12 2018-10-31",0.2%,"1,244","9,961,306"
2026-08-30 10:21:08,1,오디세이,2026-08-05,65.6%,"414,645","8,471,099"
2026-08-30 10:21:08,2,스파이더맨: 브랜드 뉴 데이,2026-07-29,7.4%,"47,017","8,454,121"
2026-08-30 10:21:08,3,암살자(들),2026-09-23,4.9%,"30,819",0
2026-08-30 10:21:08,4,경주기행,2026-08-26,3.3%,"21,080","147,901"
2026-08-30 10:21:08,5,비광,2026-09-02,3.0%,"19,249","1,795"
2026-08-30 10:21:08,6,인턴,2026-09-16,2.0%,"12,736",0
2026-08-30 10:21:08,7,오크 스트리트의 마지막 날,2026-08-26,1.6%,"10,387","86,576"
2026-08-30 10:21:08,8,사랑의 하츄핑: 고래보석의 전설,2026-08-05,1.2%,"7,828","818,725"
2026-08-30 10:21:08,9,싱 어게인,2026-09-02,1.1%,"7,018","1,389"
2026-08-30 10:21:08,10,인시디어스: 그들이 넘어왔다,2026-08-20,0.7%,"4,214","141,172"
2026-08-30 10:21:08,11,명탐정 코난: 하이웨이의 타천사,2026-08-12,0.6%,"3,816","395,471"
2026-08-30 10:21:08,12,인 더 그레이,2026-09-02,0.6%,"3,567",156
2026-08-30 10:21:08,13,옵세션,2026-09-02,0.5%,"3,452",782
2026-08-30 10:21:08,14,오케이 마담2,2026-08-12,0.5%,"3,253","329,869"
2026-08-30 10:21:08,15,고스트밴드,2026-08-26,0.4%,"2,679","10,180"
2026-08-30 10:21:08,16,핵소 고지,재개봉일 : 2026-09-02 2017-02-22,0.3%,"2,099","178,990"
2026-08-30 10:21:08,17,마루 밑 아리에티,재개봉일 : 2026-08-19 2010-09-09,0.3%,"2,071","1,092,813"
2026-08-30 10:21:08,18,포가튼 아일랜드,2026-09-23,0.3%,"2,006",0
2026-08-30 10:21:08,19,극장판 귀멸의 칼날: 무한성편,재개봉일 : 2026-08-26 2025-08-22,0.3%,"1,636","5,822,719"
2026-08-30 10:21:08,20,극장판 기븐 – 바다로,2026-08-26,0.2%,"1,535","4,251"
2026-08-30 10:21:08,21,어떻게 해야 했을까?,2026-07-29,0.2%,"1,453","91,654"
2026-08-30 10:21:08,22,퍼피 구조대: 더 다이노 무비,2026-08-13,0.2%,"1,293","102,497"
2026-08-30 10:21:08,23,도그 스타: 마지막 희망,2026-08-26,0.2%,"1,254","9,618"
2026-08-30 10:21:08,24,보헤미안 랩소디,"재개봉일 : 2020-05-21, 2026-08-12 2018-10-31",0.2%,"1,250","9,961,306"
2026-08-30 10:21:08,25,드라큘라: 러브 테일,2026-08-26,0.2%,"1,228","10,268"
2026-08-30 11:21:08,1,오디세이,2026-08-05,65.7%,"397,911","8,471,045"
2026-08-30 11:21:08,2,스파이더맨: 브랜드 뉴 데이,2026-07-29,7.2%,"43,457","8,454,121"
2026-08-30 11:21:08,3,암살자(들),2026-09-23,5.1%,"30,930",0
2026-08-30 11:21:08,4,경주기행,2026-08-26,3.3%,"20,026","147,901"
2026-08-30 11:21:08,5,비광,2026-09-02,3.2%,"19,253","1,795"
2026-08-30 11:21:08,6,인턴,2026-09-16,2.1%,"12,770",0
2026-08-30 11:21:08,7,오크 스트리트의 마지막 날,2026-08-26,1.6%,"9,747","86,576"
2026-08-30 11:21:08,8,싱 어게인,2026-09-02,1.2%,"7,041","1,389"
2026-08-30 11:21:08,9,사랑의 하츄핑: 고래보석의 전설,2026-08-05,1.0%,"6,316","818,725"
2026-08-30 11:21:08,10,인시디어스: 그들이 넘어왔다,2026-08-20,0.7%,"4,196","141,172"
2026-08-30 11:21:08,11,인 더 그레이,2026-09-02,0.6%,"3,577",156
2026-08-30 11:21:08,12,옵세션,2026-09-02,0.6%,"3,521",782
2026-08-30 11:21:08,13,명탐정 코난: 하이웨이의 타천사,2026-08-12,0.6%,"3,395","395,471"
2026-08-30 11:21:08,14,오케이 마담2,2026-08-12,0.5%,"2,815","329,869"
2026-08-30 11:21:08,15,고스트밴드,2026-08-26,0.4%,"2,345","10,180"
2026-08-30 11:21:08,16,핵소 고지,재개봉일 : 2026-09-02 2017-02-22,0.4%,"2,136","178,990"
2026-08-30 11:21:08,17,포가튼 아일랜드,2026-09-23,0.3%,"2,006",0
2026-08-30 11:21:08,18,마루 밑 아리에티,재개봉일 : 2026-08-19 2010-09-09,0.3%,"1,644","1,092,813"
2026-08-30 11:21:08,19,극장판 기븐 – 바다로,2026-08-26,0.2%,"1,488","4,251"
2026-08-30 11:21:08,20,어떻게 해야 했을까?,2026-07-29,0.2%,"1,367","91,654"
2026-08-30 11:21:08,21,극장판 귀멸의 칼날: 무한성편,재개봉일 : 2026-08-26 2025-08-22,0.2%,"1,356","5,822,719"
2026-08-30 11:21:08,22,보헤미안 랩소디,"재개봉일 : 2020-05-21, 2026-08-12 2018-10-31",0.2%,"1,251","9,961,306"
2026-08-30 11:21:08,23,드라큘라: 러브 테일,2026-08-26,0.2%,"1,244","10,268"
2026-08-30 11:21:08,24,도그 스타: 마지막 희망,2026-08-26,0.2%,"1,199","9,618"
2026-08-30 11:21:08,25,호프,2026-07-15,0.2%,"1,186","4,532,929"
2026-08-30 12:21:08,1,오디세이,2026-08-05,65.9%,"376,999","8,471,045"
2026-08-30 12:21:08,2,스파이더맨: 브랜드 뉴 데이,2026-07-29,6.9%,"39,515","8,454,119"
2026-08-30 12:21:08,3,암살자(들),2026-09-23,5.4%,"31,056",0
2026-08-30 12:21:08,4,비광,2026-09-02,3.4%,"19,270","1,795"
2026-08-30 12:21:08,5,경주기행,2026-08-26,3.2%,"18,354","147,901"
2026-08-30 12:21:08,6,인턴,2026-09-16,2.2%,"12,828",0
2026-08-30 12:21:08,7,오크 스트리트의 마지막 날,2026-08-26,1.6%,"8,924","86,576"
2026-08-30 12:21:08,8,싱 어게인,2026-09-02,1.2%,"7,072","1,389"
2026-08-30 12:21:08,9,인시디어스: 그들이 넘어왔다,2026-08-20,0.7%,"4,041","141,172"
2026-08-30 12:21:08,10,사랑의 하츄핑: 고래보석의 전설,2026-08-05,0.7%,"3,812","818,725"
2026-08-30 12:21:08,11,옵세션,2026-09-02,0.6%,"3,601",782
2026-08-30 12:21:08,12,인 더 그레이,2026-09-02,0.6%,"3,584",156
2026-08-30 12:21:08,13,명탐정 코난: 하이웨이의 타천사,2026-08-12,0.6%,"3,328","395,471"
2026-08-30 12:21:08,14,오케이 마담2,2026-08-12,0.4%,"2,496","329,869"
2026-08-30 12:21:08,15,포가튼 아일랜드,2026-09-23,0.4%,"2,006",0
2026-08-30 12:21:08,16,핵소 고지,재개봉일 : 2026-09-02 2017-02-22,0.3%,"1,975","178,990"
2026-08-30 12:21:08,17,마루 밑 아리에티,재개봉일 : 2026-08-19 2010-09-09,0.3%,"1,631","1,092,813"
2026-08-30 12:21:08,18,고스트밴드,2026-08-26,0.3%,"1,478","10,180"
2026-08-30 12:21:08,19,어떻게 해야 했을까?,2026-07-29,0.2%,"1,328","91,654"
2026-08-30 12:21:08,20,극장판 기븐 – 바다로,2026-08-26,0.2%,"1,327","4,251"
2026-08-30 12:21:08,21,보헤미안 랩소디,"재개봉일 : 2020-05-21, 2026-08-12 2018-10-31",0.2%,"1,251","9,961,306"
2026-08-30 12:21:08,22,극장판 귀멸의 칼날: 무한성편,재개봉일 : 2026-08-26 2025-08-22,0.2%,"1,177","5,822,719"
2026-08-30 12:21:08,23,도그 스타: 마지막 희망,2026-08-26,0.2%,"1,174","9,618"
2026-08-30 12:21:08,24,드라큘라: 러브 테일,2026-08-26,0.2%,"1,155","10,268"
2026-08-30 12:21:08,25,귀향: 언니야 이제 집에 가자,2026-08-26,0.2%,"1,153","2,233"
2026-08-30 13:21:08,1,오디세이,2026-08-05,65.9%,"357,296","8,471,045"
2026-08-30 13:21:08,2,스파이더맨: 브랜드 뉴 데이,2026-07-29,6.6%,"35,579","8,454,119"
2026-08-30 13:21:08,3,암살자(들),2026-09-23,5.8%,"31,230",0
2026-08-30 13:21:08,4,비광,2026-09-02,3.6%,"19,289","1,795"
2026-08-30 13:21:08,5,경주기행,2026-08-26,3.0%,"16,490","147,900"
2026-08-30 13:21:08,6,인턴,2026-09-16,2.4%,"12,885",0
2026-08-30 13:21:08,7,오크 스트리트의 마지막 날,2026-08-26,1.5%,"8,298","86,576"
2026-08-30 13:21:08,8,싱 어게인,2026-09-02,1.3%,"7,104","1,389"
2026-08-30 13:21:08,9,인시디어스: 그들이 넘어왔다,2026-08-20,0.7%,"3,967","141,172"
2026-08-30 13:21:08,10,옵세션,2026-09-02,0.7%,"3,687",782
2026-08-30 13:21:08,11,인 더 그레이,2026-09-02,0.7%,"3,595",156
2026-08-30 13:21:08,12,명탐정 코난: 하이웨이의 타천사,2026-08-12,0.6%,"3,033","395,471"
2026-08-30 13:21:08,13,사랑의 하츄핑: 고래보석의 전설,2026-08-05,0.4%,"2,240","818,725"
2026-08-30 13:21:08,14,오케이 마담2,2026-08-12,0.4%,"2,139","329,869"
2026-08-30 13:21:08,15,포가튼 아일랜드,2026-09-23,0.4%,"2,006",0
2026-08-30 13:21:08,16,핵소 고지,재개봉일 : 2026-09-02 2017-02-22,0.3%,"1,878","178,990"
2026-08-30 13:21:08,17,마루 밑 아리에티,재개봉일 : 2026-08-19 2010-09-09,0.3%,"1,520","1,092,813"
2026-08-30 13:21:08,18,극장판 기븐 – 바다로,2026-08-26,0.2%,"1,341","4,251"
2026-08-30 13:21:08,19,어떻게 해야 했을까?,2026-07-29,0.2%,"1,293","91,654"
2026-08-30 13:21:08,20,보헤미안 랩소디,"재개봉일 : 2020-05-21, 2026-08-12 2018-10-31",0.2%,"1,254","9,961,306"
2026-08-30 13:21:08,21,드라큘라: 러브 테일,2026-08-26,0.2%,"1,177","10,268"
2026-08-30 13:21:08,22,호프,2026-07-15,0.2%,"1,175","4,532,929"
2026-08-30 13:21:08,23,도그 스타: 마지막 희망,2026-08-26,0.2%,"1,166","9,618"
2026-08-30 13:21:08,24,귀향: 언니야 이제 집에 가자,2026-08-26,0.2%,"1,163","2,233"
2026-08-30 13:21:08,25,고스트밴드,2026-08-26,0.2%,"1,102","10,180"
2026-08-30 14:21:08,1,오디세이,2026-08-05,66.2%,"338,223","8,471,045"
2026-08-30 14:21:08,2,암살자(들),2026-09-23,6.1%,"31,402",0
2026-08-30 14:21:08,3,스파이더맨: 브랜드 뉴 데이,2026-07-29,5.9%,"30,075","8,454,119"
2026-08-30 14:21:08,4,비광,2026-09-02,3.8%,"19,312","1,795"
2026-08-30 14:21:08,5,경주기행,2026-08-26,2.9%,"14,781","147,900"
2026-08-30 14:21:08,6,인턴,2026-09-16,2.5%,"12,919",0
2026-08-30 14:21:08,7,오크 스트리트의 마지막 날,2026-08-26,1.5%,"7,637","86,576"
2026-08-30 14:21:08,8,싱 어게인,2026-09-02,1.4%,"7,129","1,389"
2026-08-30 14:21:08,9,인시디어스: 그들이 넘어왔다,2026-08-20,0.8%,"3,960","141,172"
2026-08-30 14:21:08,10,옵세션,2026-09-02,0.7%,"3,777",782
2026-08-30 14:21:08,11,인 더 그레이,2026-09-02,0.7%,"3,604",156
2026-08-30 14:21:08,12,명탐정 코난: 하이웨이의 타천사,2026-08-12,0.5%,"2,748","395,471"
2026-08-30 14:21:08,13,오케이 마담2,2026-08-12,0.4%,"2,021","329,869"
2026-08-30 14:21:08,14,포가튼 아일랜드,2026-09-23,0.4%,"2,006",0
2026-08-30 14:21:08,15,핵소 고지,재개봉일 : 2026-09-02 2017-02-22,0.4%,"1,898","178,990"
2026-08-30 14:21:08,16,마루 밑 아리에티,재개봉일 : 2026-08-19 2010-09-09,0.3%,"1,548","1,092,813"
2026-08-30 14:21:08,17,극장판 기븐 – 바다로,2026-08-26,0.3%,"1,337","4,251"
2026-08-30 14:21:08,18,보헤미안 랩소디,"재개봉일 : 2020-05-21, 2026-08-12 2018-10-31",0.2%,"1,242","9,961,306"
2026-08-30 14:21:08,19,호프,2026-07-15,0.2%,"1,087","4,532,929"
2026-08-30 14:21:08,20,위커 맨: 파이널 컷,2026-08-19,0.2%,"1,050","13,365"
2026-08-30 14:21:08,21,도그 스타: 마지막 희망,2026-08-26,0.2%,"1,002","9,618"
2026-08-30 14:21:08,22,가족여행,2026-09-30,0.2%,"1,001",93
2026-08-30 14:21:08,23,드라큘라: 러브 테일,2026-08-26,0.2%,988,"10,268"
2026-08-30 14:21:08,24,극장판 귀멸의 칼날: 무한성편,재개봉일 : 2026-08-26 2025-08-22,0.2%,880,"5,822,719"
2026-08-30 14:21:08,25,어떻게 해야 했을까?,2026-07-29,0.2%,875,"91,654"
2026-08-30 15:21:08,1,오디세이,2026-08-05,66.3%,"322,233","8,471,045"
2026-08-30 15:21:08,2,암살자(들),2026-09-23,6.5%,"31,565",0
2026-08-30 15:21:08,3,스파이더맨: 브랜드 뉴 데이,2026-07-29,5.5%,"26,645","8,454,119"
2026-08-30 15:21:08,4,비광,2026-09-02,4.0%,"19,320","1,795"
2026-08-30 15:21:08,5,경주기행,2026-08-26,2.7%,"12,973","147,900"
2026-08-30 15:21:08,6,인턴,2026-09-16,2.7%,"12,957",0
2026-08-30 15:21:08,7,싱 어게인,2026-09-02,1.5%,"7,163","1,389"
2026-08-30 15:21:08,8,오크 스트리트의 마지막 날,2026-08-26,1.3%,"6,541","86,576"
2026-08-30 15:21:08,9,옵세션,2026-09-02,0.8%,"3,882",782
2026-08-30 15:21:08,10,인시디어스: 그들이 넘어왔다,2026-08-20,0.8%,"3,714","141,172"
2026-08-30 15:21:08,11,인 더 그레이,2026-09-02,0.7%,"3,612",156
2026-08-30 15:21:08,12,명탐정 코난: 하이웨이의 타천사,2026-08-12,0.5%,"2,492","395,471"
2026-08-30 15:21:08,13,포가튼 아일랜드,2026-09-23,0.4%,"2,006",0
2026-08-30 15:21:08,14,핵소 고지,재개봉일 : 2026-09-02 2017-02-22,0.4%,"1,906","178,990"
2026-08-30 15:21:08,15,오케이 마담2,2026-08-12,0.3%,"1,694","329,869"
2026-08-30 15:21:08,16,극장판 기븐 – 바다로,2026-08-26,0.3%,"1,309","4,251"
2026-08-30 15:21:08,17,보헤미안 랩소디,"재개봉일 : 2020-05-21, 2026-08-12 2018-10-31",0.3%,"1,245","9,961,306"
2026-08-30 15:21:08,18,마루 밑 아리에티,재개봉일 : 2026-08-19 2010-09-09,0.2%,"1,154","1,092,813"
2026-08-30 15:21:08,19,위커 맨: 파이널 컷,2026-08-19,0.2%,"1,086","13,365"
2026-08-30 15:21:08,20,호프,2026-07-15,0.2%,"1,014","4,532,929"
2026-08-30 15:21:08,21,가족여행,2026-09-30,0.2%,"1,001",93
2026-08-30 15:21:08,22,도그 스타: 마지막 희망,2026-08-26,0.2%,954,"9,618"
2026-08-30 15:21:08,23,드라큘라: 러브 테일,2026-08-26,0.2%,938,"10,268"
2026-08-30 15:21:08,24,극장판 귀멸의 칼날: 무한성편,재개봉일 : 2026-08-26 2025-08-22,0.2%,910,"5,822,719"
2026-08-30 15:21:08,25,어떻게 해야 했을까?,2026-07-29,0.2%,849,"91,654"
2026-08-30 16:21:08,1,오디세이,2026-08-05,66.1%,"309,788","8,471,045"
2026-08-30 16:21:08,2,암살자(들),2026-09-23,6.8%,"31,731",0
2026-08-30 16:21:08,3,스파이더맨: 브랜드 뉴 데이,2026-07-29,5.3%,"24,874","8,454,119"
2026-08-30 16:21:08,4,비광,2026-09-02,4.1%,"19,370","1,795"
2026-08-30 16:21:08,5,인턴,2026-09-16,2.8%,"13,011",0
2026-08-30 16:21:08,6,경주기행,2026-08-26,2.4%,"11,417","147,900"
2026-08-30 16:21:08,7,싱 어게인,2026-09-02,1.5%,"7,206","1,389"
2026-08-30 16:21:08,8,오크 스트리트의 마지막 날,2026-08-26,1.3%,"6,037","86,576"
2026-08-30 16:21:08,9,옵세션,2026-09-02,0.9%,"3,995",782
2026-08-30 16:21:08,10,인 더 그레이,2026-09-02,0.8%,"3,624",156
2026-08-30 16:21:08,11,인시디어스: 그들이 넘어왔다,2026-08-20,0.7%,"3,220","141,172"
2026-08-30 16:21:08,12,명탐정 코난: 하이웨이의 타천사,2026-08-12,0.4%,"2,100","395,471"
2026-08-30 16:21:08,13,포가튼 아일랜드,2026-09-23,0.4%,"2,006",0
2026-08-30 16:21:08,14,핵소 고지,재개봉일 : 2026-09-02 2017-02-22,0.4%,"1,946","178,990"
2026-08-30 16:21:08,15,오케이 마담2,2026-08-12,0.3%,"1,424","329,869"
2026-08-30 16:21:08,16,극장판 기븐 – 바다로,2026-08-26,0.3%,"1,302","4,251"
2026-08-30 16:21:08,17,보헤미안 랩소디,"재개봉일 : 2020-05-21, 2026-08-12 2018-10-31",0.3%,"1,247","9,961,306"
2026-08-30 16:21:08,18,마루 밑 아리에티,재개봉일 : 2026-08-19 2010-09-09,0.2%,"1,145","1,092,813"
2026-08-30 16:21:08,19,위커 맨: 파이널 컷,2026-08-19,0.2%,"1,071","13,365"
2026-08-30 16:21:08,20,가족여행,2026-09-30,0.2%,"1,001",93
2026-08-30 16:21:08,21,극장판 귀멸의 칼날: 무한성편,재개봉일 : 2026-08-26 2025-08-22,0.2%,931,"5,822,719"
2026-08-30 16:21:08,22,호프,2026-07-15,0.2%,930,"4,532,929"
2026-08-30 16:21:08,23,도그 스타: 마지막 희망,2026-08-26,0.2%,911,"9,618"
2026-08-30 16:21:08,24,드라큘라: 러브 테일,2026-08-26,0.2%,863,"10,268"
2026-08-30 16:21:08,25,어떻게 해야 했을까?,2026-07-29,0.2%,818,"91,654"
2026-08-30 17:21:08,1,오디세이,2026-08-05,66.1%,"296,532","8,471,038"
2026-08-30 17:21:08,2,암살자(들),2026-09-23,7.1%,"31,848",0
2026-08-30 17:21:08,3,스파이더맨: 브랜드 뉴 데이,2026-07-29,4.9%,"21,988","8,454,119"
2026-08-30 17:21:08,4,비광,2026-09-02,4.3%,"19,401","1,795"
2026-08-30 17:21:08,5,인턴,2026-09-16,2.9%,"13,043",0
2026-08-30 17:21:08,6,경주기행,2026-08-26,2.4%,"10,768","147,900"
2026-08-30 17:21:08,7,싱 어게인,2026-09-02,1.6%,"7,246","1,389"
2026-08-30 17:21:08,8,오크 스트리트의 마지막 날,2026-08-26,1.1%,"4,978","86,576"
2026-08-30 17:21:08,9,옵세션,2026-09-02,0.9%,"4,116",782
2026-08-30 17:21:08,10,인 더 그레이,2026-09-02,0.8%,"3,639",156
2026-08-30 17:21:08,11,인시디어스: 그들이 넘어왔다,2026-08-20,0.7%,"3,025","141,172"
2026-08-30 17:21:08,12,포가튼 아일랜드,2026-09-23,0.4%,"2,006",0
2026-08-30 17:21:08,13,핵소 고지,재개봉일 : 2026-09-02 2017-02-22,0.4%,"1,967","178,990"
2026-08-30 17:21:08,14,명탐정 코난: 하이웨이의 타천사,2026-08-12,0.4%,"1,874","395,471"
2026-08-30 17:21:08,15,극장판 기븐 – 바다로,2026-08-26,0.3%,"1,274","4,251"
2026-08-30 17:21:08,16,보헤미안 랩소디,"재개봉일 : 2020-05-21, 2026-08-12 2018-10-31",0.3%,"1,244","9,961,306"
2026-08-30 17:21:08,17,오케이 마담2,2026-08-12,0.3%,"1,210","329,869"
2026-08-30 17:21:08,18,마루 밑 아리에티,재개봉일 : 2026-08-19 2010-09-09,0.3%,"1,145","1,092,813"
2026-08-30 17:21:08,19,가족여행,2026-09-30,0.2%,"1,001",93
2026-08-30 17:21:08,20,위커 맨: 파이널 컷,2026-08-19,0.2%,924,"13,365"
2026-08-30 17:21:08,21,도그 스타: 마지막 희망,2026-08-26,0.2%,865,"9,618"
2026-08-30 17:21:08,22,극장판 귀멸의 칼날: 무한성편,재개봉일 : 2026-08-26 2025-08-22,0.2%,864,"5,822,719"
2026-08-30 17:21:08,23,드라큘라: 러브 테일,2026-08-26,0.2%,817,"10,268"
2026-08-30 17:21:08,24,호프,2026-07-15,0.2%,801,"4,532,929"
2026-08-30 17:21:08,25,귀향: 언니야 이제 집에 가자,2026-08-26,0.2%,757,"2,233"
2026-08-30 18:21:08,1,오디세이,2026-08-05,66.1%,"286,311","8,471,038"
2026-08-30 18:21:08,2,암살자(들),2026-09-23,7.4%,"31,959",0
2026-08-30 18:21:08,3,스파이더맨: 브랜드 뉴 데이,2026-07-29,4.5%,"19,557","8,454,119"
2026-08-30 18:21:08,4,비광,2026-09-02,4.5%,"19,418","1,795"
2026-08-30 18:21:08,5,인턴,2026-09-16,3.0%,"13,079",0
2026-08-30 18:21:08,6,경주기행,2026-08-26,2.3%,"9,990","147,900"
2026-08-30 18:21:08,7,싱 어게인,2026-09-02,1.7%,"7,270","1,389"
2026-08-30 18:21:08,8,옵세션,2026-09-02,1.0%,"4,198",782
2026-08-30 18:21:08,9,오크 스트리트의 마지막 날,2026-08-26,1.0%,"4,195","86,576"
2026-08-30 18:21:08,10,인 더 그레이,2026-09-02,0.8%,"3,651",156
2026-08-30 18:21:08,11,인시디어스: 그들이 넘어왔다,2026-08-20,0.6%,"2,711","141,172"
2026-08-30 18:21:08,12,포가튼 아일랜드,2026-09-23,0.5%,"2,006",0
2026-08-30 18:21:08,13,핵소 고지,재개봉일 : 2026-09-02 2017-02-22,0.5%,"1,986","178,990"
2026-08-30 18:21:08,14,명탐정 코난: 하이웨이의 타천사,2026-08-12,0.4%,"1,708","395,471"
2026-08-30 18:21:08,15,극장판 기븐 – 바다로,2026-08-26,0.3%,"1,277","4,251"
2026-08-30 18:21:08,16,보헤미안 랩소디,"재개봉일 : 2020-05-21, 2026-08-12 2018-10-31",0.3%,"1,245","9,961,306"
2026-08-30 18:21:08,17,마루 밑 아리에티,재개봉일 : 2026-08-19 2010-09-09,0.3%,"1,151","1,092,813"
2026-08-30 18:21:08,18,가족여행,2026-09-30,0.2%,"1,001",93
2026-08-30 18:21:08,19,오케이 마담2,2026-08-12,0.2%,915,"329,869"
2026-08-30 18:21:08,20,위커 맨: 파이널 컷,2026-08-19,0.2%,912,"13,365"
2026-08-30 18:21:08,21,극장판 귀멸의 칼날: 무한성편,재개봉일 : 2026-08-26 2025-08-22,0.2%,885,"5,822,719"
2026-08-30 18:21:08,22,도그 스타: 마지막 희망,2026-08-26,0.2%,846,"9,618"
2026-08-30 18:21:08,23,드라큘라: 러브 테일,2026-08-26,0.2%,746,"10,268"
2026-08-30 18:21:08,24,모모와 다락방의 수상한 요괴들,재개봉일 : 2026-09-02 2012-07-05,0.2%,698,"300,664"
2026-08-30 18:21:08,25,호프,2026-07-15,0.2%,692,"4,532,929"
2026-08-30 19:21:11,1,오디세이,2026-08-05,66.0%,"281,572","8,471,038"
2026-08-30 19:21:11,2,암살자(들),2026-09-23,7.5%,"32,060",0
2026-08-30 19:21:11,3,비광,2026-09-02,4.6%,"19,447","1,795"
2026-08-30 19:21:11,4,스파이더맨: 브랜드 뉴 데이,2026-07-29,4.3%,"18,166","8,454,119"
2026-08-30 19:21:11,5,인턴,2026-09-16,3.1%,"13,126",0
2026-08-30 19:21:11,6,경주기행,2026-08-26,2.2%,"9,450","147,900"
2026-08-30 19:21:11,7,싱 어게인,2026-09-02,1.7%,"7,297","1,389"
2026-08-30 19:21:11,8,옵세션,2026-09-02,1.0%,"4,327",782
2026-08-30 19:21:11,9,오크 스트리트의 마지막 날,2026-08-26,0.9%,"4,004","86,576"
2026-08-30 19:21:11,10,인 더 그레이,2026-09-02,0.9%,"3,656",156
2026-08-30 19:21:11,11,인시디어스: 그들이 넘어왔다,2026-08-20,0.5%,"2,325","141,172"
2026-08-30 19:21:11,12,핵소 고지,재개봉일 : 2026-09-02 2017-02-22,0.5%,"2,011","178,990"
2026-08-30 19:21:11,13,포가튼 아일랜드,2026-09-23,0.5%,"2,006",0
2026-08-30 19:21:11,14,명탐정 코난: 하이웨이의 타천사,2026-08-12,0.4%,"1,661","395,471"
2026-08-30 19:21:11,15,극장판 기븐 – 바다로,2026-08-26,0.3%,"1,301","4,251"
2026-08-30 19:21:11,16,보헤미안 랩소디,"재개봉일 : 2020-05-21, 2026-08-12 2018-10-31",0.3%,"1,234","9,961,306"
2026-08-30 19:21:11,17,마루 밑 아리에티,재개봉일 : 2026-08-19 2010-09-09,0.3%,"1,166","1,092,813"
2026-08-30 19:21:11,18,가족여행,2026-09-30,0.2%,"1,001",93
2026-08-30 19:21:11,19,위커 맨: 파이널 컷,2026-08-19,0.2%,919,"13,365"
2026-08-30 19:21:11,20,오케이 마담2,2026-08-12,0.2%,904,"329,869"
2026-08-30 19:21:11,21,극장판 귀멸의 칼날: 무한성편,재개봉일 : 2026-08-26 2025-08-22,0.2%,829,"5,822,719"
2026-08-30 19:21:11,22,도그 스타: 마지막 희망,2026-08-26,0.2%,813,"9,618"
2026-08-30 19:21:11,23,모모와 다락방의 수상한 요괴들,재개봉일 : 2026-09-02 2012-07-05,0.2%,700,"300,664"
2026-08-30 19:21:11,24,호프,2026-07-15,0.2%,689,"4,532,929"
2026-08-30 19:21:11,25,고스트밴드,2026-08-26,0.2%,681,"10,180"
2026-08-30 20:21:08,1,오디세이,2026-08-05,66.0%,"281,441","8,471,038"
2026-08-30 20:21:08,2,암살자(들),2026-09-23,7.5%,"32,165",0
2026-08-30 20:21:08,3,비광,2026-09-02,4.6%,"19,511","1,795"
2026-08-30 20:21:08,4,스파이더맨: 브랜드 뉴 데이,2026-07-29,4.2%,"18,086","8,454,119"
2026-08-30 20:21:08,5,인턴,2026-09-16,3.1%,"13,164",0
2026-08-30 20:21:08,6,경주기행,2026-08-26,2.2%,"9,256","147,900"
2026-08-30 20:21:08,7,싱 어게인,2026-09-02,1.7%,"7,346","1,389"
2026-08-30 20:21:08,8,옵세션,2026-09-02,1.1%,"4,486",782
2026-08-30 20:21:08,9,오크 스트리트의 마지막 날,2026-08-26,0.9%,"3,916","86,576"
2026-08-30 20:21:08,10,인 더 그레이,2026-09-02,0.9%,"3,664",156
2026-08-30 20:21:08,11,핵소 고지,재개봉일 : 2026-09-02 2017-02-22,0.5%,"2,019","178,990"
2026-08-30 20:21:08,12,포가튼 아일랜드,2026-09-23,0.5%,"2,006",0
2026-08-30 20:21:08,13,인시디어스: 그들이 넘어왔다,2026-08-20,0.4%,"1,896","141,172"
2026-08-30 20:21:08,14,명탐정 코난: 하이웨이의 타천사,2026-08-12,0.4%,"1,707","395,471"
2026-08-30 20:21:08,15,극장판 기븐 – 바다로,2026-08-26,0.3%,"1,302","4,251"
2026-08-30 20:21:08,16,보헤미안 랩소디,"재개봉일 : 2020-05-21, 2026-08-12 2018-10-31",0.3%,"1,234","9,961,306"
2026-08-30 20:21:08,17,마루 밑 아리에티,재개봉일 : 2026-08-19 2010-09-09,0.3%,"1,187","1,092,813"
2026-08-30 20:21:08,18,가족여행,2026-09-30,0.2%,"1,001",93
2026-08-30 20:21:08,19,오케이 마담2,2026-08-12,0.2%,907,"329,869"
2026-08-30 20:21:08,20,위커 맨: 파이널 컷,2026-08-19,0.2%,891,"13,365"
2026-08-30 20:21:08,21,극장판 귀멸의 칼날: 무한성편,재개봉일 : 2026-08-26 2025-08-22,0.2%,855,"5,822,719"
2026-08-30 20:21:08,22,도그 스타: 마지막 희망,2026-08-26,0.2%,787,"9,618"
2026-08-30 20:21:08,23,더 드라마,2026-09-09,0.2%,734,918
2026-08-30 20:21:08,24,모모와 다락방의 수상한 요괴들,재개봉일 : 2026-09-02 2012-07-05,0.2%,706,"300,664"
2026-08-30 20:21:08,25,호프,2026-07-15,0.2%,695,"4,532,929"
2026-08-30 21:21:08,1,오디세이,2026-08-05,65.9%,"283,511","8,471,038"
2026-08-30 21:21:08,2,암살자(들),2026-09-23,7.5%,"32,289",0
2026-08-30 21:21:08,3,비광,2026-09-02,4.5%,"19,539","1,795"
2026-08-30 21:21:08,4,스파이더맨: 브랜드 뉴 데이,2026-07-29,4.3%,"18,346","8,454,119"
2026-08-30 21:21:08,5,인턴,2026-09-16,3.1%,"13,216",0
2026-08-30 21:21:08,6,경주기행,2026-08-26,2.2%,"9,458","147,900"
2026-08-30 21:21:08,7,싱 어게인,2026-09-02,1.7%,"7,391","1,389"
2026-08-30 21:21:08,8,옵세션,2026-09-02,1.1%,"4,711",782
2026-08-30 21:21:08,9,오크 스트리트의 마지막 날,2026-08-26,0.9%,"3,939","86,576"
2026-08-30 21:21:08,10,인 더 그레이,2026-09-02,0.9%,"3,669",156
2026-08-30 21:21:08,11,핵소 고지,재개봉일 : 2026-09-02 2017-02-22,0.5%,"2,024","178,990"
2026-08-30 21:21:08,12,포가튼 아일랜드,2026-09-23,0.5%,"2,006",0
2026-08-30 21:21:08,13,명탐정 코난: 하이웨이의 타천사,2026-08-12,0.4%,"1,823","395,471"
2026-08-30 21:21:08,14,인시디어스: 그들이 넘어왔다,2026-08-20,0.4%,"1,571","141,172"
2026-08-30 21:21:08,15,극장판 기븐 – 바다로,2026-08-26,0.3%,"1,314","4,251"
2026-08-30 21:21:08,16,보헤미안 랩소디,"재개봉일 : 2020-05-21, 2026-08-12 2018-10-31",0.3%,"1,230","9,961,306"
2026-08-30 21:21:08,17,마루 밑 아리에티,재개봉일 : 2026-08-19 2010-09-09,0.3%,"1,217","1,092,813"
2026-08-30 21:21:08,18,가족여행,2026-09-30,0.2%,"1,001",93
2026-08-30 21:21:08,19,오케이 마담2,2026-08-12,0.2%,948,"329,869"
2026-08-30 21:21:08,20,위커 맨: 파이널 컷,2026-08-19,0.2%,910,"13,365"
2026-08-30 21:21:08,21,극장판 귀멸의 칼날: 무한성편,재개봉일 : 2026-08-26 2025-08-22,0.2%,874,"5,822,719"
2026-08-30 21:21:08,22,도그 스타: 마지막 희망,2026-08-26,0.2%,798,"9,618"
2026-08-30 21:21:08,23,더 드라마,2026-09-09,0.2%,735,918
2026-08-30 21:21:08,24,모모와 다락방의 수상한 요괴들,재개봉일 : 2026-09-02 2012-07-05,0.2%,724,"300,664"
2026-08-30 21:21:08,25,고스트밴드,2026-08-26,0.2%,687,"10,180"
2026-08-30 22:21:08,1,오디세이,2026-08-05,66.0%,"287,903","8,471,038"
2026-08-30 22:21:08,2,암살자(들),2026-09-23,7.4%,"32,463",0
2026-08-30 22:21:08,3,비광,2026-09-02,4.5%,"19,574","1,795"
2026-08-30 22:21:08,4,스파이더맨: 브랜드 뉴 데이,2026-07-29,4.4%,"19,105","8,454,119"
2026-08-30 22:21:08,5,인턴,2026-09-16,3.0%,"13,241",0
2026-08-30 22:21:08,6,경주기행,2026-08-26,2.2%,"9,785","147,900"
2026-08-30 22:21:08,7,싱 어게인,2026-09-02,1.7%,"7,439","1,389"
2026-08-30 22:21:08,8,옵세션,2026-09-02,1.1%,"4,890",782
2026-08-30 22:21:08,9,오크 스트리트의 마지막 날,2026-08-26,0.9%,"4,084","86,576"
2026-08-30 22:21:08,10,인 더 그레이,2026-09-02,0.8%,"3,681",156
2026-08-30 22:21:08,11,핵소 고지,재개봉일 : 2026-09-02 2017-02-22,0.5%,"2,045","178,990"
2026-08-30 22:21:08,12,포가튼 아일랜드,2026-09-23,0.5%,"2,006",0
2026-08-30 22:21:08,13,명탐정 코난: 하이웨이의 타천사,2026-08-12,0.5%,"1,987","395,471"
2026-08-30 22:21:08,14,극장판 기븐 – 바다로,2026-08-26,0.3%,"1,334","4,251"
2026-08-30 22:21:08,15,인시디어스: 그들이 넘어왔다,2026-08-20,0.3%,"1,285","141,172"
2026-08-30 22:21:08,16,마루 밑 아리에티,재개봉일 : 2026-08-19 2010-09-09,0.3%,"1,244","1,092,813"
2026-08-30 22:21:08,17,보헤미안 랩소디,"재개봉일 : 2020-05-21, 2026-08-12 2018-10-31",0.3%,"1,219","9,961,306"
2026-08-30 22:21:08,18,오케이 마담2,2026-08-12,0.2%,"1,018","329,869"
2026-08-30 22:21:08,19,가족여행,2026-09-30,0.2%,"1,001",93
2026-08-30 22:21:08,20,위커 맨: 파이널 컷,2026-08-19,0.2%,940,"13,365"
2026-08-30 22:21:08,21,극장판 귀멸의 칼날: 무한성편,재개봉일 : 2026-08-26 2025-08-22,0.2%,896,"5,822,719"
2026-08-30 22:21:08,22,도그 스타: 마지막 희망,2026-08-26,0.2%,810,"9,618"
2026-08-30 22:21:08,23,모모와 다락방의 수상한 요괴들,재개봉일 : 2026-09-02 2012-07-05,0.2%,740,"300,664"
2026-08-30 22:21:08,24,더 드라마,2026-09-09,0.2%,735,918
2026-08-30 22:21:08,25,어떻게 해야 했을까?,2026-07-29,0.2%,700,"91,654"
2026-08-30 23:21:08,1,오디세이,2026-08-05,65.8%,"290,960","8,471,038"
2026-08-30 23:21:08,2,암살자(들),2026-09-23,7.4%,"32,635",0
2026-08-30 23:21:08,3,스파이더맨: 브랜드 뉴 데이,2026-07-29,4.5%,"20,095","8,454,119"
2026-08-30 23:21:08,4,비광,2026-09-02,4.4%,"19,590","1,795"
2026-08-30 23:21:08,5,인턴,2026-09-16,3.0%,"13,324",0
2026-08-30 23:21:08,6,경주기행,2026-08-26,2.3%,"10,142","147,900"
2026-08-30 23:21:08,7,싱 어게인,2026-09-02,1.7%,"7,519","1,389"
2026-08-30 23:21:08,8,옵세션,2026-09-02,1.1%,"5,038",782
2026-08-30 23:21:08,9,오크 스트리트의 마지막 날,2026-08-26,0.9%,"4,183","86,576"
2026-08-30 23:21:08,10,인 더 그레이,2026-09-02,0.8%,"3,687",156
2026-08-30 23:21:08,11,명탐정 코난: 하이웨이의 타천사,2026-08-12,0.5%,"2,118","395,471"
2026-08-30 23:21:08,12,핵소 고지,재개봉일 : 2026-09-02 2017-02-22,0.5%,"2,065","178,990"
2026-08-30 23:21:08,13,포가튼 아일랜드,2026-09-23,0.5%,"2,006",0
2026-08-30 23:21:08,14,인시디어스: 그들이 넘어왔다,2026-08-20,0.3%,"1,366","141,172"
2026-08-30 23:21:08,15,극장판 기븐 – 바다로,2026-08-26,0.3%,"1,347","4,251"
2026-08-30 23:21:08,16,마루 밑 아리에티,재개봉일 : 2026-08-19 2010-09-09,0.3%,"1,265","1,092,813"
2026-08-30 23:21:08,17,보헤미안 랩소디,"재개봉일 : 2020-05-21, 2026-08-12 2018-10-31",0.3%,"1,213","9,961,306"
2026-08-30 23:21:08,18,오케이 마담2,2026-08-12,0.3%,"1,110","329,869"
2026-08-30 23:21:08,19,가족여행,2026-09-30,0.2%,"1,001",93
2026-08-30 23:21:08,20,위커 맨: 파이널 컷,2026-08-19,0.2%,964,"13,365"
2026-08-30 23:21:08,21,극장판 귀멸의 칼날: 무한성편,재개봉일 : 2026-08-26 2025-08-22,0.2%,933,"5,822,719"
2026-08-30 23:21:08,22,도그 스타: 마지막 희망,2026-08-26,0.2%,837,"9,618"
2026-08-30 23:21:08,23,모모와 다락방의 수상한 요괴들,재개봉일 : 2026-09-02 2012-07-05,0.2%,750,"300,664"
2026-08-30 23:21:08,24,더 드라마,2026-09-09,0.2%,736,918
2026-08-30 23:21:08,25,호프,2026-07-15,0.2%,733,"4,532,929"
2026-08-31 00:21:08,1,오디세이,2026-08-05,65.8%,"294,960","8,864,930"
2026-08-31 00:21:08,2,암살자(들),2026-09-23,7.3%,"32,782",0
2026-08-31 00:21:08,3,스파이더맨: 브랜드 뉴 데이,2026-07-29,4.6%,"20,826","8,548,393"
2026-08-31 00:21:08,4,비광,2026-09-02,4.4%,"19,616","1,795"
2026-08-31 00:21:08,5,인턴,2026-09-16,3.0%,"13,371",0
2026-08-31 00:21:08,6,경주기행,2026-08-26,2.3%,"10,401","192,351"
2026-08-31 00:21:08,7,싱 어게인,2026-09-02,1.7%,"7,571","1,389"
2026-08-31 00:21:08,8,옵세션,2026-09-02,1.2%,"5,191",782
2026-08-31 00:21:08,9,오크 스트리트의 마지막 날,2026-08-26,1.0%,"4,317","107,421"
2026-08-31 00:21:08,10,인 더 그레이,2026-09-02,0.8%,"3,691",156
2026-08-31 00:21:08,11,명탐정 코난: 하이웨이의 타천사,2026-08-12,0.5%,"2,251","403,092"
2026-08-31 00:21:08,12,핵소 고지,재개봉일 : 2026-09-02 2017-02-22,0.5%,"2,094","179,284"
2026-08-31 00:21:08,13,포가튼 아일랜드,2026-09-23,0.4%,"2,006",0
2026-08-31 00:21:08,14,인시디어스: 그들이 넘어왔다,2026-08-20,0.3%,"1,562","148,317"
2026-08-31 00:21:08,15,극장판 기븐 – 바다로,2026-08-26,0.3%,"1,364","5,320"
2026-08-31 00:21:08,16,마루 밑 아리에티,재개봉일 : 2026-08-19 2010-09-09,0.3%,"1,294","1,094,512"
2026-08-31 00:21:08,17,보헤미안 랩소디,"재개봉일 : 2020-05-21, 2026-08-12 2018-10-31",0.3%,"1,208","9,961,358"
2026-08-31 00:21:08,18,오케이 마담2,2026-08-12,0.3%,"1,189","334,897"
2026-08-31 00:21:08,19,위커 맨: 파이널 컷,2026-08-19,0.2%,"1,004","14,255"
2026-08-31 00:21:08,20,가족여행,2026-09-30,0.2%,"1,001",93
2026-08-31 00:21:08,21,극장판 귀멸의 칼날: 무한성편,재개봉일 : 2026-08-26 2025-08-22,0.2%,955,"5,825,025"
2026-08-31 00:21:08,22,도그 스타: 마지막 희망,2026-08-26,0.2%,845,"11,718"
2026-08-31 00:21:08,23,호프,2026-07-15,0.2%,769,"4,535,079"
2026-08-31 00:21:08,24,모모와 다락방의 수상한 요괴들,재개봉일 : 2026-09-02 2012-07-05,0.2%,767,"300,738"
2026-08-31 00:21:08,25,어떻게 해야 했을까?,2026-07-29,0.2%,744,"93,338"
2026-08-31 01:21:08,1,오디세이,2026-08-05,65.7%,"297,163","8,864,922"
2026-08-31 01:21:08,2,암살자(들),2026-09-23,7.3%,"32,896",0
2026-08-31 01:21:08,3,스파이더맨: 브랜드 뉴 데이,2026-07-29,4.7%,"21,422","8,548,401"
2026-08-31 01:21:08,4,비광,2026-09-02,4.3%,"19,639","1,795"
2026-08-31 01:21:08,5,인턴,2026-09-16,3.0%,"13,414",0
2026-08-31 01:21:08,6,경주기행,2026-08-26,2.3%,"10,595","192,362"
2026-08-31 01:21:08,7,싱 어게인,2026-09-02,1.7%,"7,612","1,389"
2026-08-31 01:21:08,8,옵세션,2026-09-02,1.2%,"5,341",782
2026-08-31 01:21:08,9,오크 스트리트의 마지막 날,2026-08-26,1.0%,"4,373","107,424"
2026-08-31 01:21:08,10,인 더 그레이,2026-09-02,0.8%,"3,698",156
2026-08-31 01:21:08,11,명탐정 코난: 하이웨이의 타천사,2026-08-12,0.5%,"2,350","403,092"
2026-08-31 01:21:08,12,핵소 고지,재개봉일 : 2026-09-02 2017-02-22,0.5%,"2,115","179,284"
2026-08-31 01:21:08,13,포가튼 아일랜드,2026-09-23,0.4%,"2,006",0
2026-08-31 01:21:08,14,인시디어스: 그들이 넘어왔다,2026-08-20,0.4%,"1,705","148,329"
2026-08-31 01:21:08,15,극장판 기븐 – 바다로,2026-08-26,0.3%,"1,378","5,320"
2026-08-31 01:21:08,16,마루 밑 아리에티,재개봉일 : 2026-08-19 2010-09-09,0.3%,"1,319","1,094,512"
2026-08-31 01:21:08,17,오케이 마담2,2026-08-12,0.3%,"1,202","334,897"
2026-08-31 01:21:08,18,보헤미안 랩소디,"재개봉일 : 2020-05-21, 2026-08-12 2018-10-31",0.3%,"1,170","9,961,358"
2026-08-31 01:21:08,19,위커 맨: 파이널 컷,2026-08-19,0.2%,"1,021","14,259"
2026-08-31 01:21:08,20,가족여행,2026-09-30,0.2%,"1,001",93
2026-08-31 01:21:08,21,극장판 귀멸의 칼날: 무한성편,재개봉일 : 2026-08-26 2025-08-22,0.2%,965,"5,825,025"
2026-08-31 01:21:08,22,도그 스타: 마지막 희망,2026-08-26,0.2%,861,"11,718"
2026-08-31 01:21:08,23,호프,2026-07-15,0.2%,787,"4,535,079"
2026-08-31 01:21:08,24,모모와 다락방의 수상한 요괴들,재개봉일 : 2026-09-02 2012-07-05,0.2%,776,"300,738"
2026-08-31 01:21:08,25,어떻게 해야 했을까?,2026-07-29,0.2%,768,"93,338"
2026-08-31 02:21:08,1,오디세이,2026-08-05,65.6%,"298,271","8,864,930"
2026-08-31 02:21:08,2,암살자(들),2026-09-23,7.2%,"32,953",0
2026-08-31 02:21:08,3,스파이더맨: 브랜드 뉴 데이,2026-07-29,4.8%,"21,660","8,548,401"
2026-08-31 02:21:08,4,비광,2026-09-02,4.3%,"19,648","1,795"
2026-08-31 02:21:08,5,인턴,2026-09-16,3.0%,"13,447",0
2026-08-31 02:21:08,6,경주기행,2026-08-26,2.4%,"10,716","192,362"
2026-08-31 02:21:08,7,싱 어게인,2026-09-02,1.7%,"7,630","1,389"
2026-08-31 02:21:08,8,옵세션,2026-09-02,1.2%,"5,434",782
2026-08-31 02:21:08,9,오크 스트리트의 마지막 날,2026-08-26,1.0%,"4,416","107,424"
2026-08-31 02:21:08,10,인 더 그레이,2026-09-02,0.8%,"3,699",156
2026-08-31 02:21:08,11,명탐정 코난: 하이웨이의 타천사,2026-08-12,0.5%,"2,408","403,092"
2026-08-31 02:21:08,12,핵소 고지,재개봉일 : 2026-09-02 2017-02-22,0.5%,"2,150","179,284"
2026-08-31 02:21:08,13,포가튼 아일랜드,2026-09-23,0.4%,"2,006",0
2026-08-31 02:21:08,14,인시디어스: 그들이 넘어왔다,2026-08-20,0.4%,"1,748","148,331"
2026-08-31 02:21:08,15,극장판 기븐 – 바다로,2026-08-26,0.3%,"1,384","5,320"
2026-08-31 02:21:08,16,마루 밑 아리에티,재개봉일 : 2026-08-19 2010-09-09,0.3%,"1,332","1,094,512"
2026-08-31 02:21:08,17,오케이 마담2,2026-08-12,0.3%,"1,213","334,897"
2026-08-31 02:21:08,18,보헤미안 랩소디,"재개봉일 : 2020-05-21, 2026-08-12 2018-10-31",0.3%,"1,159","9,961,358"
2026-08-31 02:21:08,19,위커 맨: 파이널 컷,2026-08-19,0.2%,"1,034","14,259"
2026-08-31 02:21:08,20,가족여행,2026-09-30,0.2%,"1,001",93
2026-08-31 02:21:08,21,극장판 귀멸의 칼날: 무한성편,재개봉일 : 2026-08-26 2025-08-22,0.2%,971,"5,825,025"
2026-08-31 02:21:08,22,도그 스타: 마지막 희망,2026-08-26,0.2%,865,"11,718"
2026-08-31 02:21:08,23,호프,2026-07-15,0.2%,799,"4,535,079"
2026-08-31 02:21:08,24,모모와 다락방의 수상한 요괴들,재개봉일 : 2026-09-02 2012-07-05,0.2%,786,"300,738"
2026-08-31 02:21:08,25,어떻게 해야 했을까?,2026-07-29,0.2%,775,"93,338"
2026-08-31 03:21:08,1,오디세이,2026-08-05,65.6%,"298,818","8,864,930"
2026-08-31 03:21:08,2,암살자(들),2026-09-23,7.2%,"33,033",0
2026-08-31 03:21:08,3,스파이더맨: 브랜드 뉴 데이,2026-07-29,4.8%,"21,814","8,548,401"
2026-08-31 03:21:08,4,비광,2026-09-02,4.3%,"19,658","1,795"
2026-08-31 03:21:08,5,인턴,2026-09-16,3.0%,"13,465",0
2026-08-31 03:21:08,6,경주기행,2026-08-26,2.4%,"10,783","192,362"
2026-08-31 03:21:08,7,싱 어게인,2026-09-02,1.7%,"7,655","1,389"
2026-08-31 03:21:08,8,옵세션,2026-09-02,1.2%,"5,478",782
2026-08-31 03:21:08,9,오크 스트리트의 마지막 날,2026-08-26,1.0%,"4,439","107,424"
2026-08-31 03:21:08,10,인 더 그레이,2026-09-02,0.8%,"3,703",156
2026-08-31 03:21:08,11,명탐정 코난: 하이웨이의 타천사,2026-08-12,0.5%,"2,425","403,092"
2026-08-31 03:21:08,12,핵소 고지,재개봉일 : 2026-09-02 2017-02-22,0.5%,"2,157","179,284"
2026-08-31 03:21:08,13,포가튼 아일랜드,2026-09-23,0.4%,"2,006",0
2026-08-31 03:21:08,14,인시디어스: 그들이 넘어왔다,2026-08-20,0.4%,"1,773","148,331"
2026-08-31 03:21:08,15,극장판 기븐 – 바다로,2026-08-26,0.3%,"1,389","5,320"
2026-08-31 03:21:08,16,마루 밑 아리에티,재개봉일 : 2026-08-19 2010-09-09,0.3%,"1,355","1,094,512"
2026-08-31 03:21:08,17,오케이 마담2,2026-08-12,0.3%,"1,219","334,897"
2026-08-31 03:21:08,18,보헤미안 랩소디,"재개봉일 : 2020-05-21, 2026-08-12 2018-10-31",0.3%,"1,148","9,961,358"
2026-08-31 03:21:08,19,위커 맨: 파이널 컷,2026-08-19,0.2%,"1,037","14,259"
2026-08-31 03:21:08,20,가족여행,2026-09-30,0.2%,"1,001",93
2026-08-31 03:21:08,21,극장판 귀멸의 칼날: 무한성편,재개봉일 : 2026-08-26 2025-08-22,0.2%,976,"5,825,025"
2026-08-31 03:21:08,22,도그 스타: 마지막 희망,2026-08-26,0.2%,865,"11,718"
2026-08-31 03:21:08,23,호프,2026-07-15,0.2%,805,"4,535,079"
2026-08-31 03:21:08,24,모모와 다락방의 수상한 요괴들,재개봉일 : 2026-09-02 2012-07-05,0.2%,784,"300,738"
2026-08-31 03:21:08,25,어떻게 해야 했을까?,2026-07-29,0.2%,779,"93,338"
2026-08-31 04:21:08,1,오디세이,2026-08-05,65.6%,"299,050","8,864,931"
2026-08-31 04:21:08,2,암살자(들),2026-09-23,7.2%,"33,049",0
2026-08-31 04:21:08,3,스파이더맨: 브랜드 뉴 데이,2026-07-29,4.8%,"21,861","8,548,401"
2026-08-31 04:21:08,4,비광,2026-09-02,4.3%,"19,661","1,795"
2026-08-31 04:21:08,5,인턴,2026-09-16,3.0%,"13,473",0
2026-08-31 04:21:08,6,경주기행,2026-08-26,2.4%,"10,807","192,362"
2026-08-31 04:21:08,7,싱 어게인,2026-09-02,1.7%,"7,657","1,389"
2026-08-31 04:21:08,8,옵세션,2026-09-02,1.2%,"5,499",782
2026-08-31 04:21:08,9,오크 스트리트의 마지막 날,2026-08-26,1.0%,"4,442","107,424"
2026-08-31 04:21:08,10,인 더 그레이,2026-09-02,0.8%,"3,703",156
2026-08-31 04:21:08,11,명탐정 코난: 하이웨이의 타천사,2026-08-12,0.5%,"2,436","403,092"
2026-08-31 04:21:08,12,핵소 고지,재개봉일 : 2026-09-02 2017-02-22,0.5%,"2,159","179,284"
2026-08-31 04:21:08,13,포가튼 아일랜드,2026-09-23,0.4%,"2,006",0
2026-08-31 04:21:08,14,인시디어스: 그들이 넘어왔다,2026-08-20,0.4%,"1,780","148,331"
2026-08-31 04:21:08,15,극장판 기븐 – 바다로,2026-08-26,0.3%,"1,392","5,320"
2026-08-31 04:21:08,16,마루 밑 아리에티,재개봉일 : 2026-08-19 2010-09-09,0.3%,"1,366","1,094,512"
2026-08-31 04:21:08,17,오케이 마담2,2026-08-12,0.3%,"1,228","334,897"
2026-08-31 04:21:08,18,보헤미안 랩소디,"재개봉일 : 2020-05-21, 2026-08-12 2018-10-31",0.2%,"1,133","9,961,358"
2026-08-31 04:21:08,19,위커 맨: 파이널 컷,2026-08-19,0.2%,"1,039","14,259"
2026-08-31 04:21:08,20,가족여행,2026-09-30,0.2%,"1,001",93
2026-08-31 04:21:08,21,극장판 귀멸의 칼날: 무한성편,재개봉일 : 2026-08-26 2025-08-22,0.2%,979,"5,825,025"
2026-08-31 04:21:08,22,도그 스타: 마지막 희망,2026-08-26,0.2%,866,"11,718"
2026-08-31 04:21:08,23,호프,2026-07-15,0.2%,810,"4,535,079"
2026-08-31 04:21:08,24,모모와 다락방의 수상한 요괴들,재개봉일 : 2026-09-02 2012-07-05,0.2%,794,"300,738"
2026-08-31 04:21:08,25,어떻게 해야 했을까?,2026-07-29,0.2%,780,"93,338"
2026-08-31 05:21:08,1,오디세이,2026-08-05,65.5%,"298,998","8,864,944"
2026-08-31 05:21:08,2,암살자(들),2026-09-23,7.3%,"33,083",0
2026-08-31 05:21:08,3,스파이더맨: 브랜드 뉴 데이,2026-07-29,4.8%,"21,911","8,548,404"
2026-08-31 05:21:08,4,비광,2026-09-02,4.3%,"19,672","1,795"
2026-08-31 05:21:08,5,인턴,2026-09-16,3.0%,"13,487",0
2026-08-31 05:21:08,6,경주기행,2026-08-26,2.4%,"10,827","192,384"
2026-08-31 05:21:08,7,싱 어게인,2026-09-02,1.7%,"7,659","1,389"
2026-08-31 05:21:08,8,옵세션,2026-09-02,1.2%,"5,518",782
2026-08-31 05:21:08,9,오크 스트리트의 마지막 날,2026-08-26,1.0%,"4,445","107,438"
2026-08-31 05:21:08,10,인 더 그레이,2026-09-02,0.8%,"3,706",156
2026-08-31 05:21:08,11,명탐정 코난: 하이웨이의 타천사,2026-08-12,0.5%,"2,439","403,092"
2026-08-31 05:21:08,12,핵소 고지,재개봉일 : 2026-09-02 2017-02-22,0.5%,"2,171","179,284"
2026-08-31 05:21:08,13,포가튼 아일랜드,2026-09-23,0.4%,"2,006",0
2026-08-31 05:21:08,14,인시디어스: 그들이 넘어왔다,2026-08-20,0.4%,"1,781","148,331"
2026-08-31 05:21:08,15,극장판 기븐 – 바다로,2026-08-26,0.3%,"1,396","5,320"
2026-08-31 05:21:08,16,마루 밑 아리에티,재개봉일 : 2026-08-19 2010-09-09,0.3%,"1,368","1,094,512"
2026-08-31 05:21:08,17,오케이 마담2,2026-08-12,0.3%,"1,231","334,907"
2026-08-31 05:21:08,18,보헤미안 랩소디,"재개봉일 : 2020-05-21, 2026-08-12 2018-10-31",0.2%,"1,126","9,961,358"
2026-08-31 05:21:08,19,위커 맨: 파이널 컷,2026-08-19,0.2%,"1,039","14,259"
2026-08-31 05:21:08,20,가족여행,2026-09-30,0.2%,"1,001",93
2026-08-31 05:21:08,21,극장판 귀멸의 칼날: 무한성편,재개봉일 : 2026-08-26 2025-08-22,0.2%,980,"5,825,025"
2026-08-31 05:21:08,22,도그 스타: 마지막 희망,2026-08-26,0.2%,874,"11,718"
2026-08-31 05:21:08,23,호프,2026-07-15,0.2%,814,"4,535,079"
2026-08-31 05:21:08,24,모모와 다락방의 수상한 요괴들,재개봉일 : 2026-09-02 2012-07-05,0.2%,801,"300,738"
2026-08-31 05:21:08,25,어떻게 해야 했을까?,2026-07-29,0.2%,782,"93,338"
2026-08-31 06:21:08,1,오디세이,2026-08-05,65.4%,"297,816","8,864,944"
2026-08-31 06:21:08,2,암살자(들),2026-09-23,7.3%,"33,093",0
2026-08-31 06:21:08,3,스파이더맨: 브랜드 뉴 데이,2026-07-29,4.8%,"21,878","8,548,404"
2026-08-31 06:21:08,4,비광,2026-09-02,4.3%,"19,677","1,795"
2026-08-31 06:21:08,5,인턴,2026-09-16,3.0%,"13,490",0
2026-08-31 06:21:08,6,경주기행,2026-08-26,2.4%,"10,862","192,384"
2026-08-31 06:21:08,7,싱 어게인,2026-09-02,1.7%,"7,665","1,389"
2026-08-31 06:21:08,8,옵세션,2026-09-02,1.2%,"5,535",782
2026-08-31 06:21:08,9,오크 스트리트의 마지막 날,2026-08-26,1.0%,"4,432","107,438"
2026-08-31 06:21:08,10,인 더 그레이,2026-09-02,0.8%,"3,704",156
2026-08-31 06:21:08,11,명탐정 코난: 하이웨이의 타천사,2026-08-12,0.5%,"2,420","403,092"
2026-08-31 06:21:08,12,핵소 고지,재개봉일 : 2026-09-02 2017-02-22,0.5%,"2,183","179,284"
2026-08-31 06:21:08,13,포가튼 아일랜드,2026-09-23,0.4%,"2,006",0
2026-08-31 06:21:08,14,인시디어스: 그들이 넘어왔다,2026-08-20,0.4%,"1,791","148,331"
2026-08-31 06:21:08,15,극장판 기븐 – 바다로,2026-08-26,0.3%,"1,395","5,320"
2026-08-31 06:21:08,16,마루 밑 아리에티,재개봉일 : 2026-08-19 2010-09-09,0.3%,"1,365","1,094,512"
2026-08-31 06:21:08,17,오케이 마담2,2026-08-12,0.3%,"1,235","334,907"
2026-08-31 06:21:08,18,보헤미안 랩소디,"재개봉일 : 2020-05-21, 2026-08-12 2018-10-31",0.2%,"1,084","9,961,358"
2026-08-31 06:21:08,19,위커 맨: 파이널 컷,2026-08-19,0.2%,"1,039","14,259"
2026-08-31 06:21:08,20,가족여행,2026-09-30,0.2%,"1,001",93
2026-08-31 06:21:08,21,극장판 귀멸의 칼날: 무한성편,재개봉일 : 2026-08-26 2025-08-22,0.2%,980,"5,825,025"
2026-08-31 06:21:08,22,도그 스타: 마지막 희망,2026-08-26,0.2%,870,"11,718"
2026-08-31 06:21:08,23,호프,2026-07-15,0.2%,812,"4,535,079"
2026-08-31 06:21:08,24,모모와 다락방의 수상한 요괴들,재개봉일 : 2026-09-02 2012-07-05,0.2%,806,"300,738"
2026-08-31 06:21:08,25,드라큘라: 러브 테일,2026-08-26,0.2%,776,"11,677"
2026-08-31 07:21:08,1,오디세이,2026-08-05,65.2%,"294,122","8,864,944"
2026-08-31 07:21:08,2,암살자(들),2026-09-23,7.3%,"33,110",0
2026-08-31 07:21:08,3,스파이더맨: 브랜드 뉴 데이,2026-07-29,4.8%,"21,772","8,548,404"
2026-08-31 07:21:08,4,비광,2026-09-02,4.4%,"19,693","1,795"
2026-08-31 07:21:08,5,인턴,2026-09-16,3.0%,"13,511",0
2026-08-31 07:21:08,6,경주기행,2026-08-26,2.4%,"10,824","192,384"
2026-08-31 07:21:08,7,싱 어게인,2026-09-02,1.7%,"7,680","1,389"
2026-08-31 07:21:08,8,옵세션,2026-09-02,1.2%,"5,561",782
2026-08-31 07:21:08,9,오크 스트리트의 마지막 날,2026-08-26,1.0%,"4,402","107,438"
2026-08-31 07:21:08,10,인 더 그레이,2026-09-02,0.8%,"3,712",156
2026-08-31 07:21:08,11,명탐정 코난: 하이웨이의 타천사,2026-08-12,0.5%,"2,383","403,092"
2026-08-31 07:21:08,12,핵소 고지,재개봉일 : 2026-09-02 2017-02-22,0.5%,"2,189","179,284"
2026-08-31 07:21:08,13,포가튼 아일랜드,2026-09-23,0.4%,"2,006",0
2026-08-31 07:21:08,14,인시디어스: 그들이 넘어왔다,2026-08-20,0.4%,"1,791","148,331"
2026-08-31 07:21:08,15,극장판 기븐 – 바다로,2026-08-26,0.3%,"1,392","5,320"
2026-08-31 07:21:08,16,마루 밑 아리에티,재개봉일 : 2026-08-19 2010-09-09,0.3%,"1,349","1,094,512"
2026-08-31 07:21:08,17,오케이 마담2,2026-08-12,0.3%,"1,215","334,907"
2026-08-31 07:21:08,18,위커 맨: 파이널 컷,2026-08-19,0.2%,"1,028","14,259"
2026-08-31 07:21:08,19,가족여행,2026-09-30,0.2%,"1,001",93
2026-08-31 07:21:08,20,극장판 귀멸의 칼날: 무한성편,재개봉일 : 2026-08-26 2025-08-22,0.2%,977,"5,825,025"
2026-08-31 07:21:08,21,보헤미안 랩소디,"재개봉일 : 2020-05-21, 2026-08-12 2018-10-31",0.2%,902,"9,961,358"
2026-08-31 07:21:08,22,도그 스타: 마지막 희망,2026-08-26,0.2%,858,"11,718"
2026-08-31 07:21:08,23,호프,2026-07-15,0.2%,813,"4,535,079"
2026-08-31 07:21:08,24,모모와 다락방의 수상한 요괴들,재개봉일 : 2026-09-02 2012-07-05,0.2%,812,"300,738"
2026-08-31 07:21:08,25,드라큘라: 러브 테일,2026-08-26,0.2%,780,"11,677"
2026-08-31 08:21:08,1,오디세이,2026-08-05,65.0%,"286,414","8,864,951"
2026-08-31 08:21:08,2,암살자(들),2026-09-23,7.5%,"33,163",0
2026-08-31 08:21:08,3,스파이더맨: 브랜드 뉴 데이,2026-07-29,4.6%,"20,413","8,548,405"
2026-08-31 08:21:08,4,비광,2026-09-02,4.5%,"19,707","1,795"
2026-08-31 08:21:08,5,인턴,2026-09-16,3.1%,"13,525",0
2026-08-31 08:21:08,6,경주기행,2026-08-26,2.4%,"10,444","192,384"
2026-08-31 08:21:08,7,싱 어게인,2026-09-02,1.7%,"7,696","1,389"
2026-08-31 08:21:08,8,옵세션,2026-09-02,1.3%,"5,607",782
2026-08-31 08:21:08,9,오크 스트리트의 마지막 날,2026-08-26,1.0%,"4,259","107,438"
2026-08-31 08:21:08,10,인 더 그레이,2026-09-02,0.8%,"3,720",156
2026-08-31 08:21:08,11,명탐정 코난: 하이웨이의 타천사,2026-08-12,0.5%,"2,269","403,090"
2026-08-31 08:21:08,12,핵소 고지,재개봉일 : 2026-09-02 2017-02-22,0.5%,"2,193","179,284"
2026-08-31 08:21:08,13,포가튼 아일랜드,2026-09-23,0.5%,"2,006",0
2026-08-31 08:21:08,14,인시디어스: 그들이 넘어왔다,2026-08-20,0.4%,"1,824","148,333"
2026-08-31 08:21:08,15,극장판 기븐 – 바다로,2026-08-26,0.3%,"1,375","5,320"
2026-08-31 08:21:08,16,마루 밑 아리에티,재개봉일 : 2026-08-19 2010-09-09,0.3%,"1,273","1,094,512"
2026-08-31 08:21:08,17,오케이 마담2,2026-08-12,0.3%,"1,219","334,907"
2026-08-31 08:21:08,18,위커 맨: 파이널 컷,2026-08-19,0.2%,"1,016","14,259"
2026-08-31 08:21:08,19,가족여행,2026-09-30,0.2%,"1,001",93
2026-08-31 08:21:08,20,극장판 귀멸의 칼날: 무한성편,재개봉일 : 2026-08-26 2025-08-22,0.2%,965,"5,825,025"
2026-08-31 08:21:08,21,도그 스타: 마지막 희망,2026-08-26,0.2%,827,"11,718"
2026-08-31 08:21:08,22,모모와 다락방의 수상한 요괴들,재개봉일 : 2026-09-02 2012-07-05,0.2%,813,"300,738"
2026-08-31 08:21:08,23,호프,2026-07-15,0.2%,784,"4,535,081"
2026-08-31 08:21:08,24,드라큘라: 러브 테일,2026-08-26,0.2%,748,"11,677"
2026-08-31 08:21:08,25,더 드라마,2026-09-09,0.2%,739,918
2026-08-31 09:21:09,1,오디세이,2026-08-05,64.9%,"281,497","8,864,951"
2026-08-31 09:21:09,2,암살자(들),2026-09-23,7.7%,"33,243",0
2026-08-31 09:21:09,3,비광,2026-09-02,4.5%,"19,726","1,795"
2026-08-31 09:21:09,4,스파이더맨: 브랜드 뉴 데이,2026-07-29,4.5%,"19,655","8,548,405"
2026-08-31 09:21:09,5,인턴,2026-09-16,3.1%,"13,555",0
2026-08-31 09:21:09,6,경주기행,2026-08-26,2.3%,"10,099","192,384"
2026-08-31 09:21:09,7,싱 어게인,2026-09-02,1.8%,"7,720","1,389"
2026-08-31 09:21:09,8,옵세션,2026-09-02,1.3%,"5,676",782
2026-08-31 09:21:09,9,오크 스트리트의 마지막 날,2026-08-26,0.9%,"4,070","107,438"
2026-08-31 09:21:09,10,인 더 그레이,2026-09-02,0.9%,"3,732",156
2026-08-31 09:21:09,11,핵소 고지,재개봉일 : 2026-09-02 2017-02-22,0.5%,"2,206","179,284"
2026-08-31 09:21:09,12,명탐정 코난: 하이웨이의 타천사,2026-08-12,0.5%,"2,151","403,090"
2026-08-31 09:21:09,13,포가튼 아일랜드,2026-09-23,0.5%,"2,006",0
2026-08-31 09:21:09,14,인시디어스: 그들이 넘어왔다,2026-08-20,0.4%,"1,839","148,333"
2026-08-31 09:21:09,15,극장판 기븐 – 바다로,2026-08-26,0.3%,"1,381","5,320"
2026-08-31 09:21:09,16,마루 밑 아리에티,재개봉일 : 2026-08-19 2010-09-09,0.3%,"1,244","1,094,512"
2026-08-31 09:21:09,17,오케이 마담2,2026-08-12,0.2%,"1,075","334,907"
2026-08-31 09:21:09,18,위커 맨: 파이널 컷,2026-08-19,0.2%,"1,024","14,259"
2026-08-31 09:21:09,19,가족여행,2026-09-30,0.2%,"1,001",93
2026-08-31 09:21:09,20,극장판 귀멸의 칼날: 무한성편,재개봉일 : 2026-08-26 2025-08-22,0.2%,959,"5,825,025"
2026-08-31 09:21:09,21,모모와 다락방의 수상한 요괴들,재개봉일 : 2026-09-02 2012-07-05,0.2%,826,"300,738"
2026-08-31 09:21:09,22,호프,2026-07-15,0.2%,765,"4,535,081"
2026-08-31 09:21:09,23,도그 스타: 마지막 희망,2026-08-26,0.2%,764,"11,718"
2026-08-31 09:21:09,24,더 드라마,2026-09-09,0.2%,739,918
2026-08-31 09:21:09,25,드라큘라: 러브 테일,2026-08-26,0.2%,725,"11,677"
2026-08-31 10:21:08,1,오디세이,2026-08-05,64.7%,"282,023","8,864,959"
2026-08-31 10:21:08,2,암살자(들),2026-09-23,7.7%,"33,371",0
2026-08-31 10:21:08,3,스파이더맨: 브랜드 뉴 데이,2026-07-29,4.6%,"19,881","8,548,401"
2026-08-31 10:21:08,4,비광,2026-09-02,4.5%,"19,775","1,795"
2026-08-31 10:21:08,5,인턴,2026-09-16,3.1%,"13,585",0
2026-08-31 10:21:08,6,경주기행,2026-08-26,2.6%,"11,260","192,384"
2026-08-31 10:21:08,7,싱 어게인,2026-09-02,1.8%,"7,749","1,389"
2026-08-31 10:21:08,8,옵세션,2026-09-02,1.3%,"5,788",782
2026-08-31 10:21:08,9,오크 스트리트의 마지막 날,2026-08-26,0.9%,"3,941","107,438"
2026-08-31 10:21:08,10,인 더 그레이,2026-09-02,0.9%,"3,745",156
2026-08-31 10:21:08,11,핵소 고지,재개봉일 : 2026-09-02 2017-02-22,0.5%,"2,229","179,284"
2026-08-31 10:21:08,12,명탐정 코난: 하이웨이의 타천사,2026-08-12,0.5%,"2,101","403,090"
2026-08-31 10:21:08,13,포가튼 아일랜드,2026-09-23,0.5%,"2,006",0
2026-08-31 10:21:08,14,인시디어스: 그들이 넘어왔다,2026-08-20,0.4%,"1,889","148,333"
2026-08-31 10:21:08,15,극장판 기븐 – 바다로,2026-08-26,0.3%,"1,369","5,320"
2026-08-31 10:21:08,16,마루 밑 아리에티,재개봉일 : 2026-08-19 2010-09-09,0.3%,"1,237","1,094,512"
2026-08-31 10:21:08,17,위커 맨: 파이널 컷,2026-08-19,0.2%,"1,018","14,259"
2026-08-31 10:21:08,18,오케이 마담2,2026-08-12,0.2%,"1,013","334,907"
2026-08-31 10:21:08,19,가족여행,2026-09-30,0.2%,"1,001",93
2026-08-31 10:21:08,20,극장판 귀멸의 칼날: 무한성편,재개봉일 : 2026-08-26 2025-08-22,0.2%,913,"5,825,025"
2026-08-31 10:21:08,21,모모와 다락방의 수상한 요괴들,재개봉일 : 2026-09-02 2012-07-05,0.2%,837,"300,738"
2026-08-31 10:21:08,22,도그 스타: 마지막 희망,2026-08-26,0.2%,743,"11,718"
2026-08-31 10:21:08,23,더 드라마,2026-09-09,0.2%,739,918
2026-08-31 10:21:08,24,호프,2026-07-15,0.2%,737,"4,535,081"
2026-08-31 10:21:08,25,어떻게 해야 했을까?,2026-07-29,0.2%,734,"93,337"
2026-08-31 11:21:08,1,오디세이,2026-08-05,64.4%,"278,537","8,864,957"
2026-08-31 11:21:08,2,암살자(들),2026-09-23,7.7%,"33,500",0
2026-08-31 11:21:08,3,비광,2026-09-02,4.6%,"19,836","1,795"
2026-08-31 11:21:08,4,스파이더맨: 브랜드 뉴 데이,2026-07-29,4.6%,"19,732","8,548,401"
2026-08-31 11:21:08,5,인턴,2026-09-16,3.1%,"13,616",0
2026-08-31 11:21:08,6,경주기행,2026-08-26,2.6%,"11,262","192,384"
2026-08-31 11:21:08,7,싱 어게인,2026-09-02,1.8%,"7,793","1,389"
2026-08-31 11:21:08,8,옵세션,2026-09-02,1.4%,"5,961",782
2026-08-31 11:21:08,9,오크 스트리트의 마지막 날,2026-08-26,0.9%,"3,786","107,438"
2026-08-31 11:21:08,10,인 더 그레이,2026-09-02,0.9%,"3,744",156
2026-08-31 11:21:08,11,핵소 고지,재개봉일 : 2026-09-02 2017-02-22,0.5%,"2,249","179,284"
2026-08-31 11:21:08,12,명탐정 코난: 하이웨이의 타천사,2026-08-12,0.5%,"2,023","403,090"
2026-08-31 11:21:08,13,포가튼 아일랜드,2026-09-23,0.5%,"2,006",0
2026-08-31 11:21:08,14,인시디어스: 그들이 넘어왔다,2026-08-20,0.4%,"1,909","148,333"
2026-08-31 11:21:08,15,극장판 기븐 – 바다로,2026-08-26,0.3%,"1,327","5,320"
2026-08-31 11:21:08,16,마루 밑 아리에티,재개봉일 : 2026-08-19 2010-09-09,0.3%,"1,180","1,094,512"
2026-08-31 11:21:08,17,가족여행,2026-09-30,0.2%,"1,001",93
2026-08-31 11:21:08,18,위커 맨: 파이널 컷,2026-08-19,0.2%,995,"14,259"
2026-08-31 11:21:08,19,더 드라마,2026-09-09,0.2%,949,918
2026-08-31 11:21:08,20,모모와 다락방의 수상한 요괴들,재개봉일 : 2026-09-02 2012-07-05,0.2%,899,"300,738"
2026-08-31 11:21:08,21,오케이 마담2,2026-08-12,0.2%,865,"334,907"
2026-08-31 11:21:08,22,극장판 귀멸의 칼날: 무한성편,재개봉일 : 2026-08-26 2025-08-22,0.2%,835,"5,825,025"
2026-08-31 11:21:08,23,도그 스타: 마지막 희망,2026-08-26,0.2%,762,"11,718"
2026-08-31 11:21:08,24,어떻게 해야 했을까?,2026-07-29,0.2%,732,"93,337"
2026-08-31 11:21:08,25,철들 무렵,2026-09-16,0.2%,720,264
2026-08-31 12:21:08,1,오디세이,2026-08-05,63.8%,"276,219","8,864,956"
2026-08-31 12:21:08,2,암살자(들),2026-09-23,7.7%,"33,574",0
2026-08-31 12:21:08,3,비광,2026-09-02,4.6%,"19,914","1,795"
2026-08-31 12:21:08,4,스파이더맨: 브랜드 뉴 데이,2026-07-29,4.5%,"19,374","8,548,401"
2026-08-31 12:21:08,5,인턴,2026-09-16,3.2%,"13,662",0
2026-08-31 12:21:08,6,경주기행,2026-08-26,2.6%,"11,383","192,384"
2026-08-31 12:21:08,7,싱 어게인,2026-09-02,1.8%,"7,846","1,389"
2026-08-31 12:21:08,8,옵세션,2026-09-02,1.4%,"6,130",782
2026-08-31 12:21:08,9,인 더 그레이,2026-09-02,0.9%,"3,754",156
2026-08-31 12:21:08,10,오크 스트리트의 마지막 날,2026-08-26,0.8%,"3,632","107,438"
2026-08-31 12:21:08,11,핵소 고지,재개봉일 : 2026-09-02 2017-02-22,0.5%,"2,276","179,284"
2026-08-31 12:21:08,12,포가튼 아일랜드,2026-09-23,0.5%,"2,006",0
2026-08-31 12:21:08,13,인시디어스: 그들이 넘어왔다,2026-08-20,0.5%,"2,005","148,333"
2026-08-31 12:21:08,14,명탐정 코난: 하이웨이의 타천사,2026-08-12,0.5%,"1,965","403,090"
2026-08-31 12:21:08,15,사진의 얼굴,2026-09-02,0.4%,"1,816",575
2026-08-31 12:21:08,16,캐리어를 끄는 소녀,2026-09-02,0.3%,"1,413","1,532"
2026-08-31 12:21:08,17,극장판 기븐 – 바다로,2026-08-26,0.3%,"1,393","5,320"
2026-08-31 12:21:08,18,마루 밑 아리에티,재개봉일 : 2026-08-19 2010-09-09,0.3%,"1,214","1,094,512"
2026-08-31 12:21:08,19,더 드라마,2026-09-09,0.2%,"1,014",918
2026-08-31 12:21:08,20,가족여행,2026-09-30,0.2%,"1,001",93
2026-08-31 12:21:08,21,위커 맨: 파이널 컷,2026-08-19,0.2%,943,"14,259"
2026-08-31 12:21:08,22,모모와 다락방의 수상한 요괴들,재개봉일 : 2026-09-02 2012-07-05,0.2%,924,"300,738"
2026-08-31 12:21:08,23,철들 무렵,2026-09-16,0.2%,863,264
2026-08-31 12:21:08,24,극장판 귀멸의 칼날: 무한성편,재개봉일 : 2026-08-26 2025-08-22,0.2%,810,"5,825,025"
2026-08-31 12:21:08,25,도그 스타: 마지막 희망,2026-08-26,0.2%,736,"11,718"
2026-08-31 13:27:21,1,오디세이,2026-08-05,63.3%,"273,278","8,864,950"
2026-08-31 13:27:21,2,암살자(들),2026-09-23,7.9%,"33,905",0
2026-08-31 13:27:21,3,스파이더맨: 브랜드 뉴 데이,2026-07-29,4.7%,"20,311","8,548,400"
2026-08-31 13:27:21,4,비광,2026-09-02,4.6%,"20,004","1,795"
2026-08-31 13:27:21,5,인턴,2026-09-16,3.2%,"13,728",0
2026-08-31 13:27:21,6,경주기행,2026-08-26,2.6%,"11,297","192,384"
2026-08-31 13:27:21,7,싱 어게인,2026-09-02,1.8%,"7,905","1,389"
2026-08-31 13:27:21,8,옵세션,2026-09-02,1.5%,"6,376",782
2026-08-31 13:27:21,9,인 더 그레이,2026-09-02,0.9%,"3,794",156
2026-08-31 13:27:21,10,오크 스트리트의 마지막 날,2026-08-26,0.8%,"3,469","107,438"
2026-08-31 13:27:21,11,핵소 고지,재개봉일 : 2026-09-02 2017-02-22,0.5%,"2,333","179,284"
2026-08-31 13:27:21,12,포가튼 아일랜드,2026-09-23,0.5%,"2,006",0
2026-08-31 13:27:21,13,인시디어스: 그들이 넘어왔다,2026-08-20,0.5%,"1,980","148,333"
2026-08-31 13:27:21,14,명탐정 코난: 하이웨이의 타천사,2026-08-12,0.4%,"1,919","403,090"
2026-08-31 13:27:21,15,사진의 얼굴,2026-09-02,0.4%,"1,821",575
2026-08-31 13:27:21,16,캐리어를 끄는 소녀,2026-09-02,0.3%,"1,487","1,532"
2026-08-31 13:27:21,17,극장판 기븐 – 바다로,2026-08-26,0.3%,"1,428","5,320"
2026-08-31 13:27:21,18,마루 밑 아리에티,재개봉일 : 2026-08-19 2010-09-09,0.3%,"1,214","1,094,512"
2026-08-31 13:27:21,19,더 드라마,2026-09-09,0.2%,"1,027",918
2026-08-31 13:27:21,20,가족여행,2026-09-30,0.2%,"1,001",93
2026-08-31 13:27:21,21,위커 맨: 파이널 컷,2026-08-19,0.2%,977,"14,259"
2026-08-31 13:27:21,22,모모와 다락방의 수상한 요괴들,재개봉일 : 2026-09-02 2012-07-05,0.2%,931,"300,738"
2026-08-31 13:27:21,23,철들 무렵,2026-09-16,0.2%,863,264
2026-08-31 13:27:21,24,극장판 귀멸의 칼날: 무한성편,재개봉일 : 2026-08-26 2025-08-22,0.2%,792,"5,825,025"
2026-08-31 13:27:21,25,어떻게 해야 했을까?,2026-07-29,0.2%,704,"93,337"
2026-08-31 14:27:17,1,오디세이,2026-08-05,62.7%,"270,383","8,864,948"
2026-08-31 14:27:17,2,암살자(들),2026-09-23,7.9%,"34,301",0
2026-08-31 14:27:17,3,스파이더맨: 브랜드 뉴 데이,2026-07-29,4.7%,"20,299","8,548,400"
2026-08-31 14:27:17,4,비광,2026-09-02,4.7%,"20,081","1,795"
2026-08-31 14:27:17,5,인턴,2026-09-16,3.2%,"13,788",0
2026-08-31 14:27:17,6,경주기행,2026-08-26,2.6%,"11,301","192,384"
2026-08-31 14:27:17,7,싱 어게인,2026-09-02,1.8%,"7,956","1,389"
2026-08-31 14:27:17,8,옵세션,2026-09-02,1.5%,"6,578",782
2026-08-31 14:27:17,9,핵소 고지,재개봉일 : 2026-09-02 2017-02-22,1.0%,"4,494","179,284"
2026-08-31 14:27:17,10,인 더 그레이,2026-09-02,0.9%,"3,808",156
2026-08-31 14:27:17,11,오크 스트리트의 마지막 날,2026-08-26,0.8%,"3,416","107,438"
2026-08-31 14:27:17,12,인시디어스: 그들이 넘어왔다,2026-08-20,0.5%,"2,018","148,333"
2026-08-31 14:27:17,13,포가튼 아일랜드,2026-09-23,0.5%,"2,006",0
2026-08-31 14:27:17,14,명탐정 코난: 하이웨이의 타천사,2026-08-12,0.4%,"1,925","403,090"
2026-08-31 14:27:17,15,사진의 얼굴,2026-09-02,0.4%,"1,826",575
2026-08-31 14:27:17,16,캐리어를 끄는 소녀,2026-09-02,0.4%,"1,563","1,532"
2026-08-31 14:27:17,17,극장판 기븐 – 바다로,2026-08-26,0.3%,"1,435","5,320"
2026-08-31 14:27:17,18,마루 밑 아리에티,재개봉일 : 2026-08-19 2010-09-09,0.3%,"1,183","1,094,512"
2026-08-31 14:27:17,19,더 드라마,2026-09-09,0.3%,"1,139",918
2026-08-31 14:27:17,20,위커 맨: 파이널 컷,2026-08-19,0.3%,"1,130","14,259"
2026-08-31 14:27:17,21,가족여행,2026-09-30,0.2%,"1,001",93
2026-08-31 14:27:17,22,모모와 다락방의 수상한 요괴들,재개봉일 : 2026-09-02 2012-07-05,0.2%,971,"300,738"
2026-08-31 14:27:17,23,철들 무렵,2026-09-16,0.2%,869,264
2026-08-31 14:27:17,24,어떻게 해야 했을까?,2026-07-29,0.2%,731,"93,337"
2026-08-31 14:27:17,25,도그 스타: 마지막 희망,2026-08-26,0.2%,688,"11,718"
2026-08-31 15:27:19,1,오디세이,2026-08-05,62.3%,"271,487","8,864,943"
2026-08-31 15:27:19,2,암살자(들),2026-09-23,7.9%,"34,496",0
2026-08-31 15:27:19,3,비광,2026-09-02,5.1%,"22,153","1,795"
2026-08-31 15:27:19,4,스파이더맨: 브랜드 뉴 데이,2026-07-29,4.6%,"20,237","8,548,398"
2026-08-31 15:27:19,5,인턴,2026-09-16,3.2%,"13,849",0
2026-08-31 15:27:19,6,경주기행,2026-08-26,2.6%,"11,284","192,384"
2026-08-31 15:27:19,7,싱 어게인,2026-09-02,1.8%,"8,025","1,389"
2026-08-31 15:27:19,8,옵세션,2026-09-02,1.6%,"6,963",782
2026-08-31 15:27:19,9,핵소 고지,재개봉일 : 2026-09-02 2017-02-22,1.0%,"4,495","179,284"
2026-08-31 15:27:19,10,인 더 그레이,2026-09-02,0.9%,"3,828",156
2026-08-31 15:27:19,11,오크 스트리트의 마지막 날,2026-08-26,0.8%,"3,411","107,438"
2026-08-31 15:27:19,12,인시디어스: 그들이 넘어왔다,2026-08-20,0.5%,"2,034","148,333"
2026-08-31 15:27:19,13,포가튼 아일랜드,2026-09-23,0.5%,"2,006",0
2026-08-31 15:27:19,14,사진의 얼굴,2026-09-02,0.4%,"1,835",575
2026-08-31 15:27:19,15,명탐정 코난: 하이웨이의 타천사,2026-08-12,0.4%,"1,830","403,090"
2026-08-31 15:27:19,16,캐리어를 끄는 소녀,2026-09-02,0.4%,"1,602","1,532"
2026-08-31 15:27:19,17,더 드라마,2026-09-09,0.3%,"1,459",918
2026-08-31 15:27:19,18,극장판 기븐 – 바다로,2026-08-26,0.3%,"1,457","5,320"
2026-08-31 15:27:19,19,마루 밑 아리에티,재개봉일 : 2026-08-19 2010-09-09,0.3%,"1,272","1,094,512"
2026-08-31 15:27:19,20,위커 맨: 파이널 컷,2026-08-19,0.3%,"1,261","14,259"
2026-08-31 15:27:19,21,모모와 다락방의 수상한 요괴들,재개봉일 : 2026-09-02 2012-07-05,0.2%,"1,008","300,738"
2026-08-31 15:27:19,22,가족여행,2026-09-30,0.2%,"1,001",93
2026-08-31 15:27:19,23,철들 무렵,2026-09-16,0.2%,877,264
2026-08-31 15:27:19,24,어떻게 해야 했을까?,2026-07-29,0.2%,761,"93,337"
2026-08-31 15:27:19,25,드라큘라: 러브 테일,2026-08-26,0.2%,712,"11,677"
2026-08-31 16:27:19,1,오디세이,2026-08-05,61.6%,"270,889","8,864,941"
2026-08-31 16:27:19,2,암살자(들),2026-09-23,7.8%,"34,412",0
2026-08-31 16:27:19,3,비광,2026-09-02,5.1%,"22,215","1,795"
2026-08-31 16:27:19,4,스파이더맨: 브랜드 뉴 데이,2026-07-29,4.7%,"20,532","8,548,398"
2026-08-31 16:27:19,5,인턴,2026-09-16,3.2%,"13,919",0
2026-08-31 16:27:19,6,경주기행,2026-08-26,2.6%,"11,283","192,384"
2026-08-31 16:27:19,7,싱 어게인,2026-09-02,1.8%,"8,090","1,389"
2026-08-31 16:27:19,8,옵세션,2026-09-02,1.6%,"7,244",782
2026-08-31 16:27:19,9,모모와 다락방의 수상한 요괴들,재개봉일 : 2026-09-02 2012-07-05,1.1%,"4,671","300,738"
2026-08-31 16:27:19,10,핵소 고지,재개봉일 : 2026-09-02 2017-02-22,1.0%,"4,515","179,284"
2026-08-31 16:27:19,11,인 더 그레이,2026-09-02,0.9%,"3,834",156
2026-08-31 16:27:19,12,오크 스트리트의 마지막 날,2026-08-26,0.8%,"3,348","107,438"
2026-08-31 16:27:19,13,포가튼 아일랜드,2026-09-23,0.5%,"2,006",0
2026-08-31 16:27:19,14,인시디어스: 그들이 넘어왔다,2026-08-20,0.4%,"1,877","148,333"
2026-08-31 16:27:19,15,사진의 얼굴,2026-09-02,0.4%,"1,847",575
2026-08-31 16:27:19,16,명탐정 코난: 하이웨이의 타천사,2026-08-12,0.4%,"1,813","403,090"
2026-08-31 16:27:19,17,캐리어를 끄는 소녀,2026-09-02,0.4%,"1,627","1,532"
2026-08-31 16:27:19,18,더 드라마,2026-09-09,0.4%,"1,562",918
2026-08-31 16:27:19,19,극장판 기븐 – 바다로,2026-08-26,0.3%,"1,465","5,320"
2026-08-31 16:27:19,20,마루 밑 아리에티,재개봉일 : 2026-08-19 2010-09-09,0.3%,"1,298","1,094,512"
2026-08-31 16:27:19,21,위커 맨: 파이널 컷,2026-08-19,0.3%,"1,240","14,259"
2026-08-31 16:27:19,22,가족여행,2026-09-30,0.2%,"1,001",93
2026-08-31 16:27:19,23,철들 무렵,2026-09-16,0.2%,877,264
2026-08-31 16:27:19,24,어떻게 해야 했을까?,2026-07-29,0.2%,769,"93,337"
2026-08-31 16:27:19,25,드라큘라: 러브 테일,2026-08-26,0.2%,721,"11,677"
2026-08-31 17:27:20,1,오디세이,2026-08-05,61.1%,"266,320","8,864,938"
2026-08-31 17:27:20,2,암살자(들),2026-09-23,7.9%,"34,651",0
2026-08-31 17:27:20,3,비광,2026-09-02,5.1%,"22,287","1,795"
2026-08-31 17:27:20,4,스파이더맨: 브랜드 뉴 데이,2026-07-29,4.5%,"19,720","8,548,398"
2026-08-31 17:27:20,5,인턴,2026-09-16,3.2%,"13,980",0
2026-08-31 17:27:20,6,경주기행,2026-08-26,2.5%,"11,010","192,384"
2026-08-31 17:27:20,7,싱 어게인,2026-09-02,1.9%,"8,225","1,389"
2026-08-31 17:27:20,8,옵세션,2026-09-02,1.7%,"7,496",782
2026-08-31 17:27:20,9,모모와 다락방의 수상한 요괴들,재개봉일 : 2026-09-02 2012-07-05,1.2%,"5,055","300,738"
2026-08-31 17:27:20,10,핵소 고지,재개봉일 : 2026-09-02 2017-02-22,1.0%,"4,524","179,284"
2026-08-31 17:27:20,11,인 더 그레이,2026-09-02,0.9%,"3,864",156
2026-08-31 17:27:20,12,오크 스트리트의 마지막 날,2026-08-26,0.7%,"3,084","107,438"
2026-08-31 17:27:20,13,포가튼 아일랜드,2026-09-23,0.5%,"2,006",0
2026-08-31 17:27:20,14,사진의 얼굴,2026-09-02,0.4%,"1,855",575
2026-08-31 17:27:20,15,인시디어스: 그들이 넘어왔다,2026-08-20,0.4%,"1,795","148,333"
2026-08-31 17:27:20,16,명탐정 코난: 하이웨이의 타천사,2026-08-12,0.4%,"1,749","403,090"
2026-08-31 17:27:20,17,더 드라마,2026-09-09,0.4%,"1,662",918
2026-08-31 17:27:20,18,캐리어를 끄는 소녀,2026-09-02,0.4%,"1,634","1,532"
2026-08-31 17:27:20,19,극장판 기븐 – 바다로,2026-08-26,0.3%,"1,472","5,320"
2026-08-31 17:27:20,20,마루 밑 아리에티,재개봉일 : 2026-08-19 2010-09-09,0.3%,"1,326","1,094,512"
2026-08-31 17:27:20,21,위커 맨: 파이널 컷,2026-08-19,0.3%,"1,273","14,259"
2026-08-31 17:27:20,22,가족여행,2026-09-30,0.2%,"1,001",93
2026-08-31 17:27:20,23,철들 무렵,2026-09-16,0.2%,877,264
2026-08-31 17:27:20,24,스파이에어 저스트 라이크 디스 2025,2026-08-26,0.2%,861,756
2026-08-31 17:27:20,25,어떻게 해야 했을까?,2026-07-29,0.2%,789,"93,337"
2026-08-31 18:27:19,1,오디세이,2026-08-05,60.8%,"264,197","8,864,936"
2026-08-31 18:27:19,2,암살자(들),2026-09-23,8.1%,"35,253",0
2026-08-31 18:27:19,3,비광,2026-09-02,5.1%,"22,321","1,795"
2026-08-31 18:27:19,4,스파이더맨: 브랜드 뉴 데이,2026-07-29,4.4%,"19,190","8,548,398"
2026-08-31 18:27:19,5,인턴,2026-09-16,3.2%,"14,043",0
2026-08-31 18:27:19,6,경주기행,2026-08-26,2.4%,"10,594","192,384"
2026-08-31 18:27:19,7,싱 어게인,2026-09-02,1.9%,"8,351","1,389"
2026-08-31 18:27:19,8,옵세션,2026-09-02,1.8%,"7,761",782
2026-08-31 18:27:19,9,모모와 다락방의 수상한 요괴들,재개봉일 : 2026-09-02 2012-07-05,1.2%,"5,248","300,738"
2026-08-31 18:27:19,10,핵소 고지,재개봉일 : 2026-09-02 2017-02-22,1.0%,"4,535","179,284"
2026-08-31 18:27:19,11,인 더 그레이,2026-09-02,0.9%,"3,891",156
2026-08-31 18:27:19,12,오크 스트리트의 마지막 날,2026-08-26,0.6%,"2,768","107,438"
2026-08-31 18:27:19,13,포가튼 아일랜드,2026-09-23,0.5%,"2,006",0
2026-08-31 18:27:19,14,사진의 얼굴,2026-09-02,0.4%,"1,865",575
2026-08-31 18:27:19,15,명탐정 코난: 하이웨이의 타천사,2026-08-12,0.4%,"1,747","403,090"
2026-08-31 18:27:19,16,더 드라마,2026-09-09,0.4%,"1,707",918
2026-08-31 18:27:19,17,인시디어스: 그들이 넘어왔다,2026-08-20,0.4%,"1,666","148,333"
2026-08-31 18:27:19,18,캐리어를 끄는 소녀,2026-09-02,0.4%,"1,637","1,532"
2026-08-31 18:27:19,19,극장판 기븐 – 바다로,2026-08-26,0.3%,"1,499","5,320"
2026-08-31 18:27:19,20,마루 밑 아리에티,재개봉일 : 2026-08-19 2010-09-09,0.3%,"1,326","1,094,512"
2026-08-31 18:27:19,21,위커 맨: 파이널 컷,2026-08-19,0.3%,"1,260","14,259"
2026-08-31 18:27:19,22,가족여행,2026-09-30,0.2%,"1,001",93
2026-08-31 18:27:19,23,철들 무렵,2026-09-16,0.2%,877,264
2026-08-31 18:27:19,24,스파이에어 저스트 라이크 디스 2025,2026-08-26,0.2%,875,756
2026-08-31 18:27:19,25,어떻게 해야 했을까?,2026-07-29,0.2%,755,"93,337"
2026-08-31 19:27:19,1,오디세이,2026-08-05,60.8%,"264,963","8,864,934"
2026-08-31 19:27:19,2,암살자(들),2026-09-23,8.1%,"35,507",0
2026-08-31 19:27:19,3,비광,2026-09-02,5.1%,"22,418","1,795"
2026-08-31 19:27:19,4,스파이더맨: 브랜드 뉴 데이,2026-07-29,4.5%,"19,564","8,548,398"
2026-08-31 19:27:19,5,인턴,2026-09-16,3.2%,"14,118",0
2026-08-31 19:27:19,6,경주기행,2026-08-26,2.4%,"10,370","192,384"
2026-08-31 19:27:19,7,싱 어게인,2026-09-02,1.9%,"8,485","1,389"
2026-08-31 19:27:19,8,옵세션,2026-09-02,1.8%,"7,868",782
2026-08-31 19:27:19,9,모모와 다락방의 수상한 요괴들,재개봉일 : 2026-09-02 2012-07-05,1.2%,"5,334","300,738"
2026-08-31 19:27:19,10,핵소 고지,재개봉일 : 2026-09-02 2017-02-22,1.0%,"4,540","179,284"
2026-08-31 19:27:19,11,인 더 그레이,2026-09-02,0.9%,"3,920",156
2026-08-31 19:27:19,12,오크 스트리트의 마지막 날,2026-08-26,0.6%,"2,693","107,438"
2026-08-31 19:27:19,13,포가튼 아일랜드,2026-09-23,0.5%,"2,006",0
2026-08-31 19:27:19,14,사진의 얼굴,2026-09-02,0.4%,"1,871",575
2026-08-31 19:27:19,15,더 드라마,2026-09-09,0.4%,"1,744",918
2026-08-31 19:27:19,16,명탐정 코난: 하이웨이의 타천사,2026-08-12,0.4%,"1,694","403,090"
2026-08-31 19:27:19,17,캐리어를 끄는 소녀,2026-09-02,0.4%,"1,648","1,532"
2026-08-31 19:27:19,18,극장판 기븐 – 바다로,2026-08-26,0.3%,"1,524","5,320"
2026-08-31 19:27:19,19,인시디어스: 그들이 넘어왔다,2026-08-20,0.3%,"1,520","148,333"
2026-08-31 19:27:19,20,마루 밑 아리에티,재개봉일 : 2026-08-19 2010-09-09,0.3%,"1,358","1,094,512"
2026-08-31 19:27:19,21,위커 맨: 파이널 컷,2026-08-19,0.3%,"1,261","14,259"
2026-08-31 19:27:19,22,가족여행,2026-09-30,0.2%,"1,001",93
2026-08-31 19:27:19,23,철들 무렵,2026-09-16,0.2%,877,264
2026-08-31 19:27:19,24,스파이에어 저스트 라이크 디스 2025,2026-08-26,0.2%,860,756
2026-08-31 19:27:19,25,어떻게 해야 했을까?,2026-07-29,0.2%,740,"93,337"
2026-08-31 20:27:22,1,오디세이,2026-08-05,60.9%,"268,027","8,864,932"
2026-08-31 20:27:22,2,암살자(들),2026-09-23,8.1%,"35,671",0
2026-08-31 20:27:22,3,비광,2026-09-02,5.1%,"22,498","1,795"
2026-08-31 20:27:22,4,스파이더맨: 브랜드 뉴 데이,2026-07-29,4.5%,"19,883","8,548,398"
2026-08-31 20:27:22,5,인턴,2026-09-16,3.2%,"14,184",0
2026-08-31 20:27:22,6,경주기행,2026-08-26,2.4%,"10,438","192,384"
2026-08-31 20:27:22,7,싱 어게인,2026-09-02,2.0%,"8,625","1,389"
2026-08-31 20:27:22,8,옵세션,2026-09-02,1.8%,"8,143",782
2026-08-31 20:27:22,9,모모와 다락방의 수상한 요괴들,재개봉일 : 2026-09-02 2012-07-05,1.2%,"5,460","300,738"
2026-08-31 20:27:22,10,핵소 고지,재개봉일 : 2026-09-02 2017-02-22,1.0%,"4,545","179,284"
2026-08-31 20:27:22,11,인 더 그레이,2026-09-02,0.9%,"3,942",156
2026-08-31 20:27:22,12,오크 스트리트의 마지막 날,2026-08-26,0.6%,"2,586","107,438"
2026-08-31 20:27:22,13,포가튼 아일랜드,2026-09-23,0.5%,"2,006",0
2026-08-31 20:27:22,14,사진의 얼굴,2026-09-02,0.4%,"1,873",575
2026-08-31 20:27:22,15,더 드라마,2026-09-09,0.4%,"1,775",918
2026-08-31 20:27:22,16,명탐정 코난: 하이웨이의 타천사,2026-08-12,0.4%,"1,752","403,090"
2026-08-31 20:27:22,17,캐리어를 끄는 소녀,2026-09-02,0.4%,"1,658","1,532"
2026-08-31 20:27:22,18,극장판 기븐 – 바다로,2026-08-26,0.4%,"1,551","5,320"
2026-08-31 20:27:22,19,마루 밑 아리에티,재개봉일 : 2026-08-19 2010-09-09,0.3%,"1,380","1,094,512"
2026-08-31 20:27:22,20,위커 맨: 파이널 컷,2026-08-19,0.3%,"1,280","14,259"
2026-08-31 20:27:22,21,인시디어스: 그들이 넘어왔다,2026-08-20,0.3%,"1,242","148,333"
2026-08-31 20:27:22,22,가족여행,2026-09-30,0.2%,"1,001",93
2026-08-31 20:27:22,23,철들 무렵,2026-09-16,0.2%,878,264
2026-08-31 20:27:22,24,스파이에어 저스트 라이크 디스 2025,2026-08-26,0.2%,841,756
2026-08-31 20:27:22,25,어떻게 해야 했을까?,2026-07-29,0.2%,766,"93,337"
2026-08-31 21:27:18,1,오디세이,2026-08-05,60.8%,"271,584","8,864,932"
2026-08-31 21:27:18,2,암살자(들),2026-09-23,8.1%,"36,048",0
2026-08-31 21:27:18,3,비광,2026-09-02,5.1%,"22,588","1,795"
2026-08-31 21:27:18,4,스파이더맨: 브랜드 뉴 데이,2026-07-29,4.6%,"20,748","8,548,398"
2026-08-31 21:27:18,5,인턴,2026-09-16,3.2%,"14,271",0
2026-08-31 21:27:18,6,경주기행,2026-08-26,2.4%,"10,867","192,384"
2026-08-31 21:27:18,7,싱 어게인,2026-09-02,2.0%,"8,735","1,389"
2026-08-31 21:27:18,8,옵세션,2026-09-02,1.9%,"8,429",782
2026-08-31 21:27:18,9,모모와 다락방의 수상한 요괴들,재개봉일 : 2026-09-02 2012-07-05,1.2%,"5,563","300,738"
2026-08-31 21:27:18,10,핵소 고지,재개봉일 : 2026-09-02 2017-02-22,1.0%,"4,572","179,284"
2026-08-31 21:27:18,11,인 더 그레이,2026-09-02,0.9%,"3,964",156
2026-08-31 21:27:18,12,오크 스트리트의 마지막 날,2026-08-26,0.6%,"2,651","107,438"
2026-08-31 21:27:18,13,포가튼 아일랜드,2026-09-23,0.4%,"2,006",0
2026-08-31 21:27:18,14,사진의 얼굴,2026-09-02,0.4%,"1,877",575
2026-08-31 21:27:18,15,명탐정 코난: 하이웨이의 타천사,2026-08-12,0.4%,"1,830","403,090"
2026-08-31 21:27:18,16,더 드라마,2026-09-09,0.4%,"1,809",918
2026-08-31 21:27:18,17,캐리어를 끄는 소녀,2026-09-02,0.4%,"1,662","1,532"
2026-08-31 21:27:18,18,극장판 기븐 – 바다로,2026-08-26,0.3%,"1,558","5,320"
2026-08-31 21:27:18,19,마루 밑 아리에티,재개봉일 : 2026-08-19 2010-09-09,0.3%,"1,402","1,094,512"
2026-08-31 21:27:18,20,위커 맨: 파이널 컷,2026-08-19,0.3%,"1,294","14,259"
2026-08-31 21:27:18,21,인시디어스: 그들이 넘어왔다,2026-08-20,0.2%,"1,096","148,333"
2026-08-31 21:27:18,22,가족여행,2026-09-30,0.2%,"1,001",93
2026-08-31 21:27:18,23,철들 무렵,2026-09-16,0.2%,881,264
2026-08-31 21:27:18,24,스파이에어 저스트 라이크 디스 2025,2026-08-26,0.2%,837,756
2026-08-31 21:27:18,25,어떻게 해야 했을까?,2026-07-29,0.2%,785,"93,337"
2026-08-31 22:27:22,1,오디세이,2026-08-05,60.9%,"277,705","8,864,932"
2026-08-31 22:27:22,2,암살자(들),2026-09-23,7.9%,"36,182",0
2026-08-31 22:27:22,3,비광,2026-09-02,5.0%,"22,699","1,795"
2026-08-31 22:27:22,4,스파이더맨: 브랜드 뉴 데이,2026-07-29,4.8%,"21,883","8,548,398"
2026-08-31 22:27:22,5,인턴,2026-09-16,3.2%,"14,573",0
2026-08-31 22:27:22,6,경주기행,2026-08-26,2.5%,"11,316","192,384"
2026-08-31 22:27:22,7,싱 어게인,2026-09-02,1.9%,"8,861","1,389"
2026-08-31 22:27:22,8,옵세션,2026-09-02,1.9%,"8,772",782
2026-08-31 22:27:22,9,모모와 다락방의 수상한 요괴들,재개봉일 : 2026-09-02 2012-07-05,1.2%,"5,686","300,738"
2026-08-31 22:27:22,10,핵소 고지,재개봉일 : 2026-09-02 2017-02-22,1.0%,"4,587","179,284"
2026-08-31 22:27:22,11,인 더 그레이,2026-09-02,0.9%,"3,986",156
2026-08-31 22:27:22,12,오크 스트리트의 마지막 날,2026-08-26,0.6%,"2,738","107,438"
2026-08-31 22:27:22,13,포가튼 아일랜드,2026-09-23,0.4%,"2,006",0
2026-08-31 22:27:22,14,명탐정 코난: 하이웨이의 타천사,2026-08-12,0.4%,"1,948","403,090"
2026-08-31 22:27:22,15,사진의 얼굴,2026-09-02,0.4%,"1,885",575
2026-08-31 22:27:22,16,더 드라마,2026-09-09,0.4%,"1,836",918
2026-08-31 22:27:22,17,캐리어를 끄는 소녀,2026-09-02,0.4%,"1,660","1,532"
2026-08-31 22:27:22,18,극장판 기븐 – 바다로,2026-08-26,0.3%,"1,577","5,320"
2026-08-31 22:27:22,19,마루 밑 아리에티,재개봉일 : 2026-08-19 2010-09-09,0.3%,"1,419","1,094,512"
2026-08-31 22:27:22,20,위커 맨: 파이널 컷,2026-08-19,0.3%,"1,331","14,259"
2026-08-31 22:27:22,21,인시디어스: 그들이 넘어왔다,2026-08-20,0.2%,"1,094","148,333"
2026-08-31 22:27:22,22,가족여행,2026-09-30,0.2%,"1,001",93
2026-08-31 22:27:22,23,철들 무렵,2026-09-16,0.2%,881,264
2026-08-31 22:27:22,24,스파이에어 저스트 라이크 디스 2025,2026-08-26,0.2%,832,756
2026-08-31 22:27:22,25,어떻게 해야 했을까?,2026-07-29,0.2%,813,"93,337"
2026-08-31 23:27:18,1,오디세이,2026-08-05,60.8%,"282,630","8,864,932"
2026-08-31 23:27:18,2,암살자(들),2026-09-23,7.8%,"36,422",0
2026-08-31 23:27:18,3,스파이더맨: 브랜드 뉴 데이,2026-07-29,5.0%,"23,165","8,548,398"
2026-08-31 23:27:18,4,비광,2026-09-02,4.9%,"22,782","1,795"
2026-08-31 23:27:18,5,인턴,2026-09-16,3.2%,"14,683",0
2026-08-31 23:27:18,6,경주기행,2026-08-26,2.5%,"11,741","192,384"
2026-08-31 23:27:18,7,옵세션,2026-09-02,2.0%,"9,159",782
2026-08-31 23:27:18,8,싱 어게인,2026-09-02,1.9%,"9,037","1,389"
2026-08-31 23:27:18,9,모모와 다락방의 수상한 요괴들,재개봉일 : 2026-09-02 2012-07-05,1.2%,"5,801","300,738"
2026-08-31 23:27:18,10,핵소 고지,재개봉일 : 2026-09-02 2017-02-22,1.0%,"4,597","179,284"
2026-08-31 23:27:18,11,인 더 그레이,2026-09-02,0.9%,"4,012",156
2026-08-31 23:27:18,12,오크 스트리트의 마지막 날,2026-08-26,0.6%,"2,861","107,438"
2026-08-31 23:27:18,13,명탐정 코난: 하이웨이의 타천사,2026-08-12,0.4%,"2,068","403,090"
2026-08-31 23:27:18,14,포가튼 아일랜드,2026-09-23,0.4%,"2,006",0
2026-08-31 23:27:18,15,사진의 얼굴,2026-09-02,0.4%,"1,891",575
2026-08-31 23:27:18,16,더 드라마,2026-09-09,0.4%,"1,863",918
2026-08-31 23:27:18,17,캐리어를 끄는 소녀,2026-09-02,0.4%,"1,668","1,532"
2026-08-31 23:27:18,18,극장판 기븐 – 바다로,2026-08-26,0.3%,"1,596","5,320"
2026-08-31 23:27:18,19,마루 밑 아리에티,재개봉일 : 2026-08-19 2010-09-09,0.3%,"1,441","1,094,512"
2026-08-31 23:27:18,20,위커 맨: 파이널 컷,2026-08-19,0.3%,"1,355","14,259"
2026-08-31 23:27:18,21,인시디어스: 그들이 넘어왔다,2026-08-20,0.2%,"1,149","148,333"
2026-08-31 23:27:18,22,가족여행,2026-09-30,0.2%,"1,001",93
2026-08-31 23:27:18,23,철들 무렵,2026-09-16,0.2%,881,264
2026-08-31 23:27:18,24,어떻게 해야 했을까?,2026-07-29,0.2%,842,"93,337"
2026-08-31 23:27:18,25,스파이에어 저스트 라이크 디스 2025,2026-08-26,0.2%,820,756
2026-09-01 00:28:00,1,오디세이,2026-08-05,60.8%,"289,017","9,010,825"
2026-09-01 00:28:00,2,암살자(들),2026-09-23,7.7%,"36,604",0
2026-09-01 00:28:00,3,스파이더맨: 브랜드 뉴 데이,2026-07-29,5.2%,"24,470","8,577,081"
2026-09-01 00:28:00,4,비광,2026-09-02,4.8%,"22,895","1,795"
2026-09-01 00:28:00,5,인턴,2026-09-16,3.1%,"14,806",0
2026-09-01 00:28:00,6,경주기행,2026-08-26,2.6%,"12,243","210,482"
2026-09-01 00:28:00,7,옵세션,2026-09-02,2.0%,"9,640",938
2026-09-01 00:28:00,8,싱 어게인,2026-09-02,1.9%,"9,213","1,389"
2026-09-01 00:28:00,9,모모와 다락방의 수상한 요괴들,재개봉일 : 2026-09-02 2012-07-05,1.2%,"5,902","300,738"
2026-09-01 00:28:00,10,핵소 고지,재개봉일 : 2026-09-02 2017-02-22,1.0%,"4,596","179,284"
2026-09-01 00:28:00,11,인 더 그레이,2026-09-02,0.8%,"4,033",156
2026-09-01 00:28:00,12,오크 스트리트의 마지막 날,2026-08-26,0.6%,"2,985","114,192"
2026-09-01 00:28:00,13,명탐정 코난: 하이웨이의 타천사,2026-08-12,0.5%,"2,236","406,168"
2026-09-01 00:28:00,14,포가튼 아일랜드,2026-09-23,0.4%,"2,006",0
2026-09-01 00:28:00,15,사진의 얼굴,2026-09-02,0.4%,"1,910",575
2026-09-01 00:28:00,16,더 드라마,2026-09-09,0.4%,"1,904",918
2026-09-01 00:28:00,17,캐리어를 끄는 소녀,2026-09-02,0.4%,"1,680","1,532"
2026-09-01 00:28:00,18,극장판 기븐 – 바다로,2026-08-26,0.3%,"1,619","5,677"
2026-09-01 00:28:00,19,마루 밑 아리에티,재개봉일 : 2026-08-19 2010-09-09,0.3%,"1,466","1,094,933"
2026-09-01 00:28:00,20,위커 맨: 파이널 컷,2026-08-19,0.3%,"1,394","14,749"
2026-09-01 00:28:00,21,인시디어스: 그들이 넘어왔다,2026-08-20,0.3%,"1,208","151,530"
2026-09-01 00:28:00,22,가족여행,2026-09-30,0.2%,"1,001",93
2026-09-01 00:28:00,23,철들 무렵,2026-09-16,0.2%,881,266
2026-09-01 00:28:00,24,어떻게 해야 했을까?,2026-07-29,0.2%,865,"93,877"
2026-09-01 00:28:00,25,스파이에어 저스트 라이크 디스 2025,2026-08-26,0.2%,822,778
2026-09-01 01:27:21,1,오디세이,2026-08-05,60.8%,"291,798","9,010,842"
2026-09-01 01:27:21,2,암살자(들),2026-09-23,7.7%,"36,734",0
2026-09-01 01:27:21,3,스파이더맨: 브랜드 뉴 데이,2026-07-29,5.2%,"25,123","8,577,060"
2026-09-01 01:27:21,4,비광,2026-09-02,4.8%,"22,937","1,795"
2026-09-01 01:27:21,5,인턴,2026-09-16,3.1%,"14,871",0
2026-09-01 01:27:21,6,경주기행,2026-08-26,2.6%,"12,481","210,482"
2026-09-01 01:27:21,7,옵세션,2026-09-02,2.1%,"9,912",938
2026-09-01 01:27:21,8,싱 어게인,2026-09-02,1.9%,"9,312","1,389"
2026-09-01 01:27:21,9,모모와 다락방의 수상한 요괴들,재개봉일 : 2026-09-02 2012-07-05,1.2%,"5,975","300,738"
2026-09-01 01:27:21,10,핵소 고지,재개봉일 : 2026-09-02 2017-02-22,1.0%,"4,593","179,284"
2026-09-01 01:27:21,11,인 더 그레이,2026-09-02,0.8%,"4,046",156
2026-09-01 01:27:21,12,오크 스트리트의 마지막 날,2026-08-26,0.6%,"3,053","114,195"
2026-09-01 01:27:21,13,명탐정 코난: 하이웨이의 타천사,2026-08-12,0.5%,"2,315","406,168"
2026-09-01 01:27:21,14,포가튼 아일랜드,2026-09-23,0.4%,"2,006",0
2026-09-01 01:27:21,15,더 드라마,2026-09-09,0.4%,"1,922",918
2026-09-01 01:27:21,16,사진의 얼굴,2026-09-02,0.4%,"1,916",575
2026-09-01 01:27:21,17,캐리어를 끄는 소녀,2026-09-02,0.4%,"1,683","1,532"
2026-09-01 01:27:21,18,극장판 기븐 – 바다로,2026-08-26,0.3%,"1,632","5,677"
2026-09-01 01:27:21,19,마루 밑 아리에티,재개봉일 : 2026-08-19 2010-09-09,0.3%,"1,474","1,094,933"
2026-09-01 01:27:21,20,위커 맨: 파이널 컷,2026-08-19,0.3%,"1,413","14,749"
2026-09-01 01:27:21,21,인시디어스: 그들이 넘어왔다,2026-08-20,0.3%,"1,260","151,538"
2026-09-01 01:27:21,22,가족여행,2026-09-30,0.2%,"1,001",93
2026-09-01 01:27:21,23,어떻게 해야 했을까?,2026-07-29,0.2%,885,"93,877"
2026-09-01 01:27:21,24,철들 무렵,2026-09-16,0.2%,882,266
2026-09-01 01:27:21,25,드라큘라: 러브 테일,2026-08-26,0.2%,833,"12,470"
2026-09-01 02:27:21,1,오디세이,2026-08-05,60.8%,"292,765","9,010,846"
2026-09-01 02:27:21,2,암살자(들),2026-09-23,7.6%,"36,805",0
2026-09-01 02:27:21,3,스파이더맨: 브랜드 뉴 데이,2026-07-29,5.3%,"25,342","8,577,062"
2026-09-01 02:27:21,4,비광,2026-09-02,4.8%,"22,958","1,795"
2026-09-01 02:27:21,5,인턴,2026-09-16,3.1%,"14,913",0
2026-09-01 02:27:21,6,경주기행,2026-08-26,2.6%,"12,573","210,482"
2026-09-01 02:27:21,7,옵세션,2026-09-02,2.1%,"10,029",938
2026-09-01 02:27:21,8,싱 어게인,2026-09-02,1.9%,"9,360","1,389"
2026-09-01 02:27:21,9,모모와 다락방의 수상한 요괴들,재개봉일 : 2026-09-02 2012-07-05,1.2%,"5,996","300,738"
2026-09-01 02:27:21,10,핵소 고지,재개봉일 : 2026-09-02 2017-02-22,1.0%,"4,597","179,284"
2026-09-01 02:27:21,11,인 더 그레이,2026-09-02,0.8%,"4,055",156
2026-09-01 02:27:21,12,오크 스트리트의 마지막 날,2026-08-26,0.6%,"3,085","114,195"
2026-09-01 02:27:21,13,명탐정 코난: 하이웨이의 타천사,2026-08-12,0.5%,"2,366","406,168"
2026-09-01 02:27:21,14,포가튼 아일랜드,2026-09-23,0.4%,"2,006",0
2026-09-01 02:27:21,15,더 드라마,2026-09-09,0.4%,"1,931",918
2026-09-01 02:27:21,16,사진의 얼굴,2026-09-02,0.4%,"1,918",575
2026-09-01 02:27:21,17,캐리어를 끄는 소녀,2026-09-02,0.4%,"1,691","1,532"
2026-09-01 02:27:21,18,극장판 기븐 – 바다로,2026-08-26,0.3%,"1,653","5,677"
2026-09-01 02:27:21,19,마루 밑 아리에티,재개봉일 : 2026-08-19 2010-09-09,0.3%,"1,493","1,094,933"
2026-09-01 02:27:21,20,위커 맨: 파이널 컷,2026-08-19,0.3%,"1,423","14,749"
2026-09-01 02:27:21,21,인시디어스: 그들이 넘어왔다,2026-08-20,0.3%,"1,282","151,538"
2026-09-01 02:27:21,22,가족여행,2026-09-30,0.2%,"1,001",93
2026-09-01 02:27:21,23,어떻게 해야 했을까?,2026-07-29,0.2%,900,"93,877"
2026-09-01 02:27:21,24,철들 무렵,2026-09-16,0.2%,882,266
2026-09-01 02:27:21,25,드라큘라: 러브 테일,2026-08-26,0.2%,834,"12,470"
2026-09-01 03:27:19,1,오디세이,2026-08-05,60.7%,"293,214","9,010,846"
2026-09-01 03:27:19,2,암살자(들),2026-09-23,7.6%,"36,854",0
2026-09-01 03:27:19,3,스파이더맨: 브랜드 뉴 데이,2026-07-29,5.3%,"25,436","8,577,062"
2026-09-01 03:27:19,4,비광,2026-09-02,4.8%,"22,977","1,795"
2026-09-01 03:27:19,5,인턴,2026-09-16,3.1%,"14,921",0
2026-09-01 03:27:19,6,경주기행,2026-08-26,2.6%,"12,621","210,482"
2026-09-01 03:27:19,7,옵세션,2026-09-02,2.1%,"10,138",938
2026-09-01 03:27:19,8,싱 어게인,2026-09-02,1.9%,"9,391","1,389"
2026-09-01 03:27:19,9,모모와 다락방의 수상한 요괴들,재개봉일 : 2026-09-02 2012-07-05,1.2%,"6,001","300,738"
2026-09-01 03:27:19,10,핵소 고지,재개봉일 : 2026-09-02 2017-02-22,1.0%,"4,597","179,284"
2026-09-01 03:27:19,11,인 더 그레이,2026-09-02,0.8%,"4,063",156
2026-09-01 03:27:19,12,오크 스트리트의 마지막 날,2026-08-26,0.6%,"3,096","114,195"
2026-09-01 03:27:19,13,명탐정 코난: 하이웨이의 타천사,2026-08-12,0.5%,"2,391","406,168"
2026-09-01 03:27:19,14,포가튼 아일랜드,2026-09-23,0.4%,"2,006",0
2026-09-01 03:27:19,15,더 드라마,2026-09-09,0.4%,"1,936",918
2026-09-01 03:27:19,16,사진의 얼굴,2026-09-02,0.4%,"1,919",575
2026-09-01 03:27:19,17,캐리어를 끄는 소녀,2026-09-02,0.3%,"1,688","1,532"
2026-09-01 03:27:19,18,극장판 기븐 – 바다로,2026-08-26,0.3%,"1,658","5,677"
2026-09-01 03:27:19,19,마루 밑 아리에티,재개봉일 : 2026-08-19 2010-09-09,0.3%,"1,491","1,094,933"
2026-09-01 03:27:19,20,위커 맨: 파이널 컷,2026-08-19,0.3%,"1,433","14,749"
2026-09-01 03:27:19,21,인시디어스: 그들이 넘어왔다,2026-08-20,0.3%,"1,295","151,538"
2026-09-01 03:27:19,22,가족여행,2026-09-30,0.2%,"1,001",93
2026-09-01 03:27:19,23,어떻게 해야 했을까?,2026-07-29,0.2%,905,"93,877"
2026-09-01 03:27:19,24,철들 무렵,2026-09-16,0.2%,882,266
2026-09-01 03:27:19,25,드라큘라: 러브 테일,2026-08-26,0.2%,844,"12,470"
2026-09-01 04:27:20,1,오디세이,2026-08-05,60.7%,"293,555","9,010,846"
2026-09-01 04:27:20,2,암살자(들),2026-09-23,7.6%,"36,890",0
2026-09-01 04:27:20,3,스파이더맨: 브랜드 뉴 데이,2026-07-29,5.3%,"25,512","8,577,062"
2026-09-01 04:27:20,4,비광,2026-09-02,4.8%,"22,982","1,795"
2026-09-01 04:27:20,5,인턴,2026-09-16,3.1%,"14,932",0
2026-09-01 04:27:20,6,경주기행,2026-08-26,2.6%,"12,656","210,482"
2026-09-01 04:27:20,7,옵세션,2026-09-02,2.1%,"10,192",938
2026-09-01 04:27:20,8,싱 어게인,2026-09-02,1.9%,"9,406","1,389"
2026-09-01 04:27:20,9,모모와 다락방의 수상한 요괴들,재개봉일 : 2026-09-02 2012-07-05,1.2%,"6,008","300,738"
2026-09-01 04:27:20,10,핵소 고지,재개봉일 : 2026-09-02 2017-02-22,1.0%,"4,606","179,284"
2026-09-01 04:27:20,11,인 더 그레이,2026-09-02,0.8%,"4,063",156
2026-09-01 04:27:20,12,오크 스트리트의 마지막 날,2026-08-26,0.6%,"3,097","114,195"
2026-09-01 04:27:20,13,명탐정 코난: 하이웨이의 타천사,2026-08-12,0.5%,"2,409","406,168"
2026-09-01 04:27:20,14,포가튼 아일랜드,2026-09-23,0.4%,"2,006",0
2026-09-01 04:27:20,15,더 드라마,2026-09-09,0.4%,"1,945",918
2026-09-01 04:27:20,16,사진의 얼굴,2026-09-02,0.4%,"1,921",575
2026-09-01 04:27:20,17,캐리어를 끄는 소녀,2026-09-02,0.3%,"1,692","1,532"
2026-09-01 04:27:20,18,극장판 기븐 – 바다로,2026-08-26,0.3%,"1,663","5,677"
2026-09-01 04:27:20,19,마루 밑 아리에티,재개봉일 : 2026-08-19 2010-09-09,0.3%,"1,490","1,094,933"
2026-09-01 04:27:20,20,위커 맨: 파이널 컷,2026-08-19,0.3%,"1,439","14,749"
2026-09-01 04:27:20,21,인시디어스: 그들이 넘어왔다,2026-08-20,0.3%,"1,302","151,538"
2026-09-01 04:27:20,22,가족여행,2026-09-30,0.2%,"1,001",93
2026-09-01 04:27:20,23,어떻게 해야 했을까?,2026-07-29,0.2%,910,"93,877"
2026-09-01 04:27:20,24,철들 무렵,2026-09-16,0.2%,882,266
2026-09-01 04:27:20,25,드라큘라: 러브 테일,2026-08-26,0.2%,842,"12,470"
2026-09-01 05:27:19,1,오디세이,2026-08-05,60.7%,"293,601","9,010,850"
2026-09-01 05:27:19,2,암살자(들),2026-09-23,7.6%,"36,909",0
2026-09-01 05:27:19,3,스파이더맨: 브랜드 뉴 데이,2026-07-29,5.3%,"25,597","8,577,062"
2026-09-01 05:27:19,4,비광,2026-09-02,4.8%,"22,984","1,795"
2026-09-01 05:27:19,5,인턴,2026-09-16,3.1%,"14,934",0
2026-09-01 05:27:19,6,경주기행,2026-08-26,2.6%,"12,684","210,487"
2026-09-01 05:27:19,7,옵세션,2026-09-02,2.1%,"10,218",938
2026-09-01 05:27:19,8,싱 어게인,2026-09-02,1.9%,"9,425","1,389"
2026-09-01 05:27:19,9,모모와 다락방의 수상한 요괴들,재개봉일 : 2026-09-02 2012-07-05,1.2%,"6,005","300,738"
2026-09-01 05:27:19,10,핵소 고지,재개봉일 : 2026-09-02 2017-02-22,1.0%,"4,597","179,284"
2026-09-01 05:27:19,11,인 더 그레이,2026-09-02,0.8%,"4,061",156
2026-09-01 05:27:19,12,오크 스트리트의 마지막 날,2026-08-26,0.6%,"3,099","114,198"
2026-09-01 05:27:19,13,명탐정 코난: 하이웨이의 타천사,2026-08-12,0.5%,"2,418","406,168"
2026-09-01 05:27:19,14,포가튼 아일랜드,2026-09-23,0.4%,"2,006",0
2026-09-01 05:27:19,15,더 드라마,2026-09-09,0.4%,"1,946",918
2026-09-01 05:27:19,16,사진의 얼굴,2026-09-02,0.4%,"1,920",575
2026-09-01 05:27:19,17,캐리어를 끄는 소녀,2026-09-02,0.4%,"1,694","1,532"
2026-09-01 05:27:19,18,극장판 기븐 – 바다로,2026-08-26,0.3%,"1,665","5,677"
2026-09-01 05:27:19,19,마루 밑 아리에티,재개봉일 : 2026-08-19 2010-09-09,0.3%,"1,491","1,094,933"
2026-09-01 05:27:19,20,위커 맨: 파이널 컷,2026-08-19,0.3%,"1,447","14,749"
2026-09-01 05:27:19,21,인시디어스: 그들이 넘어왔다,2026-08-20,0.3%,"1,301","151,538"
2026-09-01 05:27:19,22,가족여행,2026-09-30,0.2%,"1,001",93
2026-09-01 05:27:19,23,어떻게 해야 했을까?,2026-07-29,0.2%,913,"93,877"
2026-09-01 05:27:19,24,철들 무렵,2026-09-16,0.2%,882,266
2026-09-01 05:27:19,25,드라큘라: 러브 테일,2026-08-26,0.2%,844,"12,470"
2026-09-01 06:27:18,1,오디세이,2026-08-05,60.6%,"292,878","9,010,850"
2026-09-01 06:27:18,2,암살자(들),2026-09-23,7.6%,"36,912",0
2026-09-01 06:27:18,3,스파이더맨: 브랜드 뉴 데이,2026-07-29,5.3%,"25,599","8,577,062"
2026-09-01 06:27:18,4,비광,2026-09-02,4.8%,"22,994","1,795"
2026-09-01 06:27:18,5,인턴,2026-09-16,3.1%,"14,938",0
2026-09-01 06:27:18,6,경주기행,2026-08-26,2.6%,"12,709","210,487"
2026-09-01 06:27:18,7,옵세션,2026-09-02,2.1%,"10,243",938
2026-09-01 06:27:18,8,싱 어게인,2026-09-02,2.0%,"9,434","1,389"
2026-09-01 06:27:18,9,모모와 다락방의 수상한 요괴들,재개봉일 : 2026-09-02 2012-07-05,1.2%,"6,007","300,738"
2026-09-01 06:27:18,10,핵소 고지,재개봉일 : 2026-09-02 2017-02-22,1.0%,"4,593","179,284"
2026-09-01 06:27:18,11,인 더 그레이,2026-09-02,0.8%,"4,062",156
2026-09-01 06:27:18,12,오크 스트리트의 마지막 날,2026-08-26,0.6%,"3,100","114,198"
2026-09-01 06:27:18,13,명탐정 코난: 하이웨이의 타천사,2026-08-12,0.5%,"2,410","406,168"
2026-09-01 06:27:18,14,포가튼 아일랜드,2026-09-23,0.4%,"2,006",0
2026-09-01 06:27:18,15,더 드라마,2026-09-09,0.4%,"1,948",918
2026-09-01 06:27:18,16,사진의 얼굴,2026-09-02,0.4%,"1,919",575
2026-09-01 06:27:18,17,캐리어를 끄는 소녀,2026-09-02,0.4%,"1,694","1,532"
2026-09-01 06:27:18,18,극장판 기븐 – 바다로,2026-08-26,0.3%,"1,665","5,677"
2026-09-01 06:27:18,19,마루 밑 아리에티,재개봉일 : 2026-08-19 2010-09-09,0.3%,"1,485","1,094,933"
2026-09-01 06:27:18,20,위커 맨: 파이널 컷,2026-08-19,0.3%,"1,441","14,749"
2026-09-01 06:27:18,21,인시디어스: 그들이 넘어왔다,2026-08-20,0.3%,"1,305","151,538"
2026-09-01 06:27:18,22,가족여행,2026-09-30,0.2%,"1,001",93
2026-09-01 06:27:18,23,어떻게 해야 했을까?,2026-07-29,0.2%,915,"93,877"
2026-09-01 06:27:18,24,철들 무렵,2026-09-16,0.2%,882,266
2026-09-01 06:27:18,25,드라큘라: 러브 테일,2026-08-26,0.2%,848,"12,470"
2026-09-01 07:27:18,1,오디세이,2026-08-05,60.4%,"290,618","9,010,850"
2026-09-01 07:27:18,2,암살자(들),2026-09-23,7.7%,"36,946",0
2026-09-01 07:27:18,3,스파이더맨: 브랜드 뉴 데이,2026-07-29,5.3%,"25,659","8,577,062"
2026-09-01 07:27:18,4,비광,2026-09-02,4.8%,"23,005","1,795"
2026-09-01 07:27:18,5,인턴,2026-09-16,3.1%,"14,969",0
2026-09-01 07:27:18,6,경주기행,2026-08-26,2.6%,"12,674","210,487"
2026-09-01 07:27:18,7,옵세션,2026-09-02,2.1%,"10,305",938
2026-09-01 07:27:18,8,싱 어게인,2026-09-02,2.0%,"9,479","1,389"
2026-09-01 07:27:18,9,모모와 다락방의 수상한 요괴들,재개봉일 : 2026-09-02 2012-07-05,1.2%,"6,008","300,738"
2026-09-01 07:27:18,10,핵소 고지,재개봉일 : 2026-09-02 2017-02-22,1.0%,"4,601","179,284"
2026-09-01 07:27:18,11,인 더 그레이,2026-09-02,0.8%,"4,082",156
2026-09-01 07:27:18,12,오크 스트리트의 마지막 날,2026-08-26,0.6%,"3,096","114,198"
2026-09-01 07:27:18,13,명탐정 코난: 하이웨이의 타천사,2026-08-12,0.5%,"2,404","406,168"
2026-09-01 07:27:18,14,포가튼 아일랜드,2026-09-23,0.4%,"2,006",0
2026-09-01 07:27:18,15,더 드라마,2026-09-09,0.4%,"1,953",918
2026-09-01 07:27:18,16,사진의 얼굴,2026-09-02,0.4%,"1,926",575
2026-09-01 07:27:18,17,캐리어를 끄는 소녀,2026-09-02,0.4%,"1,697","1,532"
2026-09-01 07:27:18,18,극장판 기븐 – 바다로,2026-08-26,0.3%,"1,665","5,677"
2026-09-01 07:27:18,19,마루 밑 아리에티,재개봉일 : 2026-08-19 2010-09-09,0.3%,"1,494","1,094,933"
2026-09-01 07:27:18,20,위커 맨: 파이널 컷,2026-08-19,0.3%,"1,448","14,749"
2026-09-01 07:27:18,21,인시디어스: 그들이 넘어왔다,2026-08-20,0.3%,"1,305","151,538"
2026-09-01 07:27:18,22,가족여행,2026-09-30,0.2%,"1,001",93
2026-09-01 07:27:18,23,어떻게 해야 했을까?,2026-07-29,0.2%,906,"93,877"
2026-09-01 07:27:18,24,철들 무렵,2026-09-16,0.2%,883,266
2026-09-01 07:27:18,25,드라큘라: 러브 테일,2026-08-26,0.2%,852,"12,470"
2026-09-01 08:27:18,1,오디세이,2026-08-05,60.2%,"286,549","9,010,851"
2026-09-01 08:27:18,2,암살자(들),2026-09-23,7.8%,"37,012",0
2026-09-01 08:27:18,3,스파이더맨: 브랜드 뉴 데이,2026-07-29,5.2%,"24,905","8,577,063"
2026-09-01 08:27:18,4,비광,2026-09-02,4.8%,"23,045","1,795"
2026-09-01 08:27:18,5,인턴,2026-09-16,3.2%,"15,005",0
2026-09-01 08:27:18,6,경주기행,2026-08-26,2.6%,"12,305","210,485"
2026-09-01 08:27:18,7,옵세션,2026-09-02,2.2%,"10,430",938
2026-09-01 08:27:18,8,싱 어게인,2026-09-02,2.0%,"9,528","1,389"
2026-09-01 08:27:18,9,모모와 다락방의 수상한 요괴들,재개봉일 : 2026-09-02 2012-07-05,1.3%,"6,013","300,738"
2026-09-01 08:27:18,10,핵소 고지,재개봉일 : 2026-09-02 2017-02-22,1.0%,"4,609","179,284"
2026-09-01 08:27:18,11,인 더 그레이,2026-09-02,0.9%,"4,096",156
2026-09-01 08:27:18,12,오크 스트리트의 마지막 날,2026-08-26,0.6%,"2,990","114,198"
2026-09-01 08:27:18,13,명탐정 코난: 하이웨이의 타천사,2026-08-12,0.5%,"2,320","406,168"
2026-09-01 08:27:18,14,포가튼 아일랜드,2026-09-23,0.4%,"2,006",0
2026-09-01 08:27:18,15,더 드라마,2026-09-09,0.4%,"1,963",918
2026-09-01 08:27:18,16,사진의 얼굴,2026-09-02,0.4%,"1,932",575
2026-09-01 08:27:18,17,캐리어를 끄는 소녀,2026-09-02,0.4%,"1,700","1,532"
2026-09-01 08:27:18,18,극장판 기븐 – 바다로,2026-08-26,0.4%,"1,668","5,677"
2026-09-01 08:27:18,19,위커 맨: 파이널 컷,2026-08-19,0.3%,"1,431","14,749"
2026-09-01 08:27:18,20,마루 밑 아리에티,재개봉일 : 2026-08-19 2010-09-09,0.3%,"1,416","1,094,933"
2026-09-01 08:27:18,21,인시디어스: 그들이 넘어왔다,2026-08-20,0.3%,"1,306","151,538"
2026-09-01 08:27:18,22,가족여행,2026-09-30,0.2%,"1,001",93
2026-09-01 08:27:18,23,어떻게 해야 했을까?,2026-07-29,0.2%,905,"93,877"
2026-09-01 08:27:18,24,철들 무렵,2026-09-16,0.2%,883,266
2026-09-01 08:27:18,25,드라큘라: 러브 테일,2026-08-26,0.2%,824,"12,470"
2026-09-01 09:27:17,1,오디세이,2026-08-05,60.1%,"284,739","9,010,851"
2026-09-01 09:27:17,2,암살자(들),2026-09-23,7.8%,"37,081",0
2026-09-01 09:27:17,3,스파이더맨: 브랜드 뉴 데이,2026-07-29,5.3%,"24,917","8,577,063"
2026-09-01 09:27:17,4,비광,2026-09-02,4.9%,"23,125","1,795"
2026-09-01 09:27:17,5,인턴,2026-09-16,3.2%,"15,152",0
2026-09-01 09:27:17,6,경주기행,2026-08-26,2.6%,"12,173","210,485"
2026-09-01 09:27:17,7,옵세션,2026-09-02,2.2%,"10,642",938
2026-09-01 09:27:17,8,싱 어게인,2026-09-02,2.0%,"9,624","1,389"
2026-09-01 09:27:17,9,모모와 다락방의 수상한 요괴들,재개봉일 : 2026-09-02 2012-07-05,1.3%,"6,021","300,738"
2026-09-01 09:27:17,10,핵소 고지,재개봉일 : 2026-09-02 2017-02-22,1.0%,"4,612","179,284"
2026-09-01 09:27:17,11,인 더 그레이,2026-09-02,0.9%,"4,124",156
2026-09-01 09:27:17,12,오크 스트리트의 마지막 날,2026-08-26,0.6%,"2,943","114,198"
2026-09-01 09:27:17,13,명탐정 코난: 하이웨이의 타천사,2026-08-12,0.5%,"2,273","406,168"
2026-09-01 09:27:17,14,포가튼 아일랜드,2026-09-23,0.4%,"2,006",0
2026-09-01 09:27:17,15,더 드라마,2026-09-09,0.4%,"1,978",918
2026-09-01 09:27:17,16,사진의 얼굴,2026-09-02,0.4%,"1,948",575
2026-09-01 09:27:17,17,캐리어를 끄는 소녀,2026-09-02,0.4%,"1,709","1,532"
2026-09-01 09:27:17,18,극장판 기븐 – 바다로,2026-08-26,0.4%,"1,680","5,677"
2026-09-01 09:27:17,19,위커 맨: 파이널 컷,2026-08-19,0.3%,"1,427","14,749"
2026-09-01 09:27:17,20,마루 밑 아리에티,재개봉일 : 2026-08-19 2010-09-09,0.3%,"1,373","1,094,933"
2026-09-01 09:27:17,21,인시디어스: 그들이 넘어왔다,2026-08-20,0.3%,"1,309","151,538"
2026-09-01 09:27:17,22,가족여행,2026-09-30,0.2%,"1,001",93
2026-09-01 09:27:17,23,어떻게 해야 했을까?,2026-07-29,0.2%,875,"93,877"
2026-09-01 09:27:17,24,드라큘라: 러브 테일,2026-08-26,0.2%,820,"12,470"
2026-09-01 09:27:17,25,스파이에어 저스트 라이크 디스 2025,2026-08-26,0.2%,805,778
2026-09-01 10:27:19,1,오디세이,2026-08-05,59.9%,"284,587","9,010,849"
2026-09-01 10:27:19,2,암살자(들),2026-09-23,7.8%,"37,149",0
2026-09-01 10:27:19,3,스파이더맨: 브랜드 뉴 데이,2026-07-29,5.4%,"25,453","8,577,056"
2026-09-01 10:27:19,4,비광,2026-09-02,4.9%,"23,428","1,795"
2026-09-01 10:27:19,5,인턴,2026-09-16,3.2%,"15,252",0
2026-09-01 10:27:19,6,경주기행,2026-08-26,2.6%,"12,153","210,485"
2026-09-01 10:27:19,7,옵세션,2026-09-02,2.3%,"10,827",938
2026-09-01 10:27:19,8,싱 어게인,2026-09-02,2.0%,"9,728","1,389"
2026-09-01 10:27:19,9,모모와 다락방의 수상한 요괴들,재개봉일 : 2026-09-02 2012-07-05,1.3%,"6,034","300,738"
2026-09-01 10:27:19,10,핵소 고지,재개봉일 : 2026-09-02 2017-02-22,1.0%,"4,607","179,284"
2026-09-01 10:27:19,11,인 더 그레이,2026-09-02,0.9%,"4,147",156
2026-09-01 10:27:19,12,오크 스트리트의 마지막 날,2026-08-26,0.6%,"2,912","114,198"
2026-09-01 10:27:19,13,더 드라마,2026-09-09,0.5%,"2,293",918
2026-09-01 10:27:19,14,명탐정 코난: 하이웨이의 타천사,2026-08-12,0.5%,"2,245","406,168"
2026-09-01 10:27:19,15,포가튼 아일랜드,2026-09-23,0.4%,"2,006",0
2026-09-01 10:27:19,16,사진의 얼굴,2026-09-02,0.4%,"1,963",575
2026-09-01 10:27:19,17,캐리어를 끄는 소녀,2026-09-02,0.4%,"1,711","1,532"
2026-09-01 10:27:19,18,극장판 기븐 – 바다로,2026-08-26,0.4%,"1,677","5,677"
2026-09-01 10:27:19,19,위커 맨: 파이널 컷,2026-08-19,0.3%,"1,434","14,749"
2026-09-01 10:27:19,20,마루 밑 아리에티,재개봉일 : 2026-08-19 2010-09-09,0.3%,"1,372","1,094,933"
2026-09-01 10:27:19,21,인시디어스: 그들이 넘어왔다,2026-08-20,0.3%,"1,317","151,538"
2026-09-01 10:27:19,22,가족여행,2026-09-30,0.2%,"1,001",93
2026-09-01 10:27:19,23,어떻게 해야 했을까?,2026-07-29,0.2%,865,"93,877"
2026-09-01 10:27:19,24,스파이에어 저스트 라이크 디스 2025,2026-08-26,0.2%,789,778
2026-09-01 10:27:19,25,드라큘라: 러브 테일,2026-08-26,0.2%,779,"12,470"
2026-09-01 11:27:19,1,오디세이,2026-08-05,59.7%,"285,508","9,010,843"
2026-09-01 11:27:19,2,암살자(들),2026-09-23,7.8%,"37,390",0
2026-09-01 11:27:19,3,스파이더맨: 브랜드 뉴 데이,2026-07-29,5.5%,"26,284","8,577,056"
2026-09-01 11:27:19,4,비광,2026-09-02,5.0%,"23,823","1,795"
2026-09-01 11:27:19,5,인턴,2026-09-16,3.2%,"15,422",0
2026-09-01 11:27:19,6,경주기행,2026-08-26,2.5%,"12,042","210,485"
2026-09-01 11:27:19,7,옵세션,2026-09-02,2.3%,"11,126",938
2026-09-01 11:27:19,8,싱 어게인,2026-09-02,2.1%,"9,981","1,389"
2026-09-01 11:27:19,9,모모와 다락방의 수상한 요괴들,재개봉일 : 2026-09-02 2012-07-05,1.3%,"6,048","300,738"
2026-09-01 11:27:19,10,핵소 고지,재개봉일 : 2026-09-02 2017-02-22,1.0%,"4,595","179,284"
2026-09-01 11:27:19,11,인 더 그레이,2026-09-02,0.9%,"4,165",156
2026-09-01 11:27:19,12,오크 스트리트의 마지막 날,2026-08-26,0.6%,"2,832","114,198"
2026-09-01 11:27:19,13,더 드라마,2026-09-09,0.5%,"2,316",918
2026-09-01 11:27:19,14,명탐정 코난: 하이웨이의 타천사,2026-08-12,0.4%,"2,137","406,168"
2026-09-01 11:27:19,15,포가튼 아일랜드,2026-09-23,0.4%,"2,006",0
2026-09-01 11:27:19,16,사진의 얼굴,2026-09-02,0.4%,"1,980",575
2026-09-01 11:27:19,17,캐리어를 끄는 소녀,2026-09-02,0.4%,"1,710","1,532"
2026-09-01 11:27:19,18,극장판 기븐 – 바다로,2026-08-26,0.3%,"1,664","5,677"
2026-09-01 11:27:19,19,위커 맨: 파이널 컷,2026-08-19,0.3%,"1,435","14,749"
2026-09-01 11:27:19,20,마루 밑 아리에티,재개봉일 : 2026-08-19 2010-09-09,0.3%,"1,368","1,094,933"
2026-09-01 11:27:19,21,인시디어스: 그들이 넘어왔다,2026-08-20,0.3%,"1,332","151,538"
2026-09-01 11:27:19,22,가족여행,2026-09-30,0.2%,"1,001",93
2026-09-01 11:27:19,23,어떻게 해야 했을까?,2026-07-29,0.2%,880,"93,877"
2026-09-01 11:27:19,24,드라큘라: 러브 테일,2026-08-26,0.2%,798,"12,470"
2026-09-01 11:27:19,25,스파이에어 저스트 라이크 디스 2025,2026-08-26,0.2%,776,778
2026-09-01 12:27:37,1,오디세이,2026-08-05,56.9%,"285,546","9,010,843"
2026-09-01 12:27:37,2,암살자(들),2026-09-23,7.6%,"37,886",0
2026-09-01 12:27:37,3,인턴,2026-09-16,6.8%,"33,865",0
2026-09-01 12:27:37,4,스파이더맨: 브랜드 뉴 데이,2026-07-29,5.3%,"26,446","8,577,056"
2026-09-01 12:27:37,5,비광,2026-09-02,4.8%,"24,089","1,795"
2026-09-01 12:27:37,6,싱 어게인,2026-09-02,2.7%,"13,698","1,389"
2026-09-01 12:27:37,7,경주기행,2026-08-26,2.5%,"12,434","210,485"
2026-09-01 12:27:37,8,옵세션,2026-09-02,2.3%,"11,528",938
2026-09-01 12:27:37,9,모모와 다락방의 수상한 요괴들,재개봉일 : 2026-09-02 2012-07-05,1.2%,"5,882","300,738"
2026-09-01 12:27:37,10,핵소 고지,재개봉일 : 2026-09-02 2017-02-22,0.9%,"4,602","179,284"
2026-09-01 12:27:37,11,인 더 그레이,2026-09-02,0.8%,"4,193",156
2026-09-01 12:27:37,12,오크 스트리트의 마지막 날,2026-08-26,0.6%,"2,781","114,198"
2026-09-01 12:27:37,13,더 드라마,2026-09-09,0.5%,"2,333",918
2026-09-01 12:27:37,14,명탐정 코난: 하이웨이의 타천사,2026-08-12,0.4%,"2,136","406,168"
2026-09-01 12:27:37,15,포가튼 아일랜드,2026-09-23,0.4%,"2,006",0
2026-09-01 12:27:37,16,사진의 얼굴,2026-09-02,0.4%,"1,989",575
2026-09-01 12:27:37,17,극장판 기븐 – 바다로,2026-08-26,0.3%,"1,679","5,677"
2026-09-01 12:27:37,18,캐리어를 끄는 소녀,2026-09-02,0.3%,"1,634","1,532"
2026-09-01 12:27:37,19,위커 맨: 파이널 컷,2026-08-19,0.3%,"1,402","14,749"
2026-09-01 12:27:37,20,마루 밑 아리에티,재개봉일 : 2026-08-19 2010-09-09,0.3%,"1,376","1,094,933"
2026-09-01 12:27:37,21,인시디어스: 그들이 넘어왔다,2026-08-20,0.3%,"1,364","151,538"
2026-09-01 12:27:37,22,가족여행,2026-09-30,0.2%,"1,001",93
2026-09-01 12:27:37,23,어떻게 해야 했을까?,2026-07-29,0.2%,891,"93,877"
2026-09-01 12:27:37,24,드라큘라: 러브 테일,2026-08-26,0.2%,805,"12,470"
2026-09-01 12:27:37,25,스파이에어 저스트 라이크 디스 2025,2026-08-26,0.2%,779,778
2026-09-01 13:21:07,1,오디세이,2026-08-05,56.7%,"287,358","9,010,843"
2026-09-01 13:21:07,2,암살자(들),2026-09-23,7.7%,"39,055",0
2026-09-01 13:21:07,3,인턴,2026-09-16,6.7%,"33,934",0
2026-09-01 13:21:07,4,스파이더맨: 브랜드 뉴 데이,2026-07-29,5.3%,"27,013","8,577,056"
2026-09-01 13:21:07,5,비광,2026-09-02,4.8%,"24,256","1,795"
2026-09-01 13:21:07,6,싱 어게인,2026-09-02,2.8%,"14,392","1,389"
2026-09-01 13:21:07,7,경주기행,2026-08-26,2.4%,"12,332","210,485"
2026-09-01 13:21:07,8,옵세션,2026-09-02,2.4%,"11,932",938
2026-09-01 13:21:07,9,모모와 다락방의 수상한 요괴들,재개봉일 : 2026-09-02 2012-07-05,1.2%,"5,956","300,738"
2026-09-01 13:21:07,10,핵소 고지,재개봉일 : 2026-09-02 2017-02-22,0.9%,"4,609","179,284"
2026-09-01 13:21:07,11,인 더 그레이,2026-09-02,0.8%,"4,220",156
2026-09-01 13:21:07,12,오크 스트리트의 마지막 날,2026-08-26,0.5%,"2,697","114,198"
2026-09-01 13:21:07,13,더 드라마,2026-09-09,0.5%,"2,386",918
2026-09-01 13:21:07,14,명탐정 코난: 하이웨이의 타천사,2026-08-12,0.4%,"2,172","406,168"
2026-09-01 13:21:07,15,포가튼 아일랜드,2026-09-23,0.4%,"2,006",0
2026-09-01 13:21:07,16,사진의 얼굴,2026-09-02,0.4%,"2,003",575
2026-09-01 13:21:07,17,극장판 기븐 – 바다로,2026-08-26,0.3%,"1,695","5,677"
2026-09-01 13:21:07,18,캐리어를 끄는 소녀,2026-09-02,0.3%,"1,645","1,532"
2026-09-01 13:21:07,19,위커 맨: 파이널 컷,2026-08-19,0.3%,"1,428","14,749"
2026-09-01 13:21:07,20,마루 밑 아리에티,재개봉일 : 2026-08-19 2010-09-09,0.3%,"1,375","1,094,933"
2026-09-01 13:21:07,21,인시디어스: 그들이 넘어왔다,2026-08-20,0.3%,"1,368","151,538"
2026-09-01 13:21:07,22,가족여행,2026-09-30,0.2%,"1,001",93
2026-09-01 13:21:07,23,어떻게 해야 했을까?,2026-07-29,0.2%,919,"93,877"
2026-09-01 13:21:07,24,드라큘라: 러브 테일,2026-08-26,0.2%,786,"12,470"
2026-09-01 13:21:07,25,스파이에어 저스트 라이크 디스 2025,2026-08-26,0.2%,779,778
2026-09-01 14:21:07,1,오디세이,2026-08-05,56.1%,"286,959","9,010,843"
2026-09-01 14:21:07,2,암살자(들),2026-09-23,7.8%,"39,892",0
2026-09-01 14:21:07,3,인턴,2026-09-16,6.7%,"34,048",0
2026-09-01 14:21:07,4,스파이더맨: 브랜드 뉴 데이,2026-07-29,5.3%,"27,077","8,577,056"
2026-09-01 14:21:07,5,비광,2026-09-02,4.8%,"24,583","1,795"
2026-09-01 14:21:07,6,싱 어게인,2026-09-02,3.0%,"15,127","1,389"
2026-09-01 14:21:07,7,경주기행,2026-08-26,2.4%,"12,451","210,485"
2026-09-01 14:21:07,8,옵세션,2026-09-02,2.4%,"12,404",938
2026-09-01 14:21:07,9,모모와 다락방의 수상한 요괴들,재개봉일 : 2026-09-02 2012-07-05,1.2%,"5,920","300,738"
2026-09-01 14:21:07,10,핵소 고지,재개봉일 : 2026-09-02 2017-02-22,0.9%,"4,604","179,284"
2026-09-01 14:21:07,11,인 더 그레이,2026-09-02,0.8%,"4,237",156
2026-09-01 14:21:07,12,딥 워터,2026-09-09,0.5%,"2,803",0
2026-09-01 14:21:07,13,오크 스트리트의 마지막 날,2026-08-26,0.5%,"2,695","114,198"
2026-09-01 14:21:07,14,더 드라마,2026-09-09,0.5%,"2,433",918
2026-09-01 14:21:07,15,명탐정 코난: 하이웨이의 타천사,2026-08-12,0.4%,"2,180","406,168"
2026-09-01 14:21:07,16,사진의 얼굴,2026-09-02,0.4%,"2,014",575
2026-09-01 14:21:07,17,포가튼 아일랜드,2026-09-23,0.4%,"2,006",0
2026-09-01 14:21:07,18,마루 밑 아리에티,재개봉일 : 2026-08-19 2010-09-09,0.3%,"1,746","1,094,933"
2026-09-01 14:21:07,19,극장판 기븐 – 바다로,2026-08-26,0.3%,"1,699","5,677"
2026-09-01 14:21:07,20,캐리어를 끄는 소녀,2026-09-02,0.3%,"1,612","1,532"
2026-09-01 14:21:07,21,위커 맨: 파이널 컷,2026-08-19,0.3%,"1,411","14,749"
2026-09-01 14:21:07,22,인시디어스: 그들이 넘어왔다,2026-08-20,0.3%,"1,349","151,538"
2026-09-01 14:21:07,23,가족여행,2026-09-30,0.2%,"1,001",93
2026-09-01 14:21:07,24,어떻게 해야 했을까?,2026-07-29,0.2%,908,"93,877"
2026-09-01 14:21:07,25,스파이에어 저스트 라이크 디스 2025,2026-08-26,0.2%,779,778
2026-09-01 15:21:07,1,오디세이,2026-08-05,55.7%,"289,089","9,010,839"
2026-09-01 15:21:07,2,암살자(들),2026-09-23,7.8%,"40,621",0
2026-09-01 15:21:07,3,인턴,2026-09-16,6.6%,"34,383",0
2026-09-01 15:21:07,4,스파이더맨: 브랜드 뉴 데이,2026-07-29,5.2%,"27,177","8,577,056"
2026-09-01 15:21:07,5,비광,2026-09-02,5.0%,"26,007","1,795"
2026-09-01 15:21:07,6,싱 어게인,2026-09-02,3.0%,"15,424","1,389"
2026-09-01 15:21:07,7,옵세션,2026-09-02,2.5%,"12,894",938
2026-09-01 15:21:07,8,경주기행,2026-08-26,2.4%,"12,454","210,485"
2026-09-01 15:21:07,9,모모와 다락방의 수상한 요괴들,재개봉일 : 2026-09-02 2012-07-05,1.2%,"6,004","300,738"
2026-09-01 15:21:07,10,핵소 고지,재개봉일 : 2026-09-02 2017-02-22,0.9%,"4,613","179,284"
2026-09-01 15:21:07,11,인 더 그레이,2026-09-02,0.8%,"4,275",156
2026-09-01 15:21:07,12,딥 워터,2026-09-09,0.6%,"3,216",0
2026-09-01 15:21:07,13,더 드라마,2026-09-09,0.5%,"2,820",918
2026-09-01 15:21:07,14,오크 스트리트의 마지막 날,2026-08-26,0.5%,"2,571","114,198"
2026-09-01 15:21:07,15,명탐정 코난: 하이웨이의 타천사,2026-08-12,0.4%,"2,109","406,168"
2026-09-01 15:21:07,16,사진의 얼굴,2026-09-02,0.4%,"2,034",575
2026-09-01 15:21:07,17,포가튼 아일랜드,2026-09-23,0.4%,"2,006",0
2026-09-01 15:21:07,18,마루 밑 아리에티,재개봉일 : 2026-08-19 2010-09-09,0.3%,"1,782","1,094,933"
2026-09-01 15:21:07,19,극장판 기븐 – 바다로,2026-08-26,0.3%,"1,714","5,677"
2026-09-01 15:21:07,20,캐리어를 끄는 소녀,2026-09-02,0.3%,"1,606","1,532"
2026-09-01 15:21:07,21,위커 맨: 파이널 컷,2026-08-19,0.3%,"1,439","14,749"
2026-09-01 15:21:07,22,호프,2026-07-15,0.2%,"1,261","4,536,211"
2026-09-01 15:21:07,22,인시디어스: 그들이 넘어왔다,2026-08-20,0.2%,"1,261","151,538"
2026-09-01 15:21:07,24,가족여행,2026-09-30,0.2%,"1,001",93
2026-09-01 15:21:07,25,어떻게 해야 했을까?,2026-07-29,0.2%,908,"93,877"
2026-09-01 16:21:07,1,오디세이,2026-08-05,55.4%,"289,601","9,010,820"
2026-09-01 16:21:07,2,암살자(들),2026-09-23,7.9%,"41,168",0
2026-09-01 16:21:07,3,인턴,2026-09-16,6.6%,"34,553",0
2026-09-01 16:21:07,4,스파이더맨: 브랜드 뉴 데이,2026-07-29,5.3%,"27,660","8,577,049"
2026-09-01 16:21:07,5,비광,2026-09-02,5.2%,"27,256","1,795"
2026-09-01 16:21:07,6,싱 어게인,2026-09-02,3.0%,"15,665","1,389"
2026-09-01 16:21:07,7,옵세션,2026-09-02,2.6%,"13,386",938
2026-09-01 16:21:07,8,경주기행,2026-08-26,2.4%,"12,482","210,485"
2026-09-01 16:21:07,9,모모와 다락방의 수상한 요괴들,재개봉일 : 2026-09-02 2012-07-05,1.2%,"6,076","300,738"
2026-09-01 16:21:07,10,핵소 고지,재개봉일 : 2026-09-02 2017-02-22,0.9%,"4,620","179,284"
2026-09-01 16:21:07,11,인 더 그레이,2026-09-02,0.8%,"4,308",156
2026-09-01 16:21:07,12,딥 워터,2026-09-09,0.7%,"3,407",0
2026-09-01 16:21:07,13,더 드라마,2026-09-09,0.6%,"2,910",918
2026-09-01 16:21:07,14,오크 스트리트의 마지막 날,2026-08-26,0.5%,"2,465","114,198"
2026-09-01 16:21:07,15,명탐정 코난: 하이웨이의 타천사,2026-08-12,0.4%,"2,094","406,168"
2026-09-01 16:21:07,16,사진의 얼굴,2026-09-02,0.4%,"2,055",575
2026-09-01 16:21:07,17,포가튼 아일랜드,2026-09-23,0.4%,"2,006",0
2026-09-01 16:21:07,18,마루 밑 아리에티,재개봉일 : 2026-08-19 2010-09-09,0.4%,"1,856","1,094,933"
2026-09-01 16:21:07,19,극장판 기븐 – 바다로,2026-08-26,0.3%,"1,712","5,677"
2026-09-01 16:21:07,20,캐리어를 끄는 소녀,2026-09-02,0.3%,"1,598","1,532"
2026-09-01 16:21:07,21,호프,2026-07-15,0.3%,"1,544","4,536,210"
2026-09-01 16:21:07,22,위커 맨: 파이널 컷,2026-08-19,0.3%,"1,534","14,749"
2026-09-01 16:21:07,23,인시디어스: 그들이 넘어왔다,2026-08-20,0.2%,"1,245","151,538"
2026-09-01 16:21:07,24,가족여행,2026-09-30,0.2%,"1,001",93
2026-09-01 16:21:07,25,어떻게 해야 했을까?,2026-07-29,0.2%,914,"93,877"
2026-09-01 17:21:07,1,오디세이,2026-08-05,54.4%,"287,245","9,010,818"
2026-09-01 17:21:07,2,암살자(들),2026-09-23,7.9%,"41,507",0
2026-09-01 17:21:07,3,인턴,2026-09-16,6.9%,"36,654",0
2026-09-01 17:21:07,4,비광,2026-09-02,5.3%,"27,993","1,795"
2026-09-01 17:21:07,5,스파이더맨: 브랜드 뉴 데이,2026-07-29,5.1%,"27,186","8,577,049"
2026-09-01 17:21:07,6,경주기행,2026-08-26,3.0%,"16,087","210,485"
2026-09-01 17:21:07,7,싱 어게인,2026-09-02,3.0%,"15,826","1,389"
2026-09-01 17:21:07,8,옵세션,2026-09-02,2.6%,"13,872",938
2026-09-01 17:21:07,9,모모와 다락방의 수상한 요괴들,재개봉일 : 2026-09-02 2012-07-05,1.2%,"6,165","300,738"
2026-09-01 17:21:07,10,핵소 고지,재개봉일 : 2026-09-02 2017-02-22,0.9%,"4,636","179,284"
2026-09-01 17:21:07,11,인 더 그레이,2026-09-02,0.8%,"4,322",156
2026-09-01 17:21:07,12,딥 워터,2026-09-09,0.7%,"3,560",0
2026-09-01 17:21:07,13,더 드라마,2026-09-09,0.6%,"2,968",918
2026-09-01 17:21:07,14,오크 스트리트의 마지막 날,2026-08-26,0.4%,"2,158","114,198"
2026-09-01 17:21:07,15,사진의 얼굴,2026-09-02,0.4%,"2,063",575
2026-09-01 17:21:07,16,포가튼 아일랜드,2026-09-23,0.4%,"2,006",0
2026-09-01 17:21:07,17,명탐정 코난: 하이웨이의 타천사,2026-08-12,0.4%,"1,961","406,168"
2026-09-01 17:21:07,18,마루 밑 아리에티,재개봉일 : 2026-08-19 2010-09-09,0.4%,"1,875","1,094,933"
2026-09-01 17:21:07,19,호프,2026-07-15,0.3%,"1,758","4,536,210"
2026-09-01 17:21:07,20,극장판 기븐 – 바다로,2026-08-26,0.3%,"1,696","5,677"
2026-09-01 17:21:07,21,캐리어를 끄는 소녀,2026-09-02,0.3%,"1,599","1,532"
2026-09-01 17:21:07,22,위커 맨: 파이널 컷,2026-08-19,0.3%,"1,468","14,749"
2026-09-01 17:21:07,23,인시디어스: 그들이 넘어왔다,2026-08-20,0.2%,"1,102","151,538"
2026-09-01 17:21:07,24,가족여행,2026-09-30,0.2%,"1,001",93
2026-09-01 17:21:07,25,어떻게 해야 했을까?,2026-07-29,0.2%,857,"93,877"
2026-09-01 18:21:07,1,오디세이,2026-08-05,53.9%,"285,849","9,010,818"
2026-09-01 18:21:07,2,암살자(들),2026-09-23,7.9%,"41,758",0
2026-09-01 18:21:07,3,인턴,2026-09-16,7.1%,"37,882",0
2026-09-01 18:21:07,4,비광,2026-09-02,5.3%,"28,191","1,795"
2026-09-01 18:21:07,5,스파이더맨: 브랜드 뉴 데이,2026-07-29,5.1%,"26,796","8,577,049"
2026-09-01 18:21:07,6,경주기행,2026-08-26,3.3%,"17,323","210,485"
2026-09-01 18:21:07,7,싱 어게인,2026-09-02,3.0%,"16,065","1,389"
2026-09-01 18:21:07,8,옵세션,2026-09-02,2.7%,"14,369",938
2026-09-01 18:21:07,9,모모와 다락방의 수상한 요괴들,재개봉일 : 2026-09-02 2012-07-05,1.2%,"6,219","300,738"
2026-09-01 18:21:07,10,핵소 고지,재개봉일 : 2026-09-02 2017-02-22,0.9%,"4,643","179,284"
2026-09-01 18:21:07,11,인 더 그레이,2026-09-02,0.8%,"4,446",156
2026-09-01 18:21:07,12,딥 워터,2026-09-09,0.7%,"3,691",0
2026-09-01 18:21:07,13,더 드라마,2026-09-09,0.6%,"3,010",918
2026-09-01 18:21:07,14,호프,2026-07-15,0.4%,"2,160","4,536,210"
2026-09-01 18:21:07,15,사진의 얼굴,2026-09-02,0.4%,"2,117",575
2026-09-01 18:21:07,16,포가튼 아일랜드,2026-09-23,0.4%,"2,006",0
2026-09-01 18:21:07,17,명탐정 코난: 하이웨이의 타천사,2026-08-12,0.4%,"1,996","406,168"
2026-09-01 18:21:07,18,마루 밑 아리에티,재개봉일 : 2026-08-19 2010-09-09,0.4%,"1,865","1,094,933"
2026-09-01 18:21:07,19,오크 스트리트의 마지막 날,2026-08-26,0.3%,"1,838","114,198"
2026-09-01 18:21:07,20,극장판 기븐 – 바다로,2026-08-26,0.3%,"1,660","5,677"
2026-09-01 18:21:07,21,캐리어를 끄는 소녀,2026-09-02,0.3%,"1,618","1,532"
2026-09-01 18:21:07,22,위커 맨: 파이널 컷,2026-08-19,0.3%,"1,452","14,749"
2026-09-01 18:21:07,23,인시디어스: 그들이 넘어왔다,2026-08-20,0.2%,"1,016","151,538"
2026-09-01 18:21:07,24,가족여행,2026-09-30,0.2%,"1,001",93
2026-09-01 18:21:07,25,어떻게 해야 했을까?,2026-07-29,0.2%,864,"93,877"
2026-09-01 19:21:07,1,오디세이,2026-08-05,53.8%,"287,674","9,010,818"
2026-09-01 19:21:07,2,암살자(들),2026-09-23,7.8%,"41,982",0
2026-09-01 19:21:07,3,인턴,2026-09-16,7.3%,"38,908",0
2026-09-01 19:21:07,4,비광,2026-09-02,5.3%,"28,402","1,795"
2026-09-01 19:21:07,5,스파이더맨: 브랜드 뉴 데이,2026-07-29,5.0%,"26,668","8,577,049"
2026-09-01 19:21:07,6,경주기행,2026-08-26,3.5%,"18,629","210,485"
2026-09-01 19:21:07,7,싱 어게인,2026-09-02,3.0%,"16,240","1,389"
2026-09-01 19:21:07,8,옵세션,2026-09-02,2.8%,"14,910",938
2026-09-01 19:21:07,9,모모와 다락방의 수상한 요괴들,재개봉일 : 2026-09-02 2012-07-05,1.2%,"6,226","300,738"
2026-09-01 19:21:07,10,핵소 고지,재개봉일 : 2026-09-02 2017-02-22,0.9%,"4,649","179,284"
2026-09-01 19:21:07,11,인 더 그레이,2026-09-02,0.8%,"4,469",156
2026-09-01 19:21:07,12,딥 워터,2026-09-09,0.7%,"3,783",0
2026-09-01 19:21:07,13,더 드라마,2026-09-09,0.6%,"3,045",918
2026-09-01 19:21:07,14,호프,2026-07-15,0.4%,"2,347","4,536,210"
2026-09-01 19:21:07,15,사진의 얼굴,2026-09-02,0.4%,"2,141",575
2026-09-01 19:21:07,16,포가튼 아일랜드,2026-09-23,0.4%,"2,006",0
2026-09-01 19:21:07,17,명탐정 코난: 하이웨이의 타천사,2026-08-12,0.4%,"1,983","406,168"
2026-09-01 19:21:07,18,마루 밑 아리에티,재개봉일 : 2026-08-19 2010-09-09,0.4%,"1,875","1,094,933"
2026-09-01 19:21:07,19,극장판 기븐 – 바다로,2026-08-26,0.3%,"1,680","5,677"
2026-09-01 19:21:07,20,오크 스트리트의 마지막 날,2026-08-26,0.3%,"1,645","114,198"
2026-09-01 19:21:07,21,캐리어를 끄는 소녀,2026-09-02,0.3%,"1,632","1,532"
2026-09-01 19:21:07,22,위커 맨: 파이널 컷,2026-08-19,0.3%,"1,515","14,749"
2026-09-01 19:21:07,23,가족여행,2026-09-30,0.2%,"1,001",93
2026-09-01 19:21:07,24,어떻게 해야 했을까?,2026-07-29,0.2%,879,"93,877"
2026-09-01 19:21:07,25,인시디어스: 그들이 넘어왔다,2026-08-20,0.2%,866,"151,538"
2026-09-01 20:21:07,1,오디세이,2026-08-05,53.9%,"292,145","9,010,818"
2026-09-01 20:21:07,2,암살자(들),2026-09-23,7.8%,"42,041",0
2026-09-01 20:21:07,3,인턴,2026-09-16,7.2%,"39,153",0
2026-09-01 20:21:07,4,비광,2026-09-02,5.3%,"28,525","1,795"
2026-09-01 20:21:07,5,스파이더맨: 브랜드 뉴 데이,2026-07-29,5.0%,"27,145","8,577,049"
2026-09-01 20:21:07,6,경주기행,2026-08-26,3.6%,"19,368","210,485"
2026-09-01 20:21:07,7,싱 어게인,2026-09-02,3.0%,"16,421","1,389"
2026-09-01 20:21:07,8,옵세션,2026-09-02,2.9%,"15,518",938
2026-09-01 20:21:07,9,모모와 다락방의 수상한 요괴들,재개봉일 : 2026-09-02 2012-07-05,1.2%,"6,253","300,738"
2026-09-01 20:21:07,10,핵소 고지,재개봉일 : 2026-09-02 2017-02-22,0.9%,"4,663","179,284"
2026-09-01 20:21:07,11,인 더 그레이,2026-09-02,0.8%,"4,508",156
2026-09-01 20:21:07,12,딥 워터,2026-09-09,0.7%,"3,855",0
2026-09-01 20:21:07,13,더 드라마,2026-09-09,0.6%,"3,083",918
2026-09-01 20:21:07,14,호프,2026-07-15,0.5%,"2,556","4,536,210"
2026-09-01 20:21:07,15,사진의 얼굴,2026-09-02,0.4%,"2,145",575
2026-09-01 20:21:07,16,명탐정 코난: 하이웨이의 타천사,2026-08-12,0.4%,"2,024","406,168"
2026-09-01 20:21:07,17,포가튼 아일랜드,2026-09-23,0.4%,"2,006",0
2026-09-01 20:21:07,18,마루 밑 아리에티,재개봉일 : 2026-08-19 2010-09-09,0.3%,"1,885","1,094,933"
2026-09-01 20:21:07,19,극장판 기븐 – 바다로,2026-08-26,0.3%,"1,690","5,677"
2026-09-01 20:21:07,20,캐리어를 끄는 소녀,2026-09-02,0.3%,"1,637","1,532"
2026-09-01 20:21:07,21,위커 맨: 파이널 컷,2026-08-19,0.3%,"1,547","14,749"
2026-09-01 20:21:07,22,오크 스트리트의 마지막 날,2026-08-26,0.3%,"1,456","114,198"
2026-09-01 20:21:07,23,가족여행,2026-09-30,0.2%,"1,001",93
2026-09-01 20:21:07,24,어떻게 해야 했을까?,2026-07-29,0.2%,877,"93,877"
2026-09-01 20:21:07,25,"97 혜자, 표류기",2026-09-09,0.1%,790,100
2026-09-02 10:21:09,1,오디세이,2026-08-05,54.3%,"311,389","9,124,236"
2026-09-02 10:21:09,2,암살자(들),2026-09-23,7.5%,"42,881",0
2026-09-02 10:21:09,3,인턴,2026-09-16,7.3%,"41,605",0
2026-09-02 10:21:09,4,스파이더맨: 브랜드 뉴 데이,2026-07-29,5.1%,"29,320","8,599,914"
2026-09-02 10:21:09,5,비광,2026-09-02,4.8%,"27,766","1,795"
2026-09-02 10:21:09,6,경주기행,2026-08-26,3.6%,"20,525","225,749"
2026-09-02 10:21:09,7,옵세션,2026-09-02,3.3%,"19,091",938
2026-09-02 10:21:09,8,싱 어게인,2026-09-02,2.8%,"16,169","1,389"
2026-09-02 10:21:09,9,모모와 다락방의 수상한 요괴들,재개봉일 : 2026-09-02 2012-07-05,1.1%,"6,074","300,738"
2026-09-02 10:21:09,10,호프,2026-07-15,0.8%,"4,783","4,537,179"
2026-09-02 10:21:09,11,딥 워터,2026-09-09,0.8%,"4,519",126
2026-09-02 10:21:09,12,인 더 그레이,2026-09-02,0.7%,"4,253",156
2026-09-02 10:21:09,13,핵소 고지,재개봉일 : 2026-09-02 2017-02-22,0.7%,"4,059","179,284"
2026-09-02 10:21:09,14,더 드라마,2026-09-09,0.6%,"3,353",918
2026-09-02 10:21:09,15,사진의 얼굴,2026-09-02,0.4%,"2,187",575
2026-09-02 10:21:09,16,명탐정 코난: 하이웨이의 타천사,2026-08-12,0.4%,"2,029","408,538"
2026-09-02 10:21:09,17,포가튼 아일랜드,2026-09-23,0.3%,"2,006",0
2026-09-02 10:21:09,18,마루 밑 아리에티,재개봉일 : 2026-08-19 2010-09-09,0.3%,"1,790","1,095,231"
2026-09-02 10:21:09,19,위커 맨: 파이널 컷,2026-08-19,0.3%,"1,776","15,125"
2026-09-02 10:21:09,20,캐리어를 끄는 소녀,2026-09-02,0.3%,"1,664","1,532"
2026-09-02 10:21:09,21,극장판 기븐 – 바다로,2026-08-26,0.3%,"1,550","5,998"
2026-09-02 10:21:09,22,오크 스트리트의 마지막 날,2026-08-26,0.2%,"1,381","119,410"
2026-09-02 10:21:09,23,어떻게 해야 했을까?,2026-07-29,0.2%,"1,009","94,461"
2026-09-02 10:21:09,24,가족여행,2026-09-30,0.2%,"1,001",93
2026-09-02 10:21:09,25,사랑의 하츄핑: 고래보석의 전설,2026-08-05,0.2%,922,"840,869"
2026-09-02 11:21:07,1,오디세이,2026-08-05,54.4%,"310,162","9,124,232"
2026-09-02 11:21:07,2,암살자(들),2026-09-23,7.5%,"42,928",0
2026-09-02 11:21:07,3,인턴,2026-09-16,7.4%,"42,284",0
2026-09-02 11:21:07,4,스파이더맨: 브랜드 뉴 데이,2026-07-29,5.0%,"28,766","8,599,914"
2026-09-02 11:21:07,5,비광,2026-09-02,4.8%,"27,182","1,795"
2026-09-02 11:21:07,6,경주기행,2026-08-26,3.5%,"20,128","225,749"
2026-09-02 11:21:07,7,옵세션,2026-09-02,3.4%,"19,396",938
2026-09-02 11:21:07,8,싱 어게인,2026-09-02,2.7%,"15,603","1,389"
2026-09-02 11:21:07,9,모모와 다락방의 수상한 요괴들,재개봉일 : 2026-09-02 2012-07-05,1.0%,"5,847","300,738"
2026-09-02 11:21:07,10,호프,2026-07-15,0.9%,"4,943","4,537,179"
2026-09-02 11:21:07,11,딥 워터,2026-09-09,0.8%,"4,618",126
2026-09-02 11:21:07,12,인 더 그레이,2026-09-02,0.7%,"4,100",156
2026-09-02 11:21:07,13,핵소 고지,재개봉일 : 2026-09-02 2017-02-22,0.7%,"3,804","179,284"
2026-09-02 11:21:07,14,더 드라마,2026-09-09,0.6%,"3,389",918
2026-09-02 11:21:07,15,사진의 얼굴,2026-09-02,0.4%,"2,105",575
2026-09-02 11:21:07,16,포가튼 아일랜드,2026-09-23,0.4%,"2,006",0
2026-09-02 11:21:07,17,명탐정 코난: 하이웨이의 타천사,2026-08-12,0.3%,"1,952","408,538"
2026-09-02 11:21:07,18,마루 밑 아리에티,재개봉일 : 2026-08-19 2010-09-09,0.3%,"1,796","1,095,231"
2026-09-02 11:21:07,19,위커 맨: 파이널 컷,2026-08-19,0.3%,"1,772","15,125"
2026-09-02 11:21:07,20,캐리어를 끄는 소녀,2026-09-02,0.3%,"1,618","1,532"
2026-09-02 11:21:07,21,극장판 기븐 – 바다로,2026-08-26,0.3%,"1,469","5,998"
2026-09-02 11:21:07,22,오크 스트리트의 마지막 날,2026-08-26,0.2%,"1,363","119,410"
2026-09-02 11:21:07,23,가족여행,2026-09-30,0.2%,"1,001",93
2026-09-02 11:21:07,24,어떻게 해야 했을까?,2026-07-29,0.2%,995,"94,461"
2026-09-02 11:21:07,25,사랑의 하츄핑: 고래보석의 전설,2026-08-05,0.2%,937,"840,869"
2026-09-02 11:31:45,1,오디세이,2026-08-05,54.3%,"309,580","9,124,232"
2026-09-02 11:31:45,2,암살자(들),2026-09-23,7.5%,"42,941",0
2026-09-02 11:31:45,3,인턴,2026-09-16,7.4%,"42,359",0
2026-09-02 11:31:45,4,스파이더맨: 브랜드 뉴 데이,2026-07-29,5.0%,"28,773","8,599,914"
2026-09-02 11:31:45,5,비광,2026-09-02,4.8%,"27,147","1,795"
2026-09-02 11:31:45,6,경주기행,2026-08-26,3.5%,"20,131","225,749"
2026-09-02 11:31:45,7,옵세션,2026-09-02,3.4%,"19,440",938
2026-09-02 11:31:45,8,싱 어게인,2026-09-02,2.7%,"15,563","1,389"
2026-09-02 11:31:45,9,모모와 다락방의 수상한 요괴들,재개봉일 : 2026-09-02 2012-07-05,1.0%,"5,838","300,738"
2026-09-02 11:31:45,10,호프,2026-07-15,0.9%,"4,966","4,537,179"
2026-09-02 11:31:45,11,딥 워터,2026-09-09,0.8%,"4,627",126
2026-09-02 11:31:45,12,인 더 그레이,2026-09-02,0.7%,"4,037",156
2026-09-02 11:31:45,13,핵소 고지,재개봉일 : 2026-09-02 2017-02-22,0.7%,"3,805","179,284"
2026-09-02 11:31:45,14,더 드라마,2026-09-09,0.6%,"3,396",918
2026-09-02 11:31:45,15,사진의 얼굴,2026-09-02,0.4%,"2,106",575
2026-09-02 11:31:45,16,포가튼 아일랜드,2026-09-23,0.4%,"2,006",0
2026-09-02 11:31:45,17,명탐정 코난: 하이웨이의 타천사,2026-08-12,0.3%,"1,953","408,538"
2026-09-02 11:31:45,18,마루 밑 아리에티,재개봉일 : 2026-08-19 2010-09-09,0.3%,"1,846","1,095,231"
2026-09-02 11:31:45,19,위커 맨: 파이널 컷,2026-08-19,0.3%,"1,776","15,125"
2026-09-02 11:31:45,20,캐리어를 끄는 소녀,2026-09-02,0.3%,"1,620","1,532"
2026-09-02 11:31:45,21,극장판 기븐 – 바다로,2026-08-26,0.3%,"1,470","5,998"
2026-09-02 11:31:45,22,오크 스트리트의 마지막 날,2026-08-26,0.2%,"1,357","119,410"
2026-09-02 11:31:45,23,가족여행,2026-09-30,0.2%,"1,001",93
2026-09-02 11:31:45,24,어떻게 해야 했을까?,2026-07-29,0.2%,995,"94,461"
2026-09-02 11:31:45,25,사랑의 하츄핑: 고래보석의 전설,2026-08-05,0.2%,930,"840,869"
2026-09-02 12:21:07,1,오디세이,2026-08-05,54.4%,"309,758","9,124,232"
2026-09-02 12:21:07,2,암살자(들),2026-09-23,7.6%,"43,184",0
2026-09-02 12:21:07,3,인턴,2026-09-16,7.5%,"42,829",0
2026-09-02 12:21:07,4,스파이더맨: 브랜드 뉴 데이,2026-07-29,5.0%,"28,612","8,599,914"
2026-09-02 12:21:07,5,비광,2026-09-02,4.6%,"26,466","1,795"
2026-09-02 12:21:07,6,경주기행,2026-08-26,3.5%,"19,961","225,749"
2026-09-02 12:21:07,7,옵세션,2026-09-02,3.5%,"19,682",938
2026-09-02 12:21:07,8,싱 어게인,2026-09-02,2.7%,"15,184","1,389"
2026-09-02 12:21:07,9,모모와 다락방의 수상한 요괴들,재개봉일 : 2026-09-02 2012-07-05,1.0%,"5,763","300,738"
2026-09-02 12:21:07,10,호프,2026-07-15,0.9%,"5,095","4,537,179"
2026-09-02 12:21:07,11,딥 워터,2026-09-09,0.8%,"4,703",126
2026-09-02 12:21:07,12,인 더 그레이,2026-09-02,0.7%,"3,938",156
2026-09-02 12:21:07,13,핵소 고지,재개봉일 : 2026-09-02 2017-02-22,0.7%,"3,714","179,284"
2026-09-02 12:21:07,14,더 드라마,2026-09-09,0.6%,"3,422",918
2026-09-02 12:21:07,15,사진의 얼굴,2026-09-02,0.4%,"2,107",575
2026-09-02 12:21:07,16,포가튼 아일랜드,2026-09-23,0.4%,"2,006",0
2026-09-02 12:21:07,17,마루 밑 아리에티,재개봉일 : 2026-08-19 2010-09-09,0.3%,"1,929","1,095,231"
2026-09-02 12:21:07,18,명탐정 코난: 하이웨이의 타천사,2026-08-12,0.3%,"1,885","408,538"
2026-09-02 12:21:07,19,위커 맨: 파이널 컷,2026-08-19,0.3%,"1,789","15,125"
2026-09-02 12:21:07,20,캐리어를 끄는 소녀,2026-09-02,0.3%,"1,615","1,532"
2026-09-02 12:21:07,21,극장판 기븐 – 바다로,2026-08-26,0.3%,"1,477","5,998"
2026-09-02 12:21:07,22,오크 스트리트의 마지막 날,2026-08-26,0.2%,"1,326","119,410"
2026-09-02 12:21:07,23,가족여행,2026-09-30,0.2%,"1,001",93
2026-09-02 12:21:07,24,어떻게 해야 했을까?,2026-07-29,0.2%,973,"94,461"
2026-09-02 12:21:07,25,사랑의 하츄핑: 고래보석의 전설,2026-08-05,0.2%,966,"840,869"
2026-09-02 12:31:44,1,오디세이,2026-08-05,54.3%,"308,971","9,124,232"
2026-09-02 12:31:44,2,암살자(들),2026-09-23,7.6%,"43,189",0
2026-09-02 12:31:44,3,인턴,2026-09-16,7.5%,"42,869",0
2026-09-02 12:31:44,4,스파이더맨: 브랜드 뉴 데이,2026-07-29,5.0%,"28,669","8,599,914"
2026-09-02 12:31:44,5,비광,2026-09-02,4.6%,"26,383","1,795"
2026-09-02 12:31:44,6,옵세션,2026-09-02,3.5%,"19,752",938
2026-09-02 12:31:44,7,경주기행,2026-08-26,3.5%,"19,668","225,749"
2026-09-02 12:31:44,8,싱 어게인,2026-09-02,2.7%,"15,139","1,389"
2026-09-02 12:31:44,9,모모와 다락방의 수상한 요괴들,재개봉일 : 2026-09-02 2012-07-05,1.0%,"5,740","300,738"
2026-09-02 12:31:44,10,호프,2026-07-15,0.9%,"5,142","4,537,179"
2026-09-02 12:31:44,11,딥 워터,2026-09-09,0.8%,"4,715",126
2026-09-02 12:31:44,12,인 더 그레이,2026-09-02,0.7%,"3,909",156
2026-09-02 12:31:44,13,핵소 고지,재개봉일 : 2026-09-02 2017-02-22,0.7%,"3,702","179,284"
2026-09-02 12:31:44,14,더 드라마,2026-09-09,0.6%,"3,430",918
2026-09-02 12:31:44,15,사진의 얼굴,2026-09-02,0.4%,"2,114",575
2026-09-02 12:31:44,16,포가튼 아일랜드,2026-09-23,0.4%,"2,006",0
2026-09-02 12:31:44,17,마루 밑 아리에티,재개봉일 : 2026-08-19 2010-09-09,0.3%,"1,929","1,095,231"
2026-09-02 12:31:44,18,명탐정 코난: 하이웨이의 타천사,2026-08-12,0.3%,"1,898","408,538"
2026-09-02 12:31:44,19,위커 맨: 파이널 컷,2026-08-19,0.3%,"1,798","15,125"
2026-09-02 12:31:44,20,캐리어를 끄는 소녀,2026-09-02,0.3%,"1,620","1,532"
2026-09-02 12:31:44,21,극장판 기븐 – 바다로,2026-08-26,0.3%,"1,469","5,998"
2026-09-02 12:31:44,22,오크 스트리트의 마지막 날,2026-08-26,0.2%,"1,335","119,410"
2026-09-02 12:31:44,23,가족여행,2026-09-30,0.2%,"1,001",93
2026-09-02 12:31:44,24,사랑의 하츄핑: 고래보석의 전설,2026-08-05,0.2%,967,"840,869"
2026-09-02 12:31:44,25,어떻게 해야 했을까?,2026-07-29,0.2%,965,"94,461"
2026-09-02 13:21:07,1,오디세이,2026-08-05,54.6%,"310,374","9,124,232"
2026-09-02 13:21:07,2,암살자(들),2026-09-23,7.6%,"43,261",0
2026-09-02 13:21:07,3,인턴,2026-09-16,7.6%,"43,079",0
2026-09-02 13:21:07,4,스파이더맨: 브랜드 뉴 데이,2026-07-29,5.0%,"28,694","8,599,914"
2026-09-02 13:21:07,5,비광,2026-09-02,4.4%,"25,259","1,795"
2026-09-02 13:21:07,6,옵세션,2026-09-02,3.5%,"19,987",938
2026-09-02 13:21:07,7,경주기행,2026-08-26,3.4%,"19,238","225,749"
2026-09-02 13:21:07,8,싱 어게인,2026-09-02,2.6%,"15,023","1,389"
2026-09-02 13:21:07,9,모모와 다락방의 수상한 요괴들,재개봉일 : 2026-09-02 2012-07-05,1.0%,"5,453","300,738"
2026-09-02 13:21:07,10,호프,2026-07-15,0.9%,"5,359","4,537,179"
2026-09-02 13:21:07,11,딥 워터,2026-09-09,0.8%,"4,768",126
2026-09-02 13:21:07,12,인 더 그레이,2026-09-02,0.6%,"3,583",156
2026-09-02 13:21:07,13,더 드라마,2026-09-09,0.6%,"3,448",918
2026-09-02 13:21:07,14,핵소 고지,재개봉일 : 2026-09-02 2017-02-22,0.6%,"3,420","179,284"
2026-09-02 13:21:07,15,사진의 얼굴,2026-09-02,0.4%,"2,108",575
2026-09-02 13:21:07,16,포가튼 아일랜드,2026-09-23,0.4%,"2,006",0
2026-09-02 13:21:07,17,마루 밑 아리에티,재개봉일 : 2026-08-19 2010-09-09,0.3%,"1,943","1,095,231"
2026-09-02 13:21:07,18,위커 맨: 파이널 컷,2026-08-19,0.3%,"1,779","15,125"
2026-09-02 13:21:07,18,명탐정 코난: 하이웨이의 타천사,2026-08-12,0.3%,"1,779","408,538"
2026-09-02 13:21:07,20,캐리어를 끄는 소녀,2026-09-02,0.3%,"1,636","1,532"
2026-09-02 13:21:07,21,극장판 기븐 – 바다로,2026-08-26,0.3%,"1,476","5,998"
2026-09-02 13:21:07,22,오크 스트리트의 마지막 날,2026-08-26,0.2%,"1,288","119,410"
2026-09-02 13:21:07,23,가족여행,2026-09-30,0.2%,"1,001",93
2026-09-02 13:21:07,24,어떻게 해야 했을까?,2026-07-29,0.2%,994,"94,461"
2026-09-02 13:21:07,25,사랑의 하츄핑: 고래보석의 전설,2026-08-05,0.2%,982,"840,869"
2026-09-02 13:32:53,1,오디세이,2026-08-05,54.7%,"309,852","9,124,232"
2026-09-02 13:32:53,2,암살자(들),2026-09-23,7.6%,"43,276",0
2026-09-02 13:32:53,3,인턴,2026-09-16,7.6%,"43,131",0
2026-09-02 13:32:53,4,스파이더맨: 브랜드 뉴 데이,2026-07-29,5.0%,"28,487","8,599,914"
2026-09-02 13:32:53,5,비광,2026-09-02,4.4%,"25,117","1,795"
2026-09-02 13:32:53,6,옵세션,2026-09-02,3.5%,"19,792",938
2026-09-02 13:32:53,7,경주기행,2026-08-26,3.4%,"18,987","225,749"
2026-09-02 13:32:53,8,싱 어게인,2026-09-02,2.6%,"14,943","1,389"
2026-09-02 13:32:53,9,호프,2026-07-15,1.0%,"5,439","4,537,179"
2026-09-02 13:32:53,10,모모와 다락방의 수상한 요괴들,재개봉일 : 2026-09-02 2012-07-05,0.9%,"5,299","300,738"
2026-09-02 13:32:53,11,딥 워터,2026-09-09,0.8%,"4,778",126
2026-09-02 13:32:53,12,인 더 그레이,2026-09-02,0.6%,"3,553",156
2026-09-02 13:32:53,13,더 드라마,2026-09-09,0.6%,"3,482",918
2026-09-02 13:32:53,14,핵소 고지,재개봉일 : 2026-09-02 2017-02-22,0.6%,"3,312","179,284"
2026-09-02 13:32:53,15,사진의 얼굴,2026-09-02,0.4%,"2,103",575
2026-09-02 13:32:53,16,포가튼 아일랜드,2026-09-23,0.4%,"2,006",0
2026-09-02 13:32:53,17,마루 밑 아리에티,재개봉일 : 2026-08-19 2010-09-09,0.3%,"1,942","1,095,231"
2026-09-02 13:32:53,18,명탐정 코난: 하이웨이의 타천사,2026-08-12,0.3%,"1,753","408,538"
2026-09-02 13:32:53,19,위커 맨: 파이널 컷,2026-08-19,0.3%,"1,749","15,125"
2026-09-02 13:32:53,20,캐리어를 끄는 소녀,2026-09-02,0.3%,"1,641","1,532"
2026-09-02 13:32:53,21,극장판 기븐 – 바다로,2026-08-26,0.3%,"1,475","5,998"
2026-09-02 13:32:53,22,오크 스트리트의 마지막 날,2026-08-26,0.2%,"1,284","119,410"
2026-09-02 13:32:53,23,가족여행,2026-09-30,0.2%,"1,001",93
2026-09-02 13:32:53,24,사랑의 하츄핑: 고래보석의 전설,2026-08-05,0.2%,989,"840,869"
2026-09-02 13:32:53,25,어떻게 해야 했을까?,2026-07-29,0.2%,988,"94,461"
2026-09-02 17:48:34,1,오디세이,2026-08-05,55.1%,"305,389","9,124,232"
2026-09-02 17:48:34,2,인턴,2026-09-16,8.0%,"44,126",0
2026-09-02 17:48:34,3,암살자(들),2026-09-23,7.9%,"43,546",0
2026-09-02 17:48:34,4,스파이더맨: 브랜드 뉴 데이,2026-07-29,4.9%,"26,997","8,599,912"
2026-09-02 17:48:34,5,비광,2026-09-02,4.1%,"22,783","1,795"
2026-09-02 17:48:34,6,경주기행,2026-08-26,3.2%,"17,894","225,773"
2026-09-02 17:48:34,7,옵세션,2026-09-02,3.2%,"17,891",938
2026-09-02 17:48:34,8,싱 어게인,2026-09-02,2.4%,"13,160","1,389"
2026-09-02 17:48:34,9,호프,2026-07-15,1.1%,"6,254","4,537,179"
2026-09-02 17:48:34,10,딥 워터,2026-09-09,0.9%,"5,127",126
2026-09-02 17:48:34,11,모모와 다락방의 수상한 요괴들,재개봉일 : 2026-09-02 2012-07-05,0.8%,"4,681","300,738"
2026-09-02 17:48:34,12,더 드라마,2026-09-09,0.7%,"3,615",918
2026-09-02 17:48:34,13,인 더 그레이,2026-09-02,0.5%,"2,945",156
2026-09-02 17:48:34,14,핵소 고지,재개봉일 : 2026-09-02 2017-02-22,0.5%,"2,748","179,284"
2026-09-02 17:48:34,15,포가튼 아일랜드,2026-09-23,0.4%,"2,006",0
2026-09-02 17:48:34,16,마루 밑 아리에티,재개봉일 : 2026-08-19 2010-09-09,0.3%,"1,904","1,095,231"
2026-09-02 17:48:34,17,사진의 얼굴,2026-09-02,0.3%,"1,779",575
2026-09-02 17:48:34,18,위커 맨: 파이널 컷,2026-08-19,0.3%,"1,712","15,125"
2026-09-02 17:48:34,19,캐리어를 끄는 소녀,2026-09-02,0.3%,"1,399","1,532"
2026-09-02 17:48:34,20,극장판 기븐 – 바다로,2026-08-26,0.3%,"1,388","5,998"
2026-09-02 17:48:34,21,명탐정 코난: 하이웨이의 타천사,2026-08-12,0.2%,"1,311","408,538"
2026-09-02 17:48:34,22,오크 스트리트의 마지막 날,2026-08-26,0.2%,"1,131","119,410"
2026-09-02 17:48:34,23,사랑의 하츄핑: 고래보석의 전설,2026-08-05,0.2%,"1,095","840,869"
2026-09-02 17:48:34,24,이누야샤 극장판: 시대를 초월한 마음,2026-09-09,0.2%,"1,004",0
2026-09-02 17:48:34,25,가족여행,2026-09-30,0.2%,"1,001",93
2026-09-02 18:21:07,1,오디세이,2026-08-05,55.4%,"304,819","9,124,230"
2026-09-02 18:21:07,2,인턴,2026-09-16,8.0%,"44,218",0
2026-09-02 18:21:07,3,암살자(들),2026-09-23,7.9%,"43,572",0
2026-09-02 18:21:07,4,스파이더맨: 브랜드 뉴 데이,2026-07-29,4.9%,"26,870","8,599,912"
2026-09-02 18:21:07,5,비광,2026-09-02,4.1%,"22,339","1,795"
2026-09-02 18:21:07,6,경주기행,2026-08-26,3.2%,"17,670","225,773"
2026-09-02 18:21:07,7,옵세션,2026-09-02,3.0%,"16,562",938
2026-09-02 18:21:07,8,싱 어게인,2026-09-02,2.4%,"13,062","1,389"
2026-09-02 18:21:07,9,호프,2026-07-15,1.1%,"6,216","4,537,179"
2026-09-02 18:21:07,10,딥 워터,2026-09-09,0.9%,"5,166",126
2026-09-02 18:21:07,11,모모와 다락방의 수상한 요괴들,재개봉일 : 2026-09-02 2012-07-05,0.8%,"4,658","300,738"
2026-09-02 18:21:07,12,더 드라마,2026-09-09,0.5%,"2,940",918
2026-09-02 18:21:07,13,인 더 그레이,2026-09-02,0.5%,"2,832",156
2026-09-02 18:21:07,14,핵소 고지,재개봉일 : 2026-09-02 2017-02-22,0.5%,"2,707","179,284"
2026-09-02 18:21:07,15,포가튼 아일랜드,2026-09-23,0.4%,"2,006",0
2026-09-02 18:21:07,16,마루 밑 아리에티,재개봉일 : 2026-08-19 2010-09-09,0.3%,"1,907","1,095,231"
2026-09-02 18:21:07,17,사진의 얼굴,2026-09-02,0.3%,"1,755",575
2026-09-02 18:21:07,18,위커 맨: 파이널 컷,2026-08-19,0.3%,"1,641","15,125"
2026-09-02 18:21:07,19,극장판 기븐 – 바다로,2026-08-26,0.3%,"1,394","5,998"
2026-09-02 18:21:07,20,명탐정 코난: 하이웨이의 타천사,2026-08-12,0.2%,"1,345","408,538"
2026-09-02 18:21:07,21,캐리어를 끄는 소녀,2026-09-02,0.2%,"1,287","1,532"
2026-09-02 18:21:07,22,사랑의 하츄핑: 고래보석의 전설,2026-08-05,0.2%,"1,128","840,869"
2026-09-02 18:21:07,23,오크 스트리트의 마지막 날,2026-08-26,0.2%,"1,121","119,410"
2026-09-02 18:21:07,24,이누야샤 극장판: 시대를 초월한 마음,2026-09-09,0.2%,"1,060",0
2026-09-02 18:21:07,25,가족여행,2026-09-30,0.2%,"1,001",93
2026-09-02 18:31:49,1,오디세이,2026-08-05,55.4%,"305,100","9,124,230"
2026-09-02 18:31:49,2,인턴,2026-09-16,8.0%,"44,241",0
2026-09-02 18:31:49,3,암살자(들),2026-09-23,7.9%,"43,577",0
2026-09-02 18:31:49,4,스파이더맨: 브랜드 뉴 데이,2026-07-29,4.9%,"26,893","8,599,912"
2026-09-02 18:31:49,5,비광,2026-09-02,4.1%,"22,299","1,795"
2026-09-02 18:31:49,6,경주기행,2026-08-26,3.2%,"17,581","225,773"
2026-09-02 18:31:49,7,옵세션,2026-09-02,3.0%,"16,404",938
2026-09-02 18:31:49,8,싱 어게인,2026-09-02,2.3%,"12,925","1,389"
2026-09-02 18:31:49,9,호프,2026-07-15,1.1%,"6,223","4,537,179"
2026-09-02 18:31:49,10,딥 워터,2026-09-09,0.9%,"5,177",126
2026-09-02 18:31:49,11,모모와 다락방의 수상한 요괴들,재개봉일 : 2026-09-02 2012-07-05,0.8%,"4,661","300,738"
2026-09-02 18:31:49,12,더 드라마,2026-09-09,0.5%,"2,942",918
2026-09-02 18:31:49,13,인 더 그레이,2026-09-02,0.5%,"2,822",156
2026-09-02 18:31:49,14,핵소 고지,재개봉일 : 2026-09-02 2017-02-22,0.5%,"2,676","179,284"
2026-09-02 18:31:49,15,포가튼 아일랜드,2026-09-23,0.4%,"2,006",0
2026-09-02 18:31:49,16,마루 밑 아리에티,재개봉일 : 2026-08-19 2010-09-09,0.3%,"1,909","1,095,231"
2026-09-02 18:31:49,17,사진의 얼굴,2026-09-02,0.3%,"1,759",575
2026-09-02 18:31:49,18,위커 맨: 파이널 컷,2026-08-19,0.3%,"1,643","15,125"
2026-09-02 18:31:49,19,극장판 기븐 – 바다로,2026-08-26,0.3%,"1,399","5,998"
2026-09-02 18:31:49,20,명탐정 코난: 하이웨이의 타천사,2026-08-12,0.2%,"1,370","408,538"
2026-09-02 18:31:49,21,캐리어를 끄는 소녀,2026-09-02,0.2%,"1,292","1,532"
2026-09-02 18:31:49,22,사랑의 하츄핑: 고래보석의 전설,2026-08-05,0.2%,"1,136","840,869"
2026-09-02 18:31:49,23,오크 스트리트의 마지막 날,2026-08-26,0.2%,"1,123","119,410"
2026-09-02 18:31:49,24,이누야샤 극장판: 시대를 초월한 마음,2026-09-09,0.2%,"1,085",0
2026-09-02 18:31:49,25,가족여행,2026-09-30,0.2%,"1,001",93
2026-09-02 19:21:07,1,오디세이,2026-08-05,55.6%,"305,780","9,124,230"
2026-09-02 19:21:07,2,인턴,2026-09-16,8.1%,"44,374",0
2026-09-02 19:21:07,3,암살자(들),2026-09-23,8.0%,"43,763",0
2026-09-02 19:21:07,4,스파이더맨: 브랜드 뉴 데이,2026-07-29,4.9%,"26,938","8,599,912"
2026-09-02 19:21:07,5,비광,2026-09-02,4.0%,"21,899","1,795"
2026-09-02 19:21:07,6,경주기행,2026-08-26,3.2%,"17,426","225,773"
2026-09-02 19:21:07,7,옵세션,2026-09-02,2.8%,"15,286",938
2026-09-02 19:21:07,8,싱 어게인,2026-09-02,2.3%,"12,733","1,389"
2026-09-02 19:21:07,9,호프,2026-07-15,1.1%,"6,295","4,537,179"
2026-09-02 19:21:07,10,딥 워터,2026-09-09,0.9%,"5,217",126
2026-09-02 19:21:07,11,모모와 다락방의 수상한 요괴들,재개봉일 : 2026-09-02 2012-07-05,0.8%,"4,671","300,738"
2026-09-02 19:21:07,12,더 드라마,2026-09-09,0.5%,"2,959",918
2026-09-02 19:21:07,13,인 더 그레이,2026-09-02,0.5%,"2,791",156
2026-09-02 19:21:07,14,핵소 고지,재개봉일 : 2026-09-02 2017-02-22,0.5%,"2,526","179,284"
2026-09-02 19:21:07,15,포가튼 아일랜드,2026-09-23,0.4%,"2,006",0
2026-09-02 19:21:07,16,마루 밑 아리에티,재개봉일 : 2026-08-19 2010-09-09,0.4%,"1,932","1,095,231"
2026-09-02 19:21:07,17,사진의 얼굴,2026-09-02,0.3%,"1,721",575
2026-09-02 19:21:07,18,위커 맨: 파이널 컷,2026-08-19,0.3%,"1,680","15,125"
2026-09-02 19:21:07,19,명탐정 코난: 하이웨이의 타천사,2026-08-12,0.3%,"1,416","408,538"
2026-09-02 19:21:07,20,극장판 기븐 – 바다로,2026-08-26,0.3%,"1,393","5,998"
2026-09-02 19:21:07,21,캐리어를 끄는 소녀,2026-09-02,0.2%,"1,299","1,532"
2026-09-02 19:21:07,22,이누야샤 극장판: 시대를 초월한 마음,2026-09-09,0.2%,"1,191",0
2026-09-02 19:21:07,23,사랑의 하츄핑: 고래보석의 전설,2026-08-05,0.2%,"1,185","840,869"
2026-09-02 19:21:07,24,오크 스트리트의 마지막 날,2026-08-26,0.2%,"1,093","119,410"
2026-09-02 19:21:07,25,가족여행,2026-09-30,0.2%,"1,001",93
2026-09-02 20:11:35,1,오디세이,2026-08-05,55.8%,"308,703","9,124,228"
2026-09-02 20:11:35,2,인턴,2026-09-16,8.0%,"44,489",0
2026-09-02 20:11:35,3,암살자(들),2026-09-23,7.9%,"43,812",0
2026-09-02 20:11:35,4,스파이더맨: 브랜드 뉴 데이,2026-07-29,5.0%,"27,581","8,599,912"
2026-09-02 20:11:35,5,비광,2026-09-02,3.9%,"21,744","1,795"
2026-09-02 20:11:35,6,경주기행,2026-08-26,3.2%,"17,599","225,773"
2026-09-02 20:11:35,7,옵세션,2026-09-02,2.6%,"14,539",938
2026-09-02 20:11:35,8,싱 어게인,2026-09-02,2.3%,"12,654","1,389"
2026-09-02 20:11:35,9,호프,2026-07-15,1.1%,"6,361","4,537,179"
2026-09-02 20:11:35,10,딥 워터,2026-09-09,1.0%,"5,272",126
2026-09-02 20:11:35,11,모모와 다락방의 수상한 요괴들,재개봉일 : 2026-09-02 2012-07-05,0.8%,"4,704","300,738"
2026-09-02 20:11:35,12,더 드라마,2026-09-09,0.5%,"2,993",918
2026-09-02 20:11:35,13,인 더 그레이,2026-09-02,0.5%,"2,707",156
2026-09-02 20:11:35,14,핵소 고지,재개봉일 : 2026-09-02 2017-02-22,0.5%,"2,514","179,284"
2026-09-02 20:11:35,15,포가튼 아일랜드,2026-09-23,0.4%,"2,006",0
2026-09-02 20:11:35,16,마루 밑 아리에티,재개봉일 : 2026-08-19 2010-09-09,0.3%,"1,937","1,095,231"
2026-09-02 20:11:35,17,위커 맨: 파이널 컷,2026-08-19,0.3%,"1,779","15,125"
2026-09-02 20:11:35,18,사진의 얼굴,2026-09-02,0.3%,"1,685",575
2026-09-02 20:11:35,19,이누야샤 극장판: 시대를 초월한 마음,2026-09-09,0.3%,"1,481",0
2026-09-02 20:11:35,20,명탐정 코난: 하이웨이의 타천사,2026-08-12,0.3%,"1,447","408,538"
2026-09-02 20:11:35,21,극장판 기븐 – 바다로,2026-08-26,0.3%,"1,417","5,998"
2026-09-02 20:11:35,22,캐리어를 끄는 소녀,2026-09-02,0.2%,"1,306","1,532"
2026-09-02 20:11:35,23,사랑의 하츄핑: 고래보석의 전설,2026-08-05,0.2%,"1,234","840,869"
2026-09-02 20:11:35,24,오크 스트리트의 마지막 날,2026-08-26,0.2%,"1,111","119,410"
2026-09-02 20:11:35,25,가족여행,2026-09-30,0.2%,"1,001",93
2026-09-03 09:27:05,1,오디세이,2026-08-05,54.9%,"325,367","9,231,225"
2026-09-03 09:27:05,2,인턴,2026-09-16,7.9%,"46,887",0
2026-09-03 09:27:05,3,암살자(들),2026-09-23,7.7%,"45,352",0
2026-09-03 09:27:05,4,스파이더맨: 브랜드 뉴 데이,2026-07-29,5.6%,"33,091","8,626,135"
2026-09-03 09:27:05,5,비광,2026-09-02,3.7%,"21,878","17,831"
2026-09-03 09:27:05,6,옵세션,2026-09-02,3.4%,"19,883","24,894"
2026-09-03 09:27:05,7,경주기행,2026-08-26,3.2%,"18,672","238,503"
2026-09-03 09:27:05,8,싱 어게인,2026-09-02,2.3%,"13,688","11,889"
2026-09-03 09:27:05,9,호프,2026-07-15,1.2%,"7,121","4,537,884"
2026-09-03 09:27:05,10,딥 워터,2026-09-09,0.9%,"5,393",126
2026-09-03 09:27:05,11,모모와 다락방의 수상한 요괴들,재개봉일 : 2026-09-02 2012-07-05,0.8%,"4,927","302,945"
2026-09-03 09:27:05,12,더 드라마,2026-09-09,0.5%,"3,187","1,615"
2026-09-03 09:27:05,13,인 더 그레이,2026-09-02,0.5%,"2,719","3,115"
2026-09-03 09:27:05,14,이누야샤 극장판: 시대를 초월한 마음,2026-09-09,0.4%,"2,649",0
2026-09-03 09:27:05,15,핵소 고지,재개봉일 : 2026-09-02 2017-02-22,0.4%,"2,464","181,576"
2026-09-03 09:27:05,16,포가튼 아일랜드,2026-09-23,0.3%,"2,006",0
2026-09-03 09:27:05,17,마루 밑 아리에티,재개봉일 : 2026-08-19 2010-09-09,0.3%,"1,958","1,095,472"
2026-09-03 09:27:05,18,위커 맨: 파이널 컷,2026-08-19,0.3%,"1,917","15,588"
2026-09-03 09:27:05,19,명탐정 코난: 하이웨이의 타천사,2026-08-12,0.3%,"1,801","410,932"
2026-09-03 09:27:05,20,사진의 얼굴,2026-09-02,0.3%,"1,749","1,418"
2026-09-03 09:27:05,21,사랑의 하츄핑: 고래보석의 전설,2026-08-05,0.3%,"1,624","841,469"
2026-09-03 09:27:05,22,극장판 기븐 – 바다로,2026-08-26,0.3%,"1,492","6,632"
2026-09-03 09:27:05,23,캐리어를 끄는 소녀,2026-09-02,0.2%,"1,459","2,118"
2026-09-03 09:27:05,24,오크 스트리트의 마지막 날,2026-08-26,0.2%,"1,323","121,310"
2026-09-03 09:27:05,25,어떻게 해야 했을까?,2026-07-29,0.2%,"1,087","94,980"
2026-09-03 09:31:53,1,오디세이,2026-08-05,54.9%,"325,560","9,231,225"
2026-09-03 09:31:53,2,인턴,2026-09-16,7.9%,"46,901",0
2026-09-03 09:31:53,3,암살자(들),2026-09-23,7.6%,"45,356",0
2026-09-03 09:31:53,4,스파이더맨: 브랜드 뉴 데이,2026-07-29,5.6%,"33,128","8,626,135"
2026-09-03 09:31:53,5,비광,2026-09-02,3.7%,"21,878","17,831"
2026-09-03 09:31:53,6,옵세션,2026-09-02,3.4%,"19,906","24,894"
2026-09-03 09:31:53,7,경주기행,2026-08-26,3.1%,"18,680","238,503"
2026-09-03 09:31:53,8,싱 어게인,2026-09-02,2.3%,"13,692","11,889"
2026-09-03 09:31:53,9,호프,2026-07-15,1.2%,"7,108","4,537,884"
2026-09-03 09:31:53,10,딥 워터,2026-09-09,0.9%,"5,393",126
2026-09-03 09:31:53,11,모모와 다락방의 수상한 요괴들,재개봉일 : 2026-09-02 2012-07-05,0.8%,"4,929","302,945"
2026-09-03 09:31:53,12,더 드라마,2026-09-09,0.5%,"3,188","1,615"
2026-09-03 09:31:53,13,인 더 그레이,2026-09-02,0.5%,"2,718","3,115"
2026-09-03 09:31:53,14,이누야샤 극장판: 시대를 초월한 마음,2026-09-09,0.4%,"2,654",0
2026-09-03 09:31:53,15,핵소 고지,재개봉일 : 2026-09-02 2017-02-22,0.4%,"2,465","181,576"
2026-09-03 09:31:53,16,포가튼 아일랜드,2026-09-23,0.3%,"2,006",0
2026-09-03 09:31:53,17,마루 밑 아리에티,재개봉일 : 2026-08-19 2010-09-09,0.3%,"1,958","1,095,472"
2026-09-03 09:31:53,18,위커 맨: 파이널 컷,2026-08-19,0.3%,"1,916","15,588"
2026-09-03 09:31:53,19,명탐정 코난: 하이웨이의 타천사,2026-08-12,0.3%,"1,801","410,932"
2026-09-03 09:31:53,20,사진의 얼굴,2026-09-02,0.3%,"1,754","1,418"
2026-09-03 09:31:53,21,사랑의 하츄핑: 고래보석의 전설,2026-08-05,0.3%,"1,628","841,469"
2026-09-03 09:31:53,22,극장판 기븐 – 바다로,2026-08-26,0.3%,"1,492","6,632"
2026-09-03 09:31:53,23,캐리어를 끄는 소녀,2026-09-02,0.2%,"1,461","2,118"
2026-09-03 09:31:53,24,오크 스트리트의 마지막 날,2026-08-26,0.2%,"1,327","121,310"
2026-09-03 09:31:53,25,어떻게 해야 했을까?,2026-07-29,0.2%,"1,085","94,980"
2026-09-03 10:21:07,1,오디세이,2026-08-05,54.9%,"326,861","9,231,225"
2026-09-03 10:21:07,2,인턴,2026-09-16,7.9%,"47,021",0
2026-09-03 10:21:07,3,암살자(들),2026-09-23,7.7%,"45,682",0
2026-09-03 10:21:07,4,스파이더맨: 브랜드 뉴 데이,2026-07-29,5.6%,"33,397","8,626,135"
2026-09-03 10:21:07,5,비광,2026-09-02,3.6%,"21,641","17,831"
2026-09-03 10:21:07,6,옵세션,2026-09-02,3.4%,"20,400","24,894"
2026-09-03 10:21:07,7,경주기행,2026-08-26,3.1%,"18,575","238,503"
2026-09-03 10:21:07,8,싱 어게인,2026-09-02,2.3%,"13,537","11,889"
2026-09-03 10:21:07,9,호프,2026-07-15,1.2%,"7,153","4,537,884"
2026-09-03 10:21:07,10,딥 워터,2026-09-09,0.9%,"5,395",126
2026-09-03 10:21:07,11,모모와 다락방의 수상한 요괴들,재개봉일 : 2026-09-02 2012-07-05,0.8%,"4,856","302,945"
2026-09-03 10:21:07,12,더 드라마,2026-09-09,0.5%,"3,196","1,615"
2026-09-03 10:21:07,13,이누야샤 극장판: 시대를 초월한 마음,2026-09-09,0.5%,"2,713",0
2026-09-03 10:21:07,14,인 더 그레이,2026-09-02,0.4%,"2,670","3,115"
2026-09-03 10:21:07,15,핵소 고지,재개봉일 : 2026-09-02 2017-02-22,0.4%,"2,334","181,576"
2026-09-03 10:21:07,16,포가튼 아일랜드,2026-09-23,0.3%,"2,006",0
2026-09-03 10:21:07,17,마루 밑 아리에티,재개봉일 : 2026-08-19 2010-09-09,0.3%,"1,951","1,095,472"
2026-09-03 10:21:07,18,위커 맨: 파이널 컷,2026-08-19,0.3%,"1,902","15,588"
2026-09-03 10:21:07,19,명탐정 코난: 하이웨이의 타천사,2026-08-12,0.3%,"1,828","410,932"
2026-09-03 10:21:07,20,사진의 얼굴,2026-09-02,0.3%,"1,738","1,418"
2026-09-03 10:21:07,21,사랑의 하츄핑: 고래보석의 전설,2026-08-05,0.3%,"1,649","841,469"
2026-09-03 10:21:07,22,극장판 기븐 – 바다로,2026-08-26,0.3%,"1,490","6,632"
2026-09-03 10:21:07,23,캐리어를 끄는 소녀,2026-09-02,0.2%,"1,458","2,118"
2026-09-03 10:21:07,24,오크 스트리트의 마지막 날,2026-08-26,0.2%,"1,346","121,310"
2026-09-03 10:21:07,25,어떻게 해야 했을까?,2026-07-29,0.2%,"1,052","94,980"
2026-09-03 10:31:41,1,오디세이,2026-08-05,54.8%,"325,714","9,231,225"
2026-09-03 10:31:41,2,인턴,2026-09-16,7.9%,"47,045",0
2026-09-03 10:31:41,3,암살자(들),2026-09-23,7.7%,"45,688",0
2026-09-03 10:31:41,4,스파이더맨: 브랜드 뉴 데이,2026-07-29,5.6%,"33,509","8,626,135"
2026-09-03 10:31:41,5,비광,2026-09-02,3.6%,"21,531","17,831"
2026-09-03 10:31:41,6,옵세션,2026-09-02,3.4%,"20,443","24,894"
2026-09-03 10:31:41,7,경주기행,2026-08-26,3.1%,"18,534","238,503"
2026-09-03 10:31:41,8,싱 어게인,2026-09-02,2.3%,"13,535","11,889"
2026-09-03 10:31:41,9,호프,2026-07-15,1.2%,"7,164","4,537,884"
2026-09-03 10:31:41,10,딥 워터,2026-09-09,0.9%,"5,395",126
2026-09-03 10:31:41,11,모모와 다락방의 수상한 요괴들,재개봉일 : 2026-09-02 2012-07-05,0.8%,"4,846","302,945"
2026-09-03 10:31:41,12,더 드라마,2026-09-09,0.5%,"3,191","1,615"
2026-09-03 10:31:41,13,이누야샤 극장판: 시대를 초월한 마음,2026-09-09,0.5%,"2,719",0
2026-09-03 10:31:41,14,인 더 그레이,2026-09-02,0.4%,"2,667","3,115"
2026-09-03 10:31:41,15,핵소 고지,재개봉일 : 2026-09-02 2017-02-22,0.4%,"2,334","181,576"
2026-09-03 10:31:41,16,포가튼 아일랜드,2026-09-23,0.3%,"2,006",0
2026-09-03 10:31:41,17,마루 밑 아리에티,재개봉일 : 2026-08-19 2010-09-09,0.3%,"1,951","1,095,472"
2026-09-03 10:31:41,18,위커 맨: 파이널 컷,2026-08-19,0.3%,"1,908","15,588"
2026-09-03 10:31:41,19,명탐정 코난: 하이웨이의 타천사,2026-08-12,0.3%,"1,814","410,932"
2026-09-03 10:31:41,20,사진의 얼굴,2026-09-02,0.3%,"1,718","1,418"
2026-09-03 10:31:41,21,사랑의 하츄핑: 고래보석의 전설,2026-08-05,0.3%,"1,652","841,469"
2026-09-03 10:31:41,22,극장판 기븐 – 바다로,2026-08-26,0.3%,"1,492","6,632"
2026-09-03 10:31:41,23,캐리어를 끄는 소녀,2026-09-02,0.2%,"1,425","2,118"
2026-09-03 10:31:41,24,오크 스트리트의 마지막 날,2026-08-26,0.2%,"1,347","121,310"
2026-09-03 10:31:41,25,어떻게 해야 했을까?,2026-07-29,0.2%,"1,060","94,980"
2026-09-03 11:21:07,1,오디세이,2026-08-05,54.8%,"326,072","9,231,225"
2026-09-03 11:21:07,2,인턴,2026-09-16,7.9%,"47,152",0
2026-09-03 11:21:07,3,암살자(들),2026-09-23,7.7%,"45,747",0
2026-09-03 11:21:07,4,스파이더맨: 브랜드 뉴 데이,2026-07-29,5.6%,"33,306","8,626,135"
2026-09-03 11:21:07,5,비광,2026-09-02,3.6%,"21,254","17,831"
2026-09-03 11:21:07,6,옵세션,2026-09-02,3.5%,"20,901","24,894"
2026-09-03 11:21:07,7,경주기행,2026-08-26,3.1%,"18,401","238,503"
2026-09-03 11:21:07,8,싱 어게인,2026-09-02,2.2%,"12,943","11,889"
2026-09-03 11:21:07,9,호프,2026-07-15,1.2%,"7,195","4,537,884"
2026-09-03 11:21:07,10,딥 워터,2026-09-09,0.9%,"5,399",126
2026-09-03 11:21:07,11,모모와 다락방의 수상한 요괴들,재개봉일 : 2026-09-02 2012-07-05,0.8%,"4,724","302,945"
2026-09-03 11:21:07,12,더 드라마,2026-09-09,0.5%,"3,202","1,615"
2026-09-03 11:21:07,13,이누야샤 극장판: 시대를 초월한 마음,2026-09-09,0.5%,"2,772",0
2026-09-03 11:21:07,14,인 더 그레이,2026-09-02,0.4%,"2,626","3,115"
2026-09-03 11:21:07,15,핵소 고지,재개봉일 : 2026-09-02 2017-02-22,0.4%,"2,285","181,576"
2026-09-03 11:21:07,16,포가튼 아일랜드,2026-09-23,0.3%,"2,006",0
2026-09-03 11:21:07,17,마루 밑 아리에티,재개봉일 : 2026-08-19 2010-09-09,0.3%,"1,958","1,095,472"
2026-09-03 11:21:07,18,위커 맨: 파이널 컷,2026-08-19,0.3%,"1,902","15,588"
2026-09-03 11:21:07,19,명탐정 코난: 하이웨이의 타천사,2026-08-12,0.3%,"1,812","410,932"
2026-09-03 11:21:07,20,사진의 얼굴,2026-09-02,0.3%,"1,742","1,418"
2026-09-03 11:21:07,21,사랑의 하츄핑: 고래보석의 전설,2026-08-05,0.3%,"1,680","841,468"
2026-09-03 11:21:07,22,극장판 기븐 – 바다로,2026-08-26,0.2%,"1,487","6,632"
2026-09-03 11:21:07,23,오크 스트리트의 마지막 날,2026-08-26,0.2%,"1,348","121,310"
2026-09-03 11:21:07,24,캐리어를 끄는 소녀,2026-09-02,0.2%,"1,340","2,118"
2026-09-03 11:21:07,25,어떻게 해야 했을까?,2026-07-29,0.2%,"1,083","94,980"
2026-09-03 11:49:37,1,오디세이,2026-08-05,54.8%,"325,450","9,231,225"
2026-09-03 11:49:37,2,인턴,2026-09-16,7.9%,"47,218",0
2026-09-03 11:49:37,3,암살자(들),2026-09-23,7.7%,"45,754",0
2026-09-03 11:49:37,4,스파이더맨: 브랜드 뉴 데이,2026-07-29,5.6%,"33,104","8,626,135"
2026-09-03 11:49:37,5,옵세션,2026-09-02,3.6%,"21,187","24,894"
2026-09-03 11:49:37,6,비광,2026-09-02,3.5%,"20,931","17,831"
2026-09-03 11:49:37,7,경주기행,2026-08-26,3.1%,"18,410","238,503"
2026-09-03 11:49:37,8,싱 어게인,2026-09-02,2.2%,"12,796","11,889"
2026-09-03 11:49:37,9,호프,2026-07-15,1.2%,"7,226","4,537,884"
2026-09-03 11:49:37,10,딥 워터,2026-09-09,0.9%,"5,398",126
2026-09-03 11:49:37,11,모모와 다락방의 수상한 요괴들,재개봉일 : 2026-09-02 2012-07-05,0.8%,"4,660","302,945"
2026-09-03 11:49:37,12,더 드라마,2026-09-09,0.5%,"3,206","1,615"
2026-09-03 11:49:37,13,이누야샤 극장판: 시대를 초월한 마음,2026-09-09,0.5%,"2,802",0
2026-09-03 11:49:37,14,인 더 그레이,2026-09-02,0.4%,"2,614","3,115"
2026-09-03 11:49:37,15,핵소 고지,재개봉일 : 2026-09-02 2017-02-22,0.4%,"2,286","181,576"
2026-09-03 11:49:37,16,포가튼 아일랜드,2026-09-23,0.3%,"2,006",0
2026-09-03 11:49:37,17,마루 밑 아리에티,재개봉일 : 2026-08-19 2010-09-09,0.3%,"1,963","1,095,472"
2026-09-03 11:49:37,18,위커 맨: 파이널 컷,2026-08-19,0.3%,"1,899","15,588"
2026-09-03 11:49:37,19,명탐정 코난: 하이웨이의 타천사,2026-08-12,0.3%,"1,811","410,932"
2026-09-03 11:49:37,20,사진의 얼굴,2026-09-02,0.3%,"1,721","1,418"
2026-09-03 11:49:37,21,사랑의 하츄핑: 고래보석의 전설,2026-08-05,0.3%,"1,707","841,468"
2026-09-03 11:49:37,22,극장판 기븐 – 바다로,2026-08-26,0.3%,"1,488","6,632"
2026-09-03 11:49:37,23,캐리어를 끄는 소녀,2026-09-02,0.2%,"1,341","2,118"
2026-09-03 11:49:37,24,오크 스트리트의 마지막 날,2026-08-26,0.2%,"1,337","121,310"
2026-09-03 11:49:37,25,어떻게 해야 했을까?,2026-07-29,0.2%,"1,080","94,980"
2026-09-03 12:21:07,1,오디세이,2026-08-05,56.3%,"346,984","9,231,225"
2026-09-03 12:21:07,2,인턴,2026-09-16,7.7%,"47,306",0
2026-09-03 12:21:07,3,암살자(들),2026-09-23,7.4%,"45,848",0
2026-09-03 12:21:07,4,스파이더맨: 브랜드 뉴 데이,2026-07-29,5.4%,"33,298","8,626,135"
2026-09-03 12:21:07,5,옵세션,2026-09-02,3.5%,"21,601","24,894"
2026-09-03 12:21:07,6,비광,2026-09-02,3.4%,"20,760","17,831"
2026-09-03 12:21:07,7,경주기행,2026-08-26,2.9%,"18,142","238,503"
2026-09-03 12:21:07,8,싱 어게인,2026-09-02,2.1%,"12,677","11,889"
2026-09-03 12:21:07,9,호프,2026-07-15,1.2%,"7,294","4,537,884"
2026-09-03 12:21:07,10,딥 워터,2026-09-09,0.9%,"5,400",126
2026-09-03 12:21:07,11,모모와 다락방의 수상한 요괴들,재개봉일 : 2026-09-02 2012-07-05,0.7%,"4,587","302,945"
2026-09-03 12:21:07,12,더 드라마,2026-09-09,0.5%,"3,224","1,615"
2026-09-03 12:21:07,13,이누야샤 극장판: 시대를 초월한 마음,2026-09-09,0.5%,"2,831",0
2026-09-03 12:21:07,14,인 더 그레이,2026-09-02,0.4%,"2,606","3,115"
2026-09-03 12:21:07,15,핵소 고지,재개봉일 : 2026-09-02 2017-02-22,0.4%,"2,202","181,576"
2026-09-03 12:21:07,16,포가튼 아일랜드,2026-09-23,0.3%,"2,006",0
2026-09-03 12:21:07,17,마루 밑 아리에티,재개봉일 : 2026-08-19 2010-09-09,0.3%,"1,960","1,095,472"
2026-09-03 12:21:07,18,위커 맨: 파이널 컷,2026-08-19,0.3%,"1,901","15,588"
2026-09-03 12:21:07,19,명탐정 코난: 하이웨이의 타천사,2026-08-12,0.3%,"1,852","410,932"
2026-09-03 12:21:07,20,사랑의 하츄핑: 고래보석의 전설,2026-08-05,0.3%,"1,737","841,468"
2026-09-03 12:21:07,21,사진의 얼굴,2026-09-02,0.3%,"1,714","1,418"
2026-09-03 12:21:07,22,극장판 기븐 – 바다로,2026-08-26,0.2%,"1,512","6,632"
2026-09-03 12:21:07,23,오크 스트리트의 마지막 날,2026-08-26,0.2%,"1,350","121,310"
2026-09-03 12:21:07,24,캐리어를 끄는 소녀,2026-09-02,0.2%,"1,332","2,118"
2026-09-03 12:21:07,25,아이유 콘서트 : 더 골든 아워,재개봉일 : 2026-09-09 2023-09-13,0.2%,"1,262","87,628"
2026-09-03 12:31:51,1,오디세이,2026-08-05,56.5%,"349,839","9,231,225"
2026-09-03 12:31:51,2,인턴,2026-09-16,7.6%,"47,325",0
2026-09-03 12:31:51,3,암살자(들),2026-09-23,7.4%,"45,854",0
2026-09-03 12:31:51,4,스파이더맨: 브랜드 뉴 데이,2026-07-29,5.4%,"33,392","8,626,135"
2026-09-03 12:31:51,5,옵세션,2026-09-02,3.5%,"21,712","24,894"
2026-09-03 12:31:51,6,비광,2026-09-02,3.3%,"20,734","17,831"
2026-09-03 12:31:51,7,경주기행,2026-08-26,2.9%,"18,088","238,503"
2026-09-03 12:31:51,8,싱 어게인,2026-09-02,2.0%,"12,667","11,889"
2026-09-03 12:31:51,9,호프,2026-07-15,1.2%,"7,319","4,537,884"
2026-09-03 12:31:51,10,딥 워터,2026-09-09,0.9%,"5,399",126
2026-09-03 12:31:51,11,모모와 다락방의 수상한 요괴들,재개봉일 : 2026-09-02 2012-07-05,0.7%,"4,540","302,945"
2026-09-03 12:31:51,12,더 드라마,2026-09-09,0.5%,"3,223","1,615"
2026-09-03 12:31:51,13,이누야샤 극장판: 시대를 초월한 마음,2026-09-09,0.5%,"2,849",0
2026-09-03 12:31:51,14,인 더 그레이,2026-09-02,0.4%,"2,598","3,115"
2026-09-03 12:31:51,15,핵소 고지,재개봉일 : 2026-09-02 2017-02-22,0.4%,"2,208","181,576"
2026-09-03 12:31:51,16,포가튼 아일랜드,2026-09-23,0.3%,"2,006",0
2026-09-03 12:31:51,17,마루 밑 아리에티,재개봉일 : 2026-08-19 2010-09-09,0.3%,"1,967","1,095,472"
2026-09-03 12:31:51,18,위커 맨: 파이널 컷,2026-08-19,0.3%,"1,909","15,588"
2026-09-03 12:31:51,19,명탐정 코난: 하이웨이의 타천사,2026-08-12,0.3%,"1,862","410,932"
2026-09-03 12:31:51,20,사랑의 하츄핑: 고래보석의 전설,2026-08-05,0.3%,"1,749","841,468"
2026-09-03 12:31:51,21,사진의 얼굴,2026-09-02,0.3%,"1,712","1,418"
2026-09-03 12:31:51,22,극장판 기븐 – 바다로,2026-08-26,0.2%,"1,506","6,632"
2026-09-03 12:31:51,23,아이유 콘서트 : 더 골든 아워,재개봉일 : 2026-09-09 2023-09-13,0.2%,"1,446","87,628"
2026-09-03 12:31:51,24,오크 스트리트의 마지막 날,2026-08-26,0.2%,"1,343","121,310"
2026-09-03 12:31:51,25,캐리어를 끄는 소녀,2026-09-02,0.2%,"1,338","2,118"
2026-09-03 13:21:07,1,오디세이,2026-08-05,56.9%,"356,887","9,231,225"
2026-09-03 13:21:07,2,인턴,2026-09-16,7.6%,"47,439",0
2026-09-03 13:21:07,3,암살자(들),2026-09-23,7.3%,"45,892",0
2026-09-03 13:21:07,4,스파이더맨: 브랜드 뉴 데이,2026-07-29,5.3%,"33,527","8,626,135"
2026-09-03 13:21:07,5,옵세션,2026-09-02,3.5%,"22,189","24,894"
2026-09-03 13:21:07,6,비광,2026-09-02,3.2%,"20,212","17,831"
2026-09-03 13:21:07,7,경주기행,2026-08-26,2.9%,"17,982","238,503"
2026-09-03 13:21:07,8,싱 어게인,2026-09-02,2.0%,"12,409","11,889"
2026-09-03 13:21:07,9,호프,2026-07-15,1.2%,"7,384","4,537,884"
2026-09-03 13:21:07,10,딥 워터,2026-09-09,0.9%,"5,402",126
2026-09-03 13:21:07,11,모모와 다락방의 수상한 요괴들,재개봉일 : 2026-09-02 2012-07-05,0.7%,"4,372","302,945"
2026-09-03 13:21:07,12,더 드라마,2026-09-09,0.5%,"3,242","1,615"
2026-09-03 13:21:07,13,이누야샤 극장판: 시대를 초월한 마음,2026-09-09,0.5%,"2,897",0
2026-09-03 13:21:07,14,인 더 그레이,2026-09-02,0.4%,"2,594","3,115"
2026-09-03 13:21:07,15,핵소 고지,재개봉일 : 2026-09-02 2017-02-22,0.3%,"2,126","181,576"
2026-09-03 13:21:07,16,포가튼 아일랜드,2026-09-23,0.3%,"2,006",0
2026-09-03 13:21:07,17,마루 밑 아리에티,재개봉일 : 2026-08-19 2010-09-09,0.3%,"1,974","1,095,472"
2026-09-03 13:21:07,18,위커 맨: 파이널 컷,2026-08-19,0.3%,"1,911","15,588"
2026-09-03 13:21:07,19,아이유 콘서트 : 더 골든 아워,재개봉일 : 2026-09-09 2023-09-13,0.3%,"1,846","87,628"
2026-09-03 13:21:07,20,명탐정 코난: 하이웨이의 타천사,2026-08-12,0.3%,"1,817","410,932"
2026-09-03 13:21:07,21,사랑의 하츄핑: 고래보석의 전설,2026-08-05,0.3%,"1,771","841,468"
2026-09-03 13:21:07,22,사진의 얼굴,2026-09-02,0.3%,"1,709","1,418"
2026-09-03 13:21:07,23,극장판 기븐 – 바다로,2026-08-26,0.2%,"1,534","6,632"
2026-09-03 13:21:07,24,오크 스트리트의 마지막 날,2026-08-26,0.2%,"1,362","121,310"
2026-09-03 13:21:07,25,캐리어를 끄는 소녀,2026-09-02,0.2%,"1,309","2,118"
2026-09-03 13:31:48,1,오디세이,2026-08-05,57.0%,"357,908","9,231,225"
2026-09-03 13:31:48,2,인턴,2026-09-16,7.6%,"47,471",0
2026-09-03 13:31:48,3,암살자(들),2026-09-23,7.3%,"45,896",0
2026-09-03 13:31:48,4,스파이더맨: 브랜드 뉴 데이,2026-07-29,5.4%,"33,599","8,626,135"
2026-09-03 13:31:48,5,옵세션,2026-09-02,3.5%,"22,276","24,894"
2026-09-03 13:31:48,6,비광,2026-09-02,3.2%,"20,200","17,831"
2026-09-03 13:31:48,7,경주기행,2026-08-26,2.9%,"17,960","238,503"
2026-09-03 13:31:48,8,싱 어게인,2026-09-02,2.0%,"12,295","11,889"
2026-09-03 13:31:48,9,호프,2026-07-15,1.2%,"7,391","4,537,884"
2026-09-03 13:31:48,10,딥 워터,2026-09-09,0.9%,"5,403",126
2026-09-03 13:31:48,11,모모와 다락방의 수상한 요괴들,재개봉일 : 2026-09-02 2012-07-05,0.7%,"4,335","302,945"
2026-09-03 13:31:48,12,더 드라마,2026-09-09,0.5%,"3,244","1,615"
2026-09-03 13:31:48,13,이누야샤 극장판: 시대를 초월한 마음,2026-09-09,0.5%,"2,902",0
2026-09-03 13:31:48,14,인 더 그레이,2026-09-02,0.4%,"2,582","3,115"
2026-09-03 13:31:48,15,핵소 고지,재개봉일 : 2026-09-02 2017-02-22,0.3%,"2,127","181,576"
2026-09-03 13:31:48,16,포가튼 아일랜드,2026-09-23,0.3%,"2,006",0
2026-09-03 13:31:48,17,마루 밑 아리에티,재개봉일 : 2026-08-19 2010-09-09,0.3%,"1,979","1,095,472"
2026-09-03 13:31:48,18,위커 맨: 파이널 컷,2026-08-19,0.3%,"1,923","15,588"
2026-09-03 13:31:48,19,아이유 콘서트 : 더 골든 아워,재개봉일 : 2026-09-09 2023-09-13,0.3%,"1,916","87,628"
2026-09-03 13:31:48,20,명탐정 코난: 하이웨이의 타천사,2026-08-12,0.3%,"1,826","410,932"
2026-09-03 13:31:48,21,사랑의 하츄핑: 고래보석의 전설,2026-08-05,0.3%,"1,779","841,468"
2026-09-03 13:31:48,22,사진의 얼굴,2026-09-02,0.3%,"1,710","1,418"
2026-09-03 13:31:48,23,극장판 기븐 – 바다로,2026-08-26,0.2%,"1,536","6,632"
2026-09-03 13:31:48,24,오크 스트리트의 마지막 날,2026-08-26,0.2%,"1,367","121,310"
2026-09-03 13:31:48,25,캐리어를 끄는 소녀,2026-09-02,0.2%,"1,317","2,118"
2026-09-03 14:21:07,1,오디세이,2026-08-05,57.1%,"360,627","9,231,225"
2026-09-03 14:21:07,2,인턴,2026-09-16,7.5%,"47,610",0
2026-09-03 14:21:07,3,암살자(들),2026-09-23,7.3%,"45,916",0
2026-09-03 14:21:07,4,스파이더맨: 브랜드 뉴 데이,2026-07-29,5.3%,"33,695","8,626,135"
2026-09-03 14:21:07,5,옵세션,2026-09-02,3.6%,"22,698","24,894"
2026-09-03 14:21:07,6,비광,2026-09-02,3.2%,"20,024","17,831"
2026-09-03 14:21:07,7,경주기행,2026-08-26,2.8%,"17,922","238,503"
2026-09-03 14:21:07,8,싱 어게인,2026-09-02,1.9%,"12,274","11,889"
2026-09-03 14:21:07,9,호프,2026-07-15,1.2%,"7,479","4,537,884"
2026-09-03 14:21:07,10,딥 워터,2026-09-09,0.9%,"5,406",126
2026-09-03 14:21:07,11,모모와 다락방의 수상한 요괴들,재개봉일 : 2026-09-02 2012-07-05,0.7%,"4,257","302,945"
2026-09-03 14:21:07,12,더 드라마,2026-09-09,0.5%,"3,256","1,615"
2026-09-03 14:21:07,13,이누야샤 극장판: 시대를 초월한 마음,2026-09-09,0.5%,"2,952",0
2026-09-03 14:21:07,14,포가튼 아일랜드,2026-09-23,0.4%,"2,669",0
2026-09-03 14:21:07,15,인 더 그레이,2026-09-02,0.4%,"2,536","3,115"
2026-09-03 14:21:07,16,아이유 콘서트 : 더 골든 아워,재개봉일 : 2026-09-09 2023-09-13,0.4%,"2,249","87,628"
2026-09-03 14:21:07,17,핵소 고지,재개봉일 : 2026-09-02 2017-02-22,0.3%,"2,090","181,576"
2026-09-03 14:21:07,18,마루 밑 아리에티,재개봉일 : 2026-08-19 2010-09-09,0.3%,"1,985","1,095,472"
2026-09-03 14:21:07,19,위커 맨: 파이널 컷,2026-08-19,0.3%,"1,908","15,588"
2026-09-03 14:21:07,20,사랑의 하츄핑: 고래보석의 전설,2026-08-05,0.3%,"1,790","841,468"
2026-09-03 14:21:07,21,명탐정 코난: 하이웨이의 타천사,2026-08-12,0.3%,"1,726","410,932"
2026-09-03 14:21:07,22,사진의 얼굴,2026-09-02,0.3%,"1,640","1,418"
2026-09-03 14:21:07,23,극장판 기븐 – 바다로,2026-08-26,0.3%,"1,583","6,632"
2026-09-03 14:21:07,24,오크 스트리트의 마지막 날,2026-08-26,0.2%,"1,371","121,310"
2026-09-03 14:21:07,25,캐리어를 끄는 소녀,2026-09-02,0.2%,"1,272","2,118"
2026-09-03 14:31:45,1,오디세이,2026-08-05,57.1%,"360,928","9,231,223"
2026-09-03 14:31:45,2,인턴,2026-09-16,7.5%,"47,626",0
2026-09-03 14:31:45,3,암살자(들),2026-09-23,7.3%,"45,920",0
2026-09-03 14:31:45,4,스파이더맨: 브랜드 뉴 데이,2026-07-29,5.3%,"33,680","8,626,135"
2026-09-03 14:31:45,5,옵세션,2026-09-02,3.6%,"22,759","24,894"
2026-09-03 14:31:45,6,비광,2026-09-02,3.2%,"20,006","17,831"
2026-09-03 14:31:45,7,경주기행,2026-08-26,2.8%,"17,838","238,503"
2026-09-03 14:31:45,8,싱 어게인,2026-09-02,1.9%,"12,225","11,889"
2026-09-03 14:31:45,9,호프,2026-07-15,1.2%,"7,466","4,537,884"
2026-09-03 14:31:45,10,딥 워터,2026-09-09,0.9%,"5,406",126
2026-09-03 14:31:45,11,모모와 다락방의 수상한 요괴들,재개봉일 : 2026-09-02 2012-07-05,0.7%,"4,253","302,945"
2026-09-03 14:31:45,12,더 드라마,2026-09-09,0.5%,"3,261","1,615"
2026-09-03 14:31:45,13,이누야샤 극장판: 시대를 초월한 마음,2026-09-09,0.5%,"2,958",0
2026-09-03 14:31:45,14,포가튼 아일랜드,2026-09-23,0.4%,"2,669",0
2026-09-03 14:31:45,15,인 더 그레이,2026-09-02,0.4%,"2,532","3,115"
2026-09-03 14:31:45,16,아이유 콘서트 : 더 골든 아워,재개봉일 : 2026-09-09 2023-09-13,0.4%,"2,321","87,628"
2026-09-03 14:31:45,17,핵소 고지,재개봉일 : 2026-09-02 2017-02-22,0.3%,"2,094","181,576"
2026-09-03 14:31:45,18,마루 밑 아리에티,재개봉일 : 2026-08-19 2010-09-09,0.3%,"1,987","1,095,472"
2026-09-03 14:31:45,19,위커 맨: 파이널 컷,2026-08-19,0.3%,"1,918","15,588"
2026-09-03 14:31:45,20,사랑의 하츄핑: 고래보석의 전설,2026-08-05,0.3%,"1,801","841,468"
2026-09-03 14:31:45,21,명탐정 코난: 하이웨이의 타천사,2026-08-12,0.3%,"1,699","410,932"
2026-09-03 14:31:45,22,사진의 얼굴,2026-09-02,0.3%,"1,616","1,418"
2026-09-03 14:31:45,23,극장판 기븐 – 바다로,2026-08-26,0.3%,"1,590","6,632"
2026-09-03 14:31:45,24,오크 스트리트의 마지막 날,2026-08-26,0.2%,"1,358","121,310"
2026-09-03 14:31:45,25,캐리어를 끄는 소녀,2026-09-02,0.2%,"1,277","2,118"
2026-09-03 15:21:07,1,오디세이,2026-08-05,57.1%,"365,341","9,231,220"
2026-09-03 15:21:07,2,인턴,2026-09-16,7.5%,"47,708",0
2026-09-03 15:21:07,3,암살자(들),2026-09-23,7.2%,"45,964",0
2026-09-03 15:21:07,4,스파이더맨: 브랜드 뉴 데이,2026-07-29,5.3%,"33,769","8,626,135"
2026-09-03 15:21:07,5,옵세션,2026-09-02,3.6%,"23,195","24,894"
2026-09-03 15:21:07,6,비광,2026-09-02,3.1%,"19,847","17,831"
2026-09-03 15:21:07,7,경주기행,2026-08-26,2.8%,"17,808","238,503"
2026-09-03 15:21:07,8,싱 어게인,2026-09-02,2.2%,"14,162","11,889"
2026-09-03 15:21:07,9,호프,2026-07-15,1.2%,"7,540","4,537,884"
2026-09-03 15:21:07,10,딥 워터,2026-09-09,0.8%,"5,407",126
2026-09-03 15:21:07,11,모모와 다락방의 수상한 요괴들,재개봉일 : 2026-09-02 2012-07-05,0.6%,"4,041","302,945"
2026-09-03 15:21:07,12,더 드라마,2026-09-09,0.5%,"3,275","1,615"
2026-09-03 15:21:07,13,이누야샤 극장판: 시대를 초월한 마음,2026-09-09,0.5%,"3,010",0
2026-09-03 15:21:07,14,포가튼 아일랜드,2026-09-23,0.4%,"2,669",0
2026-09-03 15:21:07,15,아이유 콘서트 : 더 골든 아워,재개봉일 : 2026-09-09 2023-09-13,0.4%,"2,542","87,628"
2026-09-03 15:21:07,16,인 더 그레이,2026-09-02,0.4%,"2,514","3,115"
2026-09-03 15:21:07,17,마루 밑 아리에티,재개봉일 : 2026-08-19 2010-09-09,0.3%,"1,988","1,095,472"
2026-09-03 15:21:07,18,핵소 고지,재개봉일 : 2026-09-02 2017-02-22,0.3%,"1,975","181,576"
2026-09-03 15:21:07,19,위커 맨: 파이널 컷,2026-08-19,0.3%,"1,943","15,588"
2026-09-03 15:21:07,20,사랑의 하츄핑: 고래보석의 전설,2026-08-05,0.3%,"1,866","841,468"
2026-09-03 15:21:07,21,명탐정 코난: 하이웨이의 타천사,2026-08-12,0.3%,"1,693","410,932"
2026-09-03 15:21:07,22,사진의 얼굴,2026-09-02,0.2%,"1,580","1,418"
2026-09-03 15:21:07,23,극장판 기븐 – 바다로,2026-08-26,0.2%,"1,579","6,632"
2026-09-03 15:21:07,24,오크 스트리트의 마지막 날,2026-08-26,0.2%,"1,356","121,310"
2026-09-03 15:21:07,25,캐리어를 끄는 소녀,2026-09-02,0.2%,"1,279","2,118"
2026-09-03 15:31:46,1,오디세이,2026-08-05,57.2%,"366,331","9,231,220"
2026-09-03 15:31:46,2,인턴,2026-09-16,7.4%,"47,717",0
2026-09-03 15:31:46,3,암살자(들),2026-09-23,7.2%,"45,973",0
2026-09-03 15:31:46,4,스파이더맨: 브랜드 뉴 데이,2026-07-29,5.3%,"33,908","8,626,135"
2026-09-03 15:31:46,5,옵세션,2026-09-02,3.6%,"23,307","24,894"
2026-09-03 15:31:46,6,비광,2026-09-02,3.1%,"19,800","17,831"
2026-09-03 15:31:46,7,경주기행,2026-08-26,2.8%,"17,797","238,503"
2026-09-03 15:31:46,8,싱 어게인,2026-09-02,2.2%,"14,109","11,889"
2026-09-03 15:31:46,9,호프,2026-07-15,1.2%,"7,552","4,537,884"
2026-09-03 15:31:46,10,딥 워터,2026-09-09,0.8%,"5,407",126
2026-09-03 15:31:46,11,모모와 다락방의 수상한 요괴들,재개봉일 : 2026-09-02 2012-07-05,0.6%,"4,014","302,945"
2026-09-03 15:31:46,12,더 드라마,2026-09-09,0.5%,"3,277","1,615"
2026-09-03 15:31:46,13,이누야샤 극장판: 시대를 초월한 마음,2026-09-09,0.5%,"3,021",0
2026-09-03 15:31:46,14,포가튼 아일랜드,2026-09-23,0.4%,"2,669",0
2026-09-03 15:31:46,15,아이유 콘서트 : 더 골든 아워,재개봉일 : 2026-09-09 2023-09-13,0.4%,"2,574","87,628"
2026-09-03 15:31:46,16,인 더 그레이,2026-09-02,0.4%,"2,505","3,115"
2026-09-03 15:31:46,17,마루 밑 아리에티,재개봉일 : 2026-08-19 2010-09-09,0.3%,"1,989","1,095,472"
2026-09-03 15:31:46,18,핵소 고지,재개봉일 : 2026-09-02 2017-02-22,0.3%,"1,976","181,576"
2026-09-03 15:31:46,19,위커 맨: 파이널 컷,2026-08-19,0.3%,"1,943","15,588"
2026-09-03 15:31:46,20,사랑의 하츄핑: 고래보석의 전설,2026-08-05,0.3%,"1,878","841,468"
2026-09-03 15:31:46,21,명탐정 코난: 하이웨이의 타천사,2026-08-12,0.3%,"1,660","410,932"
2026-09-03 15:31:46,22,사진의 얼굴,2026-09-02,0.2%,"1,583","1,418"
2026-09-03 15:31:46,23,극장판 기븐 – 바다로,2026-08-26,0.2%,"1,580","6,632"
2026-09-03 15:31:46,24,오크 스트리트의 마지막 날,2026-08-26,0.2%,"1,366","121,310"
2026-09-03 15:31:46,25,캐리어를 끄는 소녀,2026-09-02,0.2%,"1,281","2,118"
2026-09-03 16:21:07,1,오디세이,2026-08-05,57.1%,"368,290","9,231,219"
2026-09-03 16:21:07,2,인턴,2026-09-16,7.5%,"48,459",0
2026-09-03 16:21:07,3,암살자(들),2026-09-23,7.3%,"47,077",0
2026-09-03 16:21:07,4,스파이더맨: 브랜드 뉴 데이,2026-07-29,5.3%,"34,311","8,626,135"
2026-09-03 16:21:07,5,옵세션,2026-09-02,3.6%,"23,309","24,894"
2026-09-03 16:21:07,6,비광,2026-09-02,3.0%,"19,323","17,831"
2026-09-03 16:21:07,7,경주기행,2026-08-26,2.8%,"17,748","238,503"
2026-09-03 16:21:07,8,싱 어게인,2026-09-02,2.1%,"13,653","11,889"
2026-09-03 16:21:07,9,호프,2026-07-15,1.2%,"7,591","4,537,884"
2026-09-03 16:21:07,10,딥 워터,2026-09-09,0.8%,"5,406",126
2026-09-03 16:21:07,11,모모와 다락방의 수상한 요괴들,재개봉일 : 2026-09-02 2012-07-05,0.6%,"3,926","302,945"
2026-09-03 16:21:07,12,더 드라마,2026-09-09,0.5%,"3,332","1,615"
2026-09-03 16:21:07,13,이누야샤 극장판: 시대를 초월한 마음,2026-09-09,0.5%,"3,053",0
2026-09-03 16:21:07,14,아이유 콘서트 : 더 골든 아워,재개봉일 : 2026-09-09 2023-09-13,0.4%,"2,786","87,628"
2026-09-03 16:21:07,15,포가튼 아일랜드,2026-09-23,0.4%,"2,669",0
2026-09-03 16:21:07,16,인 더 그레이,2026-09-02,0.4%,"2,474","3,115"
2026-09-03 16:21:07,17,마루 밑 아리에티,재개봉일 : 2026-08-19 2010-09-09,0.3%,"1,991","1,095,472"
2026-09-03 16:21:07,18,위커 맨: 파이널 컷,2026-08-19,0.3%,"1,945","15,588"
2026-09-03 16:21:07,19,사랑의 하츄핑: 고래보석의 전설,2026-08-05,0.3%,"1,912","841,468"
2026-09-03 16:21:07,20,핵소 고지,재개봉일 : 2026-09-02 2017-02-22,0.3%,"1,856","181,576"
2026-09-03 16:21:07,21,명탐정 코난: 하이웨이의 타천사,2026-08-12,0.3%,"1,642","410,932"
2026-09-03 16:21:07,22,극장판 기븐 – 바다로,2026-08-26,0.2%,"1,608","6,632"
2026-09-03 16:21:07,23,사진의 얼굴,2026-09-02,0.2%,"1,581","1,418"
2026-09-03 16:21:07,24,오크 스트리트의 마지막 날,2026-08-26,0.2%,"1,378","121,310"
2026-09-03 16:21:07,25,캐리어를 끄는 소녀,2026-09-02,0.2%,"1,271","2,118"
2026-09-03 16:31:46,1,오디세이,2026-08-05,57.2%,"368,999","9,231,219"
2026-09-03 16:31:46,2,인턴,2026-09-16,7.5%,"48,486",0
2026-09-03 16:31:46,3,암살자(들),2026-09-23,7.3%,"47,080",0
2026-09-03 16:31:46,4,스파이더맨: 브랜드 뉴 데이,2026-07-29,5.3%,"34,231","8,626,135"
2026-09-03 16:31:46,5,옵세션,2026-09-02,3.6%,"23,161","24,894"
2026-09-03 16:31:46,6,비광,2026-09-02,3.0%,"19,340","17,831"
2026-09-03 16:31:46,7,경주기행,2026-08-26,2.7%,"17,720","238,503"
2026-09-03 16:31:46,8,싱 어게인,2026-09-02,2.1%,"13,539","11,889"
2026-09-03 16:31:46,9,호프,2026-07-15,1.2%,"7,608","4,537,884"
2026-09-03 16:31:46,10,딥 워터,2026-09-09,0.8%,"5,407",126
2026-09-03 16:31:46,11,모모와 다락방의 수상한 요괴들,재개봉일 : 2026-09-02 2012-07-05,0.6%,"3,933","302,945"
2026-09-03 16:31:46,12,더 드라마,2026-09-09,0.5%,"3,340","1,615"
2026-09-03 16:31:46,13,이누야샤 극장판: 시대를 초월한 마음,2026-09-09,0.5%,"3,059",0
2026-09-03 16:31:46,14,아이유 콘서트 : 더 골든 아워,재개봉일 : 2026-09-09 2023-09-13,0.4%,"2,814","87,628"
2026-09-03 16:31:46,15,포가튼 아일랜드,2026-09-23,0.4%,"2,669",0
2026-09-03 16:31:46,16,인 더 그레이,2026-09-02,0.4%,"2,472","3,115"
2026-09-03 16:31:46,17,마루 밑 아리에티,재개봉일 : 2026-08-19 2010-09-09,0.3%,"1,994","1,095,472"
2026-09-03 16:31:46,18,위커 맨: 파이널 컷,2026-08-19,0.3%,"1,923","15,588"
2026-09-03 16:31:46,19,사랑의 하츄핑: 고래보석의 전설,2026-08-05,0.3%,"1,920","841,468"
2026-09-03 16:31:46,20,핵소 고지,재개봉일 : 2026-09-02 2017-02-22,0.3%,"1,858","181,576"
2026-09-03 16:31:46,21,명탐정 코난: 하이웨이의 타천사,2026-08-12,0.3%,"1,642","410,932"
2026-09-03 16:31:46,22,극장판 기븐 – 바다로,2026-08-26,0.3%,"1,619","6,632"
2026-09-03 16:31:46,23,사진의 얼굴,2026-09-02,0.2%,"1,578","1,418"
2026-09-03 16:31:46,24,오크 스트리트의 마지막 날,2026-08-26,0.2%,"1,379","121,310"
2026-09-03 16:31:46,25,캐리어를 끄는 소녀,2026-09-02,0.2%,"1,276","2,118"
2026-09-03 17:21:09,1,오디세이,2026-08-05,57.2%,"369,407","9,231,219"
2026-09-03 17:21:09,2,인턴,2026-09-16,7.5%,"48,593",0
2026-09-03 17:21:09,3,암살자(들),2026-09-23,7.3%,"47,139",0
2026-09-03 17:21:09,4,스파이더맨: 브랜드 뉴 데이,2026-07-29,5.3%,"34,020","8,626,135"
2026-09-03 17:21:09,5,옵세션,2026-09-02,3.6%,"23,049","24,894"
2026-09-03 17:21:09,6,비광,2026-09-02,2.9%,"19,025","17,831"
2026-09-03 17:21:09,7,경주기행,2026-08-26,2.7%,"17,499","238,503"
2026-09-03 17:21:09,8,싱 어게인,2026-09-02,2.1%,"13,387","11,889"
2026-09-03 17:21:09,9,호프,2026-07-15,1.2%,"7,663","4,537,884"
2026-09-03 17:21:09,10,딥 워터,2026-09-09,0.8%,"5,409",126
2026-09-03 17:21:09,11,모모와 다락방의 수상한 요괴들,재개봉일 : 2026-09-02 2012-07-05,0.6%,"3,830","302,945"
2026-09-03 17:21:09,12,더 드라마,2026-09-09,0.5%,"3,380","1,615"
2026-09-03 17:21:09,13,이누야샤 극장판: 시대를 초월한 마음,2026-09-09,0.5%,"3,095",0
2026-09-03 17:21:09,14,아이유 콘서트 : 더 골든 아워,재개봉일 : 2026-09-09 2023-09-13,0.5%,"2,938","87,628"
2026-09-03 17:21:09,15,포가튼 아일랜드,2026-09-23,0.4%,"2,669",0
2026-09-03 17:21:09,16,인 더 그레이,2026-09-02,0.4%,"2,364","3,115"
2026-09-03 17:21:09,17,사랑의 하츄핑: 고래보석의 전설,2026-08-05,0.3%,"1,964","841,468"
2026-09-03 17:21:09,18,위커 맨: 파이널 컷,2026-08-19,0.3%,"1,952","15,588"
2026-09-03 17:21:09,19,핵소 고지,재개봉일 : 2026-09-02 2017-02-22,0.3%,"1,863","181,576"
2026-09-03 17:21:09,20,마루 밑 아리에티,재개봉일 : 2026-08-19 2010-09-09,0.3%,"1,812","1,095,472"
2026-09-03 17:21:09,21,명탐정 코난: 하이웨이의 타천사,2026-08-12,0.3%,"1,640","410,932"
2026-09-03 17:21:09,22,극장판 기븐 – 바다로,2026-08-26,0.3%,"1,619","6,632"
2026-09-03 17:21:09,23,사진의 얼굴,2026-09-02,0.2%,"1,552","1,418"
2026-09-03 17:21:09,24,오크 스트리트의 마지막 날,2026-08-26,0.2%,"1,412","121,310"
2026-09-03 17:21:09,25,아이유 콘서트 : 더 위닝,재개봉일 : 2026-09-16 2025-01-24,0.2%,"1,200","75,872"
2026-09-03 17:31:47,1,오디세이,2026-08-05,57.2%,"369,897","9,231,219"
2026-09-03 17:31:47,2,인턴,2026-09-16,7.5%,"48,617",0
2026-09-03 17:31:47,3,암살자(들),2026-09-23,7.3%,"47,149",0
2026-09-03 17:31:47,4,스파이더맨: 브랜드 뉴 데이,2026-07-29,5.3%,"34,001","8,626,135"
2026-09-03 17:31:47,5,옵세션,2026-09-02,3.6%,"22,952","24,894"
2026-09-03 17:31:47,6,비광,2026-09-02,2.9%,"18,984","17,831"
2026-09-03 17:31:47,7,경주기행,2026-08-26,2.7%,"17,441","238,503"
2026-09-03 17:31:47,8,싱 어게인,2026-09-02,2.0%,"13,226","11,889"
2026-09-03 17:31:47,9,호프,2026-07-15,1.2%,"7,677","4,537,884"
2026-09-03 17:31:47,10,딥 워터,2026-09-09,0.8%,"5,408",126
2026-09-03 17:31:47,11,모모와 다락방의 수상한 요괴들,재개봉일 : 2026-09-02 2012-07-05,0.6%,"3,836","302,945"
2026-09-03 17:31:47,12,더 드라마,2026-09-09,0.5%,"3,382","1,615"
2026-09-03 17:31:47,13,이누야샤 극장판: 시대를 초월한 마음,2026-09-09,0.5%,"3,101",0
2026-09-03 17:31:47,14,아이유 콘서트 : 더 골든 아워,재개봉일 : 2026-09-09 2023-09-13,0.5%,"2,951","87,628"
2026-09-03 17:31:47,15,포가튼 아일랜드,2026-09-23,0.4%,"2,669",0
2026-09-03 17:31:47,16,인 더 그레이,2026-09-02,0.4%,"2,333","3,115"
2026-09-03 17:31:47,17,사랑의 하츄핑: 고래보석의 전설,2026-08-05,0.3%,"1,972","841,468"
2026-09-03 17:31:47,18,위커 맨: 파이널 컷,2026-08-19,0.3%,"1,954","15,588"
2026-09-03 17:31:47,19,핵소 고지,재개봉일 : 2026-09-02 2017-02-22,0.3%,"1,862","181,576"
2026-09-03 17:31:47,20,마루 밑 아리에티,재개봉일 : 2026-08-19 2010-09-09,0.3%,"1,809","1,095,472"
2026-09-03 17:31:47,21,명탐정 코난: 하이웨이의 타천사,2026-08-12,0.3%,"1,646","410,932"
2026-09-03 17:31:47,22,극장판 기븐 – 바다로,2026-08-26,0.2%,"1,615","6,632"
2026-09-03 17:31:47,23,사진의 얼굴,2026-09-02,0.2%,"1,553","1,418"
2026-09-03 17:31:47,24,오크 스트리트의 마지막 날,2026-08-26,0.2%,"1,424","121,310"
2026-09-03 17:31:47,25,아이유 콘서트 : 더 위닝,재개봉일 : 2026-09-16 2025-01-24,0.2%,"1,218","75,872"
2026-09-03 18:21:07,1,오디세이,2026-08-05,57.5%,"369,827","9,231,203"
2026-09-03 18:21:07,2,인턴,2026-09-16,7.6%,"48,682",0
2026-09-03 18:21:07,3,암살자(들),2026-09-23,7.3%,"47,208",0
2026-09-03 18:21:07,4,스파이더맨: 브랜드 뉴 데이,2026-07-29,5.2%,"33,706","8,626,135"
2026-09-03 18:21:07,5,옵세션,2026-09-02,3.4%,"21,903","24,894"
2026-09-03 18:21:07,6,비광,2026-09-02,2.9%,"18,416","17,831"
2026-09-03 18:21:07,7,경주기행,2026-08-26,2.7%,"17,093","238,503"
2026-09-03 18:21:07,8,싱 어게인,2026-09-02,2.0%,"12,746","11,889"
2026-09-03 18:21:07,9,호프,2026-07-15,1.2%,"7,759","4,537,884"
2026-09-03 18:21:07,10,딥 워터,2026-09-09,0.8%,"5,411",126
2026-09-03 18:21:07,11,모모와 다락방의 수상한 요괴들,재개봉일 : 2026-09-02 2012-07-05,0.6%,"3,764","302,945"
2026-09-03 18:21:07,12,더 드라마,2026-09-09,0.5%,"3,404","1,615"
2026-09-03 18:21:07,13,이누야샤 극장판: 시대를 초월한 마음,2026-09-09,0.5%,"3,158",0
2026-09-03 18:21:07,14,아이유 콘서트 : 더 골든 아워,재개봉일 : 2026-09-09 2023-09-13,0.5%,"3,060","87,628"
2026-09-03 18:21:07,15,포가튼 아일랜드,2026-09-23,0.4%,"2,669",0
2026-09-03 18:21:07,16,인 더 그레이,2026-09-02,0.4%,"2,305","3,115"
2026-09-03 18:21:07,17,사랑의 하츄핑: 고래보석의 전설,2026-08-05,0.3%,"2,034","841,468"
2026-09-03 18:21:07,18,위커 맨: 파이널 컷,2026-08-19,0.3%,"1,879","15,588"
2026-09-03 18:21:07,19,마루 밑 아리에티,재개봉일 : 2026-08-19 2010-09-09,0.3%,"1,819","1,095,472"
2026-09-03 18:21:07,20,핵소 고지,재개봉일 : 2026-09-02 2017-02-22,0.3%,"1,709","181,576"
2026-09-03 18:21:07,21,명탐정 코난: 하이웨이의 타천사,2026-08-12,0.3%,"1,661","410,932"
2026-09-03 18:21:07,22,극장판 기븐 – 바다로,2026-08-26,0.3%,"1,628","6,632"
2026-09-03 18:21:07,23,사진의 얼굴,2026-09-02,0.2%,"1,535","1,418"
2026-09-03 18:21:07,24,오크 스트리트의 마지막 날,2026-08-26,0.2%,"1,378","121,310"
2026-09-03 18:21:07,25,아이유 콘서트 : 더 위닝,재개봉일 : 2026-09-16 2025-01-24,0.2%,"1,266","75,872"
2026-09-03 18:31:42,1,오디세이,2026-08-05,57.6%,"370,327","9,231,203"
2026-09-03 18:31:42,2,인턴,2026-09-16,7.6%,"48,700",0
2026-09-03 18:31:42,3,암살자(들),2026-09-23,7.3%,"47,211",0
2026-09-03 18:31:42,4,스파이더맨: 브랜드 뉴 데이,2026-07-29,5.3%,"33,817","8,626,135"
2026-09-03 18:31:42,5,옵세션,2026-09-02,3.4%,"21,628","24,894"
2026-09-03 18:31:42,6,비광,2026-09-02,2.9%,"18,420","17,831"
2026-09-03 18:31:42,7,경주기행,2026-08-26,2.6%,"17,034","238,503"
2026-09-03 18:31:42,8,싱 어게인,2026-09-02,2.0%,"12,666","11,889"
2026-09-03 18:31:42,9,호프,2026-07-15,1.2%,"7,779","4,537,884"
2026-09-03 18:31:42,10,딥 워터,2026-09-09,0.8%,"5,413",126
2026-09-03 18:31:42,11,모모와 다락방의 수상한 요괴들,재개봉일 : 2026-09-02 2012-07-05,0.6%,"3,769","302,945"
2026-09-03 18:31:42,12,더 드라마,2026-09-09,0.5%,"3,411","1,615"
2026-09-03 18:31:42,13,이누야샤 극장판: 시대를 초월한 마음,2026-09-09,0.5%,"3,168",0
2026-09-03 18:31:42,14,아이유 콘서트 : 더 골든 아워,재개봉일 : 2026-09-09 2023-09-13,0.5%,"3,075","87,628"
2026-09-03 18:31:42,15,포가튼 아일랜드,2026-09-23,0.4%,"2,669",0
2026-09-03 18:31:42,16,인 더 그레이,2026-09-02,0.4%,"2,312","3,115"
2026-09-03 18:31:42,17,사랑의 하츄핑: 고래보석의 전설,2026-08-05,0.3%,"2,050","841,468"
2026-09-03 18:31:42,18,위커 맨: 파이널 컷,2026-08-19,0.3%,"1,882","15,588"
2026-09-03 18:31:42,19,마루 밑 아리에티,재개봉일 : 2026-08-19 2010-09-09,0.3%,"1,815","1,095,472"
2026-09-03 18:31:42,20,핵소 고지,재개봉일 : 2026-09-02 2017-02-22,0.3%,"1,703","181,576"
2026-09-03 18:31:42,21,명탐정 코난: 하이웨이의 타천사,2026-08-12,0.3%,"1,666","410,932"
2026-09-03 18:31:42,22,극장판 기븐 – 바다로,2026-08-26,0.3%,"1,632","6,632"
2026-09-03 18:31:42,23,사진의 얼굴,2026-09-02,0.2%,"1,537","1,418"
2026-09-03 18:31:42,24,오크 스트리트의 마지막 날,2026-08-26,0.2%,"1,395","121,310"
2026-09-03 18:31:42,25,아이유 콘서트 : 더 위닝,재개봉일 : 2026-09-16 2025-01-24,0.2%,"1,277","75,872"
2026-09-03 19:21:07,1,오디세이,2026-08-05,57.6%,"372,982","9,231,200"
2026-09-03 19:21:07,2,인턴,2026-09-16,7.6%,"48,902",0
2026-09-03 19:21:07,3,암살자(들),2026-09-23,7.3%,"47,213",0
2026-09-03 19:21:07,4,스파이더맨: 브랜드 뉴 데이,2026-07-29,5.3%,"34,079","8,626,135"
2026-09-03 19:21:07,5,옵세션,2026-09-02,3.3%,"21,202","24,894"
2026-09-03 19:21:07,6,비광,2026-09-02,2.8%,"18,194","17,831"
2026-09-03 19:21:07,7,경주기행,2026-08-26,2.6%,"17,002","238,503"
2026-09-03 19:21:07,8,싱 어게인,2026-09-02,1.9%,"12,448","11,889"
2026-09-03 19:21:07,9,호프,2026-07-15,1.2%,"7,788","4,537,884"
2026-09-03 19:21:07,10,딥 워터,2026-09-09,0.8%,"5,418",126
2026-09-03 19:21:07,11,모모와 다락방의 수상한 요괴들,재개봉일 : 2026-09-02 2012-07-05,0.6%,"3,772","302,945"
2026-09-03 19:21:07,12,더 드라마,2026-09-09,0.5%,"3,434","1,615"
2026-09-03 19:21:07,13,이누야샤 극장판: 시대를 초월한 마음,2026-09-09,0.5%,"3,194",0
2026-09-03 19:21:07,14,아이유 콘서트 : 더 골든 아워,재개봉일 : 2026-09-09 2023-09-13,0.5%,"3,174","87,628"
2026-09-03 19:21:07,15,포가튼 아일랜드,2026-09-23,0.4%,"2,669",0
2026-09-03 19:21:07,16,인 더 그레이,2026-09-02,0.4%,"2,268","3,115"
2026-09-03 19:21:07,17,사랑의 하츄핑: 고래보석의 전설,2026-08-05,0.3%,"2,108","841,468"
2026-09-03 19:21:07,18,위커 맨: 파이널 컷,2026-08-19,0.3%,"1,847","15,588"
2026-09-03 19:21:07,19,마루 밑 아리에티,재개봉일 : 2026-08-19 2010-09-09,0.3%,"1,824","1,095,472"
2026-09-03 19:21:07,20,명탐정 코난: 하이웨이의 타천사,2026-08-12,0.3%,"1,694","410,932"
2026-09-03 19:21:07,21,극장판 기븐 – 바다로,2026-08-26,0.3%,"1,666","6,632"
2026-09-03 19:21:07,22,핵소 고지,재개봉일 : 2026-09-02 2017-02-22,0.3%,"1,661","181,576"
2026-09-03 19:21:07,23,사진의 얼굴,2026-09-02,0.2%,"1,539","1,418"
2026-09-03 19:21:07,24,오크 스트리트의 마지막 날,2026-08-26,0.2%,"1,411","121,310"
2026-09-03 19:21:07,25,아이유 콘서트 : 더 위닝,재개봉일 : 2026-09-16 2025-01-24,0.2%,"1,383","75,872"
2026-09-03 19:31:47,1,오디세이,2026-08-05,57.6%,"373,878","9,231,200"
2026-09-03 19:31:47,2,인턴,2026-09-16,7.5%,"48,924",0
2026-09-03 19:31:47,3,암살자(들),2026-09-23,7.3%,"47,219",0
2026-09-03 19:31:47,4,스파이더맨: 브랜드 뉴 데이,2026-07-29,5.3%,"34,158","8,626,135"
2026-09-03 19:31:47,5,옵세션,2026-09-02,3.2%,"21,031","24,894"
2026-09-03 19:31:47,6,비광,2026-09-02,2.8%,"18,093","17,831"
2026-09-03 19:31:47,7,경주기행,2026-08-26,2.6%,"17,024","238,503"
2026-09-03 19:31:47,8,싱 어게인,2026-09-02,1.9%,"12,450","11,889"
2026-09-03 19:31:47,9,호프,2026-07-15,1.2%,"7,796","4,537,884"
2026-09-03 19:31:47,10,딥 워터,2026-09-09,0.8%,"5,424",126
2026-09-03 19:31:47,11,모모와 다락방의 수상한 요괴들,재개봉일 : 2026-09-02 2012-07-05,0.6%,"3,777","302,945"
2026-09-03 19:31:47,12,더 드라마,2026-09-09,0.5%,"3,434","1,615"
2026-09-03 19:31:47,13,이누야샤 극장판: 시대를 초월한 마음,2026-09-09,0.5%,"3,200",0
2026-09-03 19:31:47,14,아이유 콘서트 : 더 골든 아워,재개봉일 : 2026-09-09 2023-09-13,0.5%,"3,190","87,628"
2026-09-03 19:31:47,15,포가튼 아일랜드,2026-09-23,0.4%,"2,669",0
2026-09-03 19:31:47,16,인 더 그레이,2026-09-02,0.3%,"2,249","3,115"
2026-09-03 19:31:47,17,사랑의 하츄핑: 고래보석의 전설,2026-08-05,0.3%,"2,124","841,468"
2026-09-03 19:31:47,18,위커 맨: 파이널 컷,2026-08-19,0.3%,"1,851","15,588"
2026-09-03 19:31:47,19,마루 밑 아리에티,재개봉일 : 2026-08-19 2010-09-09,0.3%,"1,827","1,095,472"
2026-09-03 19:31:47,20,명탐정 코난: 하이웨이의 타천사,2026-08-12,0.3%,"1,714","410,932"
2026-09-03 19:31:47,21,극장판 기븐 – 바다로,2026-08-26,0.3%,"1,676","6,632"
2026-09-03 19:31:47,22,핵소 고지,재개봉일 : 2026-09-02 2017-02-22,0.3%,"1,664","181,576"
2026-09-03 19:31:47,23,사진의 얼굴,2026-09-02,0.2%,"1,542","1,418"
2026-09-03 19:31:47,24,오크 스트리트의 마지막 날,2026-08-26,0.2%,"1,407","121,310"
2026-09-03 19:31:47,25,아이유 콘서트 : 더 위닝,재개봉일 : 2026-09-16 2025-01-24,0.2%,"1,389","75,872"
2026-09-03 20:21:07,1,오디세이,2026-08-05,57.7%,"378,211","9,231,200"
2026-09-03 20:21:07,2,인턴,2026-09-16,7.5%,"49,009",0
2026-09-03 20:21:07,3,암살자(들),2026-09-23,7.2%,"47,462",0
2026-09-03 20:21:07,4,스파이더맨: 브랜드 뉴 데이,2026-07-29,5.3%,"34,775","8,626,135"
2026-09-03 20:21:07,5,옵세션,2026-09-02,3.2%,"20,989","24,894"
2026-09-03 20:21:07,6,비광,2026-09-02,2.7%,"17,937","17,831"
2026-09-03 20:21:07,7,경주기행,2026-08-26,2.6%,"17,132","238,503"
2026-09-03 20:21:07,8,싱 어게인,2026-09-02,1.9%,"12,523","11,889"
2026-09-03 20:21:07,9,호프,2026-07-15,1.2%,"7,840","4,537,884"
2026-09-03 20:21:07,10,딥 워터,2026-09-09,0.8%,"5,428",126
2026-09-03 20:21:07,11,모모와 다락방의 수상한 요괴들,재개봉일 : 2026-09-02 2012-07-05,0.6%,"3,807","302,945"
2026-09-03 20:21:07,12,더 드라마,2026-09-09,0.5%,"3,455","1,615"
2026-09-03 20:21:07,13,아이유 콘서트 : 더 골든 아워,재개봉일 : 2026-09-09 2023-09-13,0.5%,"3,282","87,628"
2026-09-03 20:21:07,14,이누야샤 극장판: 시대를 초월한 마음,2026-09-09,0.5%,"3,258",0
2026-09-03 20:21:07,15,포가튼 아일랜드,2026-09-23,0.4%,"2,669",0
2026-09-03 20:21:07,16,인 더 그레이,2026-09-02,0.3%,"2,247","3,115"
2026-09-03 20:21:07,17,사랑의 하츄핑: 고래보석의 전설,2026-08-05,0.3%,"2,226","841,468"
2026-09-03 20:21:07,18,위커 맨: 파이널 컷,2026-08-19,0.3%,"1,888","15,588"
2026-09-03 20:21:07,19,마루 밑 아리에티,재개봉일 : 2026-08-19 2010-09-09,0.3%,"1,836","1,095,472"
2026-09-03 20:21:07,20,명탐정 코난: 하이웨이의 타천사,2026-08-12,0.3%,"1,755","410,932"
2026-09-03 20:21:07,21,극장판 기븐 – 바다로,2026-08-26,0.3%,"1,710","6,632"
2026-09-03 20:21:07,22,핵소 고지,재개봉일 : 2026-09-02 2017-02-22,0.3%,"1,668","181,576"
2026-09-03 20:21:07,23,사진의 얼굴,2026-09-02,0.2%,"1,546","1,418"
2026-09-03 20:21:07,24,타짜: 벨제붑의 노래,2026-09-23,0.2%,"1,481",0
2026-09-03 20:21:07,25,오크 스트리트의 마지막 날,2026-08-26,0.2%,"1,474","121,310"
2026-09-03 20:31:56,1,오디세이,2026-08-05,57.7%,"379,237","9,231,200"
2026-09-03 20:31:56,2,인턴,2026-09-16,7.5%,"49,027",0
2026-09-03 20:31:56,3,암살자(들),2026-09-23,7.2%,"47,468",0
2026-09-03 20:31:56,4,스파이더맨: 브랜드 뉴 데이,2026-07-29,5.3%,"34,895","8,626,135"
2026-09-03 20:31:56,5,옵세션,2026-09-02,3.2%,"21,044","24,894"
2026-09-03 20:31:56,6,비광,2026-09-02,2.7%,"17,950","17,831"
2026-09-03 20:31:56,7,경주기행,2026-08-26,2.6%,"17,149","238,503"
2026-09-03 20:31:56,8,싱 어게인,2026-09-02,1.9%,"12,510","11,889"
2026-09-03 20:31:56,9,호프,2026-07-15,1.2%,"7,859","4,537,884"
2026-09-03 20:31:56,10,딥 워터,2026-09-09,0.8%,"5,428",126
2026-09-03 20:31:56,11,모모와 다락방의 수상한 요괴들,재개봉일 : 2026-09-02 2012-07-05,0.6%,"3,819","302,945"
2026-09-03 20:31:56,12,더 드라마,2026-09-09,0.5%,"3,460","1,615"
2026-09-03 20:31:56,13,아이유 콘서트 : 더 골든 아워,재개봉일 : 2026-09-09 2023-09-13,0.5%,"3,297","87,628"
2026-09-03 20:31:56,14,이누야샤 극장판: 시대를 초월한 마음,2026-09-09,0.5%,"3,275",0
2026-09-03 20:31:56,15,포가튼 아일랜드,2026-09-23,0.4%,"2,669",0
2026-09-03 20:31:56,16,사랑의 하츄핑: 고래보석의 전설,2026-08-05,0.3%,"2,246","841,468"
2026-09-03 20:31:56,16,인 더 그레이,2026-09-02,0.3%,"2,246","3,115"
2026-09-03 20:31:56,18,위커 맨: 파이널 컷,2026-08-19,0.3%,"1,890","15,588"
2026-09-03 20:31:56,19,마루 밑 아리에티,재개봉일 : 2026-08-19 2010-09-09,0.3%,"1,836","1,095,472"
2026-09-03 20:31:56,20,명탐정 코난: 하이웨이의 타천사,2026-08-12,0.3%,"1,763","410,932"
2026-09-03 20:31:56,21,극장판 기븐 – 바다로,2026-08-26,0.3%,"1,706","6,632"
2026-09-03 20:31:56,22,핵소 고지,재개봉일 : 2026-09-02 2017-02-22,0.3%,"1,665","181,576"
2026-09-03 20:31:56,23,타짜: 벨제붑의 노래,2026-09-23,0.2%,"1,582",0
2026-09-03 20:31:56,24,사진의 얼굴,2026-09-02,0.2%,"1,549","1,418"
2026-09-03 20:31:56,25,오크 스트리트의 마지막 날,2026-08-26,0.2%,"1,467","121,310"
2026-09-03 21:21:07,1,오디세이,2026-08-05,57.9%,"385,566","9,231,200"
2026-09-03 21:21:07,2,인턴,2026-09-16,7.4%,"49,137",0
2026-09-03 21:21:07,3,암살자(들),2026-09-23,7.1%,"47,486",0
2026-09-03 21:21:07,4,스파이더맨: 브랜드 뉴 데이,2026-07-29,5.4%,"35,843","8,626,135"
2026-09-03 21:21:07,5,옵세션,2026-09-02,3.2%,"21,111","24,894"
2026-09-03 21:21:07,6,비광,2026-09-02,2.7%,"17,997","17,831"
2026-09-03 21:21:07,7,경주기행,2026-08-26,2.6%,"17,396","238,503"
2026-09-03 21:21:07,8,싱 어게인,2026-09-02,1.9%,"12,718","11,889"
2026-09-03 21:21:07,9,호프,2026-07-15,1.2%,"7,937","4,537,884"
2026-09-03 21:21:07,10,딥 워터,2026-09-09,0.8%,"5,432",126
2026-09-03 21:21:07,11,모모와 다락방의 수상한 요괴들,재개봉일 : 2026-09-02 2012-07-05,0.6%,"3,840","302,945"
2026-09-03 21:21:07,12,더 드라마,2026-09-09,0.5%,"3,490","1,615"
2026-09-03 21:21:07,13,아이유 콘서트 : 더 골든 아워,재개봉일 : 2026-09-09 2023-09-13,0.5%,"3,406","87,628"
2026-09-03 21:21:07,14,이누야샤 극장판: 시대를 초월한 마음,2026-09-09,0.5%,"3,317",0
2026-09-03 21:21:07,15,포가튼 아일랜드,2026-09-23,0.4%,"2,669",0
2026-09-03 21:21:07,16,사랑의 하츄핑: 고래보석의 전설,2026-08-05,0.3%,"2,318","841,468"
2026-09-03 21:21:07,17,인 더 그레이,2026-09-02,0.3%,"2,265","3,115"
2026-09-03 21:21:07,18,위커 맨: 파이널 컷,2026-08-19,0.3%,"1,910","15,588"
2026-09-03 21:21:07,19,타짜: 벨제붑의 노래,2026-09-23,0.3%,"1,896",0
2026-09-03 21:21:07,20,명탐정 코난: 하이웨이의 타천사,2026-08-12,0.3%,"1,842","410,932"
2026-09-03 21:21:07,21,마루 밑 아리에티,재개봉일 : 2026-08-19 2010-09-09,0.3%,"1,809","1,095,472"
2026-09-03 21:21:07,22,극장판 기븐 – 바다로,2026-08-26,0.3%,"1,729","6,632"
2026-09-03 21:21:07,23,핵소 고지,재개봉일 : 2026-09-02 2017-02-22,0.2%,"1,648","181,576"
2026-09-03 21:21:07,24,사진의 얼굴,2026-09-02,0.2%,"1,554","1,418"
2026-09-03 21:21:07,25,오크 스트리트의 마지막 날,2026-08-26,0.2%,"1,548","121,310"
2026-09-03 21:32:17,1,오디세이,2026-08-05,57.9%,"387,174","9,231,200"
2026-09-03 21:32:17,2,인턴,2026-09-16,7.3%,"49,160",0
2026-09-03 21:32:17,3,암살자(들),2026-09-23,7.1%,"47,504",0
2026-09-03 21:32:17,4,스파이더맨: 브랜드 뉴 데이,2026-07-29,5.4%,"36,169","8,626,135"
2026-09-03 21:32:17,5,옵세션,2026-09-02,3.2%,"21,221","24,894"
2026-09-03 21:32:17,6,비광,2026-09-02,2.7%,"18,041","17,831"
2026-09-03 21:32:17,7,경주기행,2026-08-26,2.6%,"17,448","238,503"
2026-09-03 21:32:17,8,싱 어게인,2026-09-02,1.9%,"12,780","11,889"
2026-09-03 21:32:17,9,호프,2026-07-15,1.2%,"7,955","4,537,884"
2026-09-03 21:32:17,10,딥 워터,2026-09-09,0.8%,"5,431",126
2026-09-03 21:32:17,11,모모와 다락방의 수상한 요괴들,재개봉일 : 2026-09-02 2012-07-05,0.6%,"3,849","302,945"
2026-09-03 21:32:17,12,더 드라마,2026-09-09,0.5%,"3,491","1,615"
2026-09-03 21:32:17,13,아이유 콘서트 : 더 골든 아워,재개봉일 : 2026-09-09 2023-09-13,0.5%,"3,429","87,628"
2026-09-03 21:32:17,14,이누야샤 극장판: 시대를 초월한 마음,2026-09-09,0.5%,"3,321",0
2026-09-03 21:32:17,15,포가튼 아일랜드,2026-09-23,0.4%,"2,669",0
2026-09-03 21:32:17,16,사랑의 하츄핑: 고래보석의 전설,2026-08-05,0.4%,"2,350","841,468"
2026-09-03 21:32:17,17,인 더 그레이,2026-09-02,0.3%,"2,270","3,115"
2026-09-03 21:32:17,18,아이유 콘서트 : 더 위닝,재개봉일 : 2026-09-16 2025-01-24,0.3%,"2,102","75,872"
2026-09-03 21:32:17,19,타짜: 벨제붑의 노래,2026-09-23,0.3%,"1,916",0
2026-09-03 21:32:17,20,위커 맨: 파이널 컷,2026-08-19,0.3%,"1,911","15,588"
2026-09-03 21:32:17,21,명탐정 코난: 하이웨이의 타천사,2026-08-12,0.3%,"1,843","410,932"
2026-09-03 21:32:17,22,마루 밑 아리에티,재개봉일 : 2026-08-19 2010-09-09,0.3%,"1,816","1,095,472"
2026-09-03 21:32:17,23,극장판 기븐 – 바다로,2026-08-26,0.3%,"1,736","6,632"
2026-09-03 21:32:17,24,핵소 고지,재개봉일 : 2026-09-02 2017-02-22,0.2%,"1,655","181,576"
2026-09-03 21:32:17,25,오크 스트리트의 마지막 날,2026-08-26,0.2%,"1,572","121,310"
2026-09-03 22:21:07,1,오디세이,2026-08-05,57.9%,"394,116","9,231,200"
2026-09-03 22:21:07,2,인턴,2026-09-16,7.2%,"49,258",0
2026-09-03 22:21:07,3,암살자(들),2026-09-23,7.0%,"47,509",0
2026-09-03 22:21:07,4,스파이더맨: 브랜드 뉴 데이,2026-07-29,5.5%,"37,231","8,626,135"
2026-09-03 22:21:07,5,옵세션,2026-09-02,3.3%,"22,330","24,894"
2026-09-03 22:21:07,6,비광,2026-09-02,2.7%,"18,204","17,831"
2026-09-03 22:21:07,7,경주기행,2026-08-26,2.6%,"17,777","238,503"
2026-09-03 22:21:07,8,싱 어게인,2026-09-02,1.9%,"13,113","11,889"
2026-09-03 22:21:07,9,호프,2026-07-15,1.2%,"8,014","4,537,884"
2026-09-03 22:21:07,10,딥 워터,2026-09-09,0.8%,"5,430",126
2026-09-03 22:21:07,11,모모와 다락방의 수상한 요괴들,재개봉일 : 2026-09-02 2012-07-05,0.6%,"3,923","302,945"
2026-09-03 22:21:07,12,더 드라마,2026-09-09,0.5%,"3,517","1,615"
2026-09-03 22:21:07,13,아이유 콘서트 : 더 골든 아워,재개봉일 : 2026-09-09 2023-09-13,0.5%,"3,501","87,628"
2026-09-03 22:21:07,14,이누야샤 극장판: 시대를 초월한 마음,2026-09-09,0.5%,"3,349",0
2026-09-03 22:21:07,15,포가튼 아일랜드,2026-09-23,0.4%,"2,669",0
2026-09-03 22:21:07,16,사랑의 하츄핑: 고래보석의 전설,2026-08-05,0.4%,"2,498","841,468"
2026-09-03 22:21:07,17,아이유 콘서트 : 더 위닝,재개봉일 : 2026-09-16 2025-01-24,0.3%,"2,321","75,872"
2026-09-03 22:21:07,18,인 더 그레이,2026-09-02,0.3%,"2,290","3,115"
2026-09-03 22:21:07,19,타짜: 벨제붑의 노래,2026-09-23,0.3%,"1,985",0
2026-09-03 22:21:07,20,명탐정 코난: 하이웨이의 타천사,2026-08-12,0.3%,"1,945","410,932"
2026-09-03 22:21:07,21,위커 맨: 파이널 컷,2026-08-19,0.3%,"1,922","15,588"
2026-09-03 22:21:07,22,마루 밑 아리에티,재개봉일 : 2026-08-19 2010-09-09,0.3%,"1,819","1,095,472"
2026-09-03 22:21:07,23,극장판 기븐 – 바다로,2026-08-26,0.3%,"1,762","6,632"
2026-09-03 22:21:07,24,핵소 고지,재개봉일 : 2026-09-02 2017-02-22,0.2%,"1,674","181,576"
2026-09-03 22:21:07,25,오크 스트리트의 마지막 날,2026-08-26,0.2%,"1,666","121,310"
2026-09-03 22:32:05,1,오디세이,2026-08-05,57.9%,"395,574","9,231,200"
2026-09-03 22:32:05,2,인턴,2026-09-16,7.2%,"49,278",0
2026-09-03 22:32:05,3,암살자(들),2026-09-23,7.0%,"47,515",0
2026-09-03 22:32:05,4,스파이더맨: 브랜드 뉴 데이,2026-07-29,5.5%,"37,432","8,626,135"
2026-09-03 22:32:05,5,옵세션,2026-09-02,3.3%,"22,600","24,894"
2026-09-03 22:32:05,6,비광,2026-09-02,2.7%,"18,236","17,831"
2026-09-03 22:32:05,7,경주기행,2026-08-26,2.6%,"17,842","238,503"
2026-09-03 22:32:05,8,싱 어게인,2026-09-02,1.9%,"13,170","11,889"
2026-09-03 22:32:05,9,호프,2026-07-15,1.2%,"8,040","4,537,884"
2026-09-03 22:32:05,10,딥 워터,2026-09-09,0.8%,"5,433",126
2026-09-03 22:32:05,11,모모와 다락방의 수상한 요괴들,재개봉일 : 2026-09-02 2012-07-05,0.6%,"3,931","302,945"
2026-09-03 22:32:05,12,더 드라마,2026-09-09,0.5%,"3,524","1,615"
2026-09-03 22:32:05,13,아이유 콘서트 : 더 골든 아워,재개봉일 : 2026-09-09 2023-09-13,0.5%,"3,512","87,628"
2026-09-03 22:32:05,14,이누야샤 극장판: 시대를 초월한 마음,2026-09-09,0.5%,"3,358",0
2026-09-03 22:32:05,15,포가튼 아일랜드,2026-09-23,0.4%,"2,669",0
2026-09-03 22:32:05,16,사랑의 하츄핑: 고래보석의 전설,2026-08-05,0.4%,"2,517","841,468"
2026-09-03 22:32:05,17,아이유 콘서트 : 더 위닝,재개봉일 : 2026-09-16 2025-01-24,0.3%,"2,343","75,872"
2026-09-03 22:32:05,18,인 더 그레이,2026-09-02,0.3%,"2,288","3,115"
2026-09-03 22:32:05,19,타짜: 벨제붑의 노래,2026-09-23,0.3%,"1,993",0
2026-09-03 22:32:05,20,명탐정 코난: 하이웨이의 타천사,2026-08-12,0.3%,"1,960","410,932"
2026-09-03 22:32:05,21,위커 맨: 파이널 컷,2026-08-19,0.3%,"1,926","15,588"
2026-09-03 22:32:05,22,마루 밑 아리에티,재개봉일 : 2026-08-19 2010-09-09,0.3%,"1,819","1,095,472"
2026-09-03 22:32:05,23,극장판 기븐 – 바다로,2026-08-26,0.3%,"1,768","6,632"
2026-09-03 22:32:05,24,핵소 고지,재개봉일 : 2026-09-02 2017-02-22,0.2%,"1,677","181,576"
2026-09-03 22:32:05,25,오크 스트리트의 마지막 날,2026-08-26,0.2%,"1,676","121,310"
2026-09-03 23:21:07,1,오디세이,2026-08-05,57.9%,"400,615","9,231,200"
2026-09-03 23:21:07,2,인턴,2026-09-16,7.1%,"49,369",0
2026-09-03 23:21:07,3,암살자(들),2026-09-23,6.9%,"47,554",0
2026-09-03 23:21:07,4,스파이더맨: 브랜드 뉴 데이,2026-07-29,5.6%,"38,662","8,626,135"
2026-09-03 23:21:07,5,옵세션,2026-09-02,3.4%,"23,797","24,894"
2026-09-03 23:21:07,6,비광,2026-09-02,2.6%,"18,345","17,831"
2026-09-03 23:21:07,7,경주기행,2026-08-26,2.6%,"18,119","238,503"
2026-09-03 23:21:07,8,싱 어게인,2026-09-02,2.0%,"13,564","11,889"
2026-09-03 23:21:07,9,호프,2026-07-15,1.2%,"8,097","4,537,884"
2026-09-03 23:21:07,10,딥 워터,2026-09-09,0.8%,"5,433",126
2026-09-03 23:21:07,11,모모와 다락방의 수상한 요괴들,재개봉일 : 2026-09-02 2012-07-05,0.6%,"3,969","302,945"
2026-09-03 23:21:07,12,아이유 콘서트 : 더 골든 아워,재개봉일 : 2026-09-09 2023-09-13,0.5%,"3,576","87,628"
2026-09-03 23:21:07,13,더 드라마,2026-09-09,0.5%,"3,537","1,615"
2026-09-03 23:21:07,14,이누야샤 극장판: 시대를 초월한 마음,2026-09-09,0.5%,"3,381",0
2026-09-03 23:21:07,15,포가튼 아일랜드,2026-09-23,0.4%,"2,669",0
2026-09-03 23:21:07,16,사랑의 하츄핑: 고래보석의 전설,2026-08-05,0.4%,"2,638","841,468"
2026-09-03 23:21:07,17,아이유 콘서트 : 더 위닝,재개봉일 : 2026-09-16 2025-01-24,0.4%,"2,526","75,872"
2026-09-03 23:21:07,18,인 더 그레이,2026-09-02,0.3%,"2,301","3,115"
2026-09-03 23:21:07,19,타짜: 벨제붑의 노래,2026-09-23,0.3%,"2,114",0
2026-09-03 23:21:07,20,명탐정 코난: 하이웨이의 타천사,2026-08-12,0.3%,"2,070","410,932"
2026-09-03 23:21:07,21,위커 맨: 파이널 컷,2026-08-19,0.3%,"1,943","15,588"
2026-09-03 23:21:07,22,마루 밑 아리에티,재개봉일 : 2026-08-19 2010-09-09,0.3%,"1,825","1,095,472"
2026-09-03 23:21:07,23,극장판 기븐 – 바다로,2026-08-26,0.3%,"1,800","6,632"
2026-09-03 23:21:07,24,오크 스트리트의 마지막 날,2026-08-26,0.2%,"1,730","121,310"
2026-09-03 23:21:07,25,핵소 고지,재개봉일 : 2026-09-02 2017-02-22,0.2%,"1,701","181,576"
2026-09-03 23:31:43,1,오디세이,2026-08-05,57.9%,"401,756","9,231,200"
2026-09-03 23:31:43,2,인턴,2026-09-16,7.1%,"49,383",0
2026-09-03 23:31:43,3,암살자(들),2026-09-23,6.8%,"47,556",0
2026-09-03 23:31:43,4,스파이더맨: 브랜드 뉴 데이,2026-07-29,5.6%,"38,871","8,626,135"
2026-09-03 23:31:43,5,옵세션,2026-09-02,3.5%,"24,031","24,894"
2026-09-03 23:31:43,6,비광,2026-09-02,2.6%,"18,363","17,831"
2026-09-03 23:31:43,7,경주기행,2026-08-26,2.6%,"18,170","238,503"
2026-09-03 23:31:43,8,싱 어게인,2026-09-02,2.0%,"13,631","11,889"
2026-09-03 23:31:43,9,호프,2026-07-15,1.2%,"8,115","4,537,884"
2026-09-03 23:31:43,10,딥 워터,2026-09-09,0.8%,"5,434",126
2026-09-03 23:31:43,11,모모와 다락방의 수상한 요괴들,재개봉일 : 2026-09-02 2012-07-05,0.6%,"3,981","302,945"
2026-09-03 23:31:43,12,아이유 콘서트 : 더 골든 아워,재개봉일 : 2026-09-09 2023-09-13,0.5%,"3,587","87,628"
2026-09-03 23:31:43,13,더 드라마,2026-09-09,0.5%,"3,542","1,615"
2026-09-03 23:31:43,14,이누야샤 극장판: 시대를 초월한 마음,2026-09-09,0.5%,"3,391",0
2026-09-03 23:31:43,15,포가튼 아일랜드,2026-09-23,0.4%,"2,669",0
2026-09-03 23:31:43,16,사랑의 하츄핑: 고래보석의 전설,2026-08-05,0.4%,"2,647","841,468"
2026-09-03 23:31:43,17,아이유 콘서트 : 더 위닝,재개봉일 : 2026-09-16 2025-01-24,0.4%,"2,553","75,872"
2026-09-03 23:31:43,18,인 더 그레이,2026-09-02,0.3%,"2,307","3,115"
2026-09-03 23:31:43,19,타짜: 벨제붑의 노래,2026-09-23,0.3%,"2,143",0
2026-09-03 23:31:43,20,명탐정 코난: 하이웨이의 타천사,2026-08-12,0.3%,"2,089","410,932"
2026-09-03 23:31:43,21,위커 맨: 파이널 컷,2026-08-19,0.3%,"1,949","15,588"
2026-09-03 23:31:43,22,마루 밑 아리에티,재개봉일 : 2026-08-19 2010-09-09,0.3%,"1,831","1,095,472"
2026-09-03 23:31:43,23,극장판 기븐 – 바다로,2026-08-26,0.3%,"1,801","6,632"
2026-09-03 23:31:43,24,오크 스트리트의 마지막 날,2026-08-26,0.3%,"1,740","121,310"
2026-09-03 23:31:43,25,핵소 고지,재개봉일 : 2026-09-02 2017-02-22,0.2%,"1,693","181,576"
2026-09-04 00:21:07,1,오디세이,2026-08-05,57.9%,"406,254","9,329,593"
2026-09-04 00:21:07,2,인턴,2026-09-16,7.0%,"49,461",0
2026-09-04 00:21:07,3,암살자(들),2026-09-23,6.8%,"47,605",145
2026-09-04 00:21:07,4,스파이더맨: 브랜드 뉴 데이,2026-07-29,5.6%,"39,611","8,645,352"
2026-09-04 00:21:07,5,옵세션,2026-09-02,3.6%,"25,082","46,640"
2026-09-04 00:21:07,6,비광,2026-09-02,2.6%,"18,436","30,542"
2026-09-04 00:21:07,7,경주기행,2026-08-26,2.6%,"18,333","248,129"
2026-09-04 00:21:07,8,싱 어게인,2026-09-02,2.0%,"13,860","21,537"
2026-09-04 00:21:07,9,호프,2026-07-15,1.2%,"8,173","4,538,441"
2026-09-04 00:21:07,10,딥 워터,2026-09-09,0.8%,"5,438",126
2026-09-04 00:21:07,11,모모와 다락방의 수상한 요괴들,재개봉일 : 2026-09-02 2012-07-05,0.6%,"4,006","304,593"
2026-09-04 00:21:07,12,아이유 콘서트 : 더 골든 아워,재개봉일 : 2026-09-09 2023-09-13,0.5%,"3,661","87,628"
2026-09-04 00:21:07,13,더 드라마,2026-09-09,0.5%,"3,571","1,615"
2026-09-04 00:21:07,14,이누야샤 극장판: 시대를 초월한 마음,2026-09-09,0.5%,"3,418",0
2026-09-04 00:21:07,15,아이유 콘서트 : 더 위닝,재개봉일 : 2026-09-16 2025-01-24,0.4%,"2,688","75,872"
2026-09-04 00:21:07,16,사랑의 하츄핑: 고래보석의 전설,2026-08-05,0.4%,"2,685","841,991"
2026-09-04 00:21:07,17,포가튼 아일랜드,2026-09-23,0.4%,"2,669",0
2026-09-04 00:21:07,18,인 더 그레이,2026-09-02,0.3%,"2,326","4,453"
2026-09-04 00:21:07,19,타짜: 벨제붑의 노래,2026-09-23,0.3%,"2,254",0
2026-09-04 00:21:07,20,명탐정 코난: 하이웨이의 타천사,2026-08-12,0.3%,"2,155","412,676"
2026-09-04 00:21:07,21,위커 맨: 파이널 컷,2026-08-19,0.3%,"1,969","16,002"
2026-09-04 00:21:07,22,마루 밑 아리에티,재개봉일 : 2026-08-19 2010-09-09,0.3%,"1,830","1,095,759"
2026-09-04 00:21:07,23,극장판 기븐 – 바다로,2026-08-26,0.3%,"1,810","6,904"
2026-09-04 00:21:07,24,오크 스트리트의 마지막 날,2026-08-26,0.3%,"1,772","122,988"
2026-09-04 00:21:07,25,핵소 고지,재개봉일 : 2026-09-02 2017-02-22,0.2%,"1,730","182,838"
2026-09-04 00:31:51,1,오디세이,2026-08-05,57.9%,"407,005","9,329,601"
2026-09-04 00:31:51,2,인턴,2026-09-16,7.0%,"49,466",0
2026-09-04 00:31:51,3,암살자(들),2026-09-23,6.8%,"47,630",145
2026-09-04 00:31:51,4,스파이더맨: 브랜드 뉴 데이,2026-07-29,5.7%,"39,781","8,645,353"
2026-09-04 00:31:51,5,옵세션,2026-09-02,3.6%,"25,271","46,640"
2026-09-04 00:31:51,6,비광,2026-09-02,2.6%,"18,460","30,544"
2026-09-04 00:31:51,7,경주기행,2026-08-26,2.6%,"18,364","248,129"
2026-09-04 00:31:51,8,싱 어게인,2026-09-02,2.0%,"13,922","21,542"
2026-09-04 00:31:51,9,호프,2026-07-15,1.2%,"8,180","4,538,441"
2026-09-04 00:31:51,10,딥 워터,2026-09-09,0.8%,"5,439",126
2026-09-04 00:31:51,11,모모와 다락방의 수상한 요괴들,재개봉일 : 2026-09-02 2012-07-05,0.6%,"4,006","304,593"
2026-09-04 00:31:51,12,아이유 콘서트 : 더 골든 아워,재개봉일 : 2026-09-09 2023-09-13,0.5%,"3,683","87,628"
2026-09-04 00:31:51,13,더 드라마,2026-09-09,0.5%,"3,576","1,615"
2026-09-04 00:31:51,14,이누야샤 극장판: 시대를 초월한 마음,2026-09-09,0.5%,"3,421",0
2026-09-04 00:31:51,15,아이유 콘서트 : 더 위닝,재개봉일 : 2026-09-16 2025-01-24,0.4%,"2,713","75,872"
2026-09-04 00:31:51,16,사랑의 하츄핑: 고래보석의 전설,2026-08-05,0.4%,"2,686","841,991"
2026-09-04 00:31:51,17,포가튼 아일랜드,2026-09-23,0.4%,"2,669",0
2026-09-04 00:31:51,18,인 더 그레이,2026-09-02,0.3%,"2,328","4,453"
2026-09-04 00:31:51,19,타짜: 벨제붑의 노래,2026-09-23,0.3%,"2,262",0
2026-09-04 00:31:51,20,명탐정 코난: 하이웨이의 타천사,2026-08-12,0.3%,"2,166","412,676"
2026-09-04 00:31:51,21,위커 맨: 파이널 컷,2026-08-19,0.3%,"1,979","16,002"
2026-09-04 00:31:51,22,마루 밑 아리에티,재개봉일 : 2026-08-19 2010-09-09,0.3%,"1,832","1,095,759"
2026-09-04 00:31:51,23,극장판 기븐 – 바다로,2026-08-26,0.3%,"1,813","6,904"
2026-09-04 00:31:51,24,오크 스트리트의 마지막 날,2026-08-26,0.3%,"1,784","122,988"
2026-09-04 00:31:51,25,핵소 고지,재개봉일 : 2026-09-02 2017-02-22,0.2%,"1,729","182,838"
2026-09-04 01:21:07,1,오디세이,2026-08-05,57.8%,"409,302","9,329,602"
2026-09-04 01:21:07,2,인턴,2026-09-16,7.0%,"49,528",0
2026-09-04 01:21:07,3,암살자(들),2026-09-23,6.7%,"47,653",145
2026-09-04 01:21:07,4,스파이더맨: 브랜드 뉴 데이,2026-07-29,5.7%,"40,225","8,645,356"
2026-09-04 01:21:07,5,옵세션,2026-09-02,3.7%,"26,029","46,652"
2026-09-04 01:21:07,6,비광,2026-09-02,2.6%,"18,480","30,546"
2026-09-04 01:21:07,7,경주기행,2026-08-26,2.6%,"18,465","248,131"
2026-09-04 01:21:07,8,싱 어게인,2026-09-02,2.0%,"14,067","21,548"
2026-09-04 01:21:07,9,호프,2026-07-15,1.2%,"8,215","4,538,441"
2026-09-04 01:21:07,10,딥 워터,2026-09-09,0.8%,"5,439",126
2026-09-04 01:21:07,11,모모와 다락방의 수상한 요괴들,재개봉일 : 2026-09-02 2012-07-05,0.6%,"4,022","304,593"
2026-09-04 01:21:07,12,아이유 콘서트 : 더 골든 아워,재개봉일 : 2026-09-09 2023-09-13,0.5%,"3,740","87,628"
2026-09-04 01:21:07,13,더 드라마,2026-09-09,0.5%,"3,595","1,615"
2026-09-04 01:21:07,14,이누야샤 극장판: 시대를 초월한 마음,2026-09-09,0.5%,"3,448",0
2026-09-04 01:21:07,15,아이유 콘서트 : 더 위닝,재개봉일 : 2026-09-16 2025-01-24,0.4%,"2,821","75,872"
2026-09-04 01:21:07,16,사랑의 하츄핑: 고래보석의 전설,2026-08-05,0.4%,"2,706","841,991"
2026-09-04 01:21:07,17,포가튼 아일랜드,2026-09-23,0.4%,"2,669",0
2026-09-04 01:21:07,18,인 더 그레이,2026-09-02,0.3%,"2,330","4,453"
2026-09-04 01:21:07,19,타짜: 벨제붑의 노래,2026-09-23,0.3%,"2,295",0
2026-09-04 01:21:07,20,명탐정 코난: 하이웨이의 타천사,2026-08-12,0.3%,"2,219","412,676"
2026-09-04 01:21:07,21,위커 맨: 파이널 컷,2026-08-19,0.3%,"1,985","16,002"
2026-09-04 01:21:07,22,극장판 기븐 – 바다로,2026-08-26,0.3%,"1,836","6,904"
2026-09-04 01:21:07,23,마루 밑 아리에티,재개봉일 : 2026-08-19 2010-09-09,0.3%,"1,830","1,095,759"
2026-09-04 01:21:07,24,오크 스트리트의 마지막 날,2026-08-26,0.3%,"1,810","122,990"
2026-09-04 01:21:07,25,핵소 고지,재개봉일 : 2026-09-02 2017-02-22,0.2%,"1,740","182,838"
2026-09-04 01:31:50,1,오디세이,2026-08-05,57.8%,"409,612","9,329,602"
2026-09-04 01:31:50,2,인턴,2026-09-16,7.0%,"49,535",0
2026-09-04 01:31:50,3,암살자(들),2026-09-23,6.7%,"47,653",145
2026-09-04 01:31:50,4,스파이더맨: 브랜드 뉴 데이,2026-07-29,5.7%,"40,279","8,645,356"
2026-09-04 01:31:50,5,옵세션,2026-09-02,3.7%,"26,111","46,653"
2026-09-04 01:31:50,6,경주기행,2026-08-26,2.6%,"18,484","248,131"
2026-09-04 01:31:50,7,비광,2026-09-02,2.6%,"18,477","30,546"
2026-09-04 01:31:50,8,싱 어게인,2026-09-02,2.0%,"14,089","21,548"
2026-09-04 01:31:50,9,호프,2026-07-15,1.2%,"8,215","4,538,441"
2026-09-04 01:31:50,10,딥 워터,2026-09-09,0.8%,"5,439",126
2026-09-04 01:31:50,11,모모와 다락방의 수상한 요괴들,재개봉일 : 2026-09-02 2012-07-05,0.6%,"4,022","304,593"
2026-09-04 01:31:50,12,아이유 콘서트 : 더 골든 아워,재개봉일 : 2026-09-09 2023-09-13,0.5%,"3,748","87,628"
2026-09-04 01:31:50,13,더 드라마,2026-09-09,0.5%,"3,599","1,615"
2026-09-04 01:31:50,14,이누야샤 극장판: 시대를 초월한 마음,2026-09-09,0.5%,"3,452",0
2026-09-04 01:31:50,15,아이유 콘서트 : 더 위닝,재개봉일 : 2026-09-16 2025-01-24,0.4%,"2,828","75,872"
2026-09-04 01:31:50,16,사랑의 하츄핑: 고래보석의 전설,2026-08-05,0.4%,"2,716","841,991"
2026-09-04 01:31:50,17,포가튼 아일랜드,2026-09-23,0.4%,"2,669",0
2026-09-04 01:31:50,18,인 더 그레이,2026-09-02,0.3%,"2,332","4,453"
2026-09-04 01:31:50,19,타짜: 벨제붑의 노래,2026-09-23,0.3%,"2,297",0
2026-09-04 01:31:50,20,명탐정 코난: 하이웨이의 타천사,2026-08-12,0.3%,"2,224","412,676"
2026-09-04 01:31:50,21,위커 맨: 파이널 컷,2026-08-19,0.3%,"1,986","16,002"
2026-09-04 01:31:50,22,극장판 기븐 – 바다로,2026-08-26,0.3%,"1,840","6,904"
2026-09-04 01:31:50,23,마루 밑 아리에티,재개봉일 : 2026-08-19 2010-09-09,0.3%,"1,827","1,095,759"
2026-09-04 01:31:50,24,오크 스트리트의 마지막 날,2026-08-26,0.3%,"1,810","122,990"
2026-09-04 01:31:50,25,핵소 고지,재개봉일 : 2026-09-02 2017-02-22,0.2%,"1,743","182,838"
2026-09-04 02:21:07,1,오디세이,2026-08-05,57.8%,"410,637","9,329,602"
2026-09-04 02:21:07,2,인턴,2026-09-16,7.0%,"49,559",0
2026-09-04 02:21:07,3,암살자(들),2026-09-23,6.7%,"47,672",145
2026-09-04 02:21:07,4,스파이더맨: 브랜드 뉴 데이,2026-07-29,5.7%,"40,447","8,645,358"
2026-09-04 02:21:07,5,옵세션,2026-09-02,3.7%,"26,465","46,653"
2026-09-04 02:21:07,6,경주기행,2026-08-26,2.6%,"18,531","248,131"
2026-09-04 02:21:07,7,비광,2026-09-02,2.6%,"18,500","30,546"
2026-09-04 02:21:07,8,싱 어게인,2026-09-02,2.0%,"14,167","21,548"
2026-09-04 02:21:07,9,호프,2026-07-15,1.2%,"8,242","4,538,441"
2026-09-04 02:21:07,10,딥 워터,2026-09-09,0.8%,"5,442",126
2026-09-04 02:21:07,11,모모와 다락방의 수상한 요괴들,재개봉일 : 2026-09-02 2012-07-05,0.6%,"4,037","304,593"
2026-09-04 02:21:07,12,아이유 콘서트 : 더 골든 아워,재개봉일 : 2026-09-09 2023-09-13,0.5%,"3,782","87,628"
2026-09-04 02:21:07,13,더 드라마,2026-09-09,0.5%,"3,615","1,615"
2026-09-04 02:21:07,14,이누야샤 극장판: 시대를 초월한 마음,2026-09-09,0.5%,"3,485",0
2026-09-04 02:21:07,15,아이유 콘서트 : 더 위닝,재개봉일 : 2026-09-16 2025-01-24,0.4%,"2,848","75,872"
2026-09-04 02:21:07,16,사랑의 하츄핑: 고래보석의 전설,2026-08-05,0.4%,"2,722","841,991"
2026-09-04 02:21:07,17,포가튼 아일랜드,2026-09-23,0.4%,"2,669",0
2026-09-04 02:21:07,18,타짜: 벨제붑의 노래,2026-09-23,0.3%,"2,348",0
2026-09-04 02:21:07,19,인 더 그레이,2026-09-02,0.3%,"2,335","4,453"
2026-09-04 02:21:07,20,명탐정 코난: 하이웨이의 타천사,2026-08-12,0.3%,"2,240","412,676"
2026-09-04 02:21:07,21,위커 맨: 파이널 컷,2026-08-19,0.3%,"1,993","16,002"
2026-09-04 02:21:07,22,극장판 기븐 – 바다로,2026-08-26,0.3%,"1,853","6,904"
2026-09-04 02:21:07,23,마루 밑 아리에티,재개봉일 : 2026-08-19 2010-09-09,0.3%,"1,831","1,095,759"
2026-09-04 02:21:07,24,오크 스트리트의 마지막 날,2026-08-26,0.3%,"1,822","122,990"
2026-09-04 02:21:07,25,핵소 고지,재개봉일 : 2026-09-02 2017-02-22,0.2%,"1,758","182,838"
2026-09-04 02:31:48,1,오디세이,2026-08-05,57.8%,"410,786","9,329,602"
2026-09-04 02:31:48,2,인턴,2026-09-16,7.0%,"49,559",0
2026-09-04 02:31:48,3,암살자(들),2026-09-23,6.7%,"47,674",145
2026-09-04 02:31:48,4,스파이더맨: 브랜드 뉴 데이,2026-07-29,5.7%,"40,470","8,645,358"
2026-09-04 02:31:48,5,옵세션,2026-09-02,3.7%,"26,514","46,653"
2026-09-04 02:31:48,6,경주기행,2026-08-26,2.6%,"18,535","248,131"
2026-09-04 02:31:48,7,비광,2026-09-02,2.6%,"18,506","30,546"
2026-09-04 02:31:48,8,싱 어게인,2026-09-02,2.0%,"14,167","21,548"
2026-09-04 02:31:48,9,호프,2026-07-15,1.2%,"8,248","4,538,441"
2026-09-04 02:31:48,10,딥 워터,2026-09-09,0.8%,"5,442",126
2026-09-04 02:31:48,11,모모와 다락방의 수상한 요괴들,재개봉일 : 2026-09-02 2012-07-05,0.6%,"4,036","304,593"
2026-09-04 02:31:48,12,아이유 콘서트 : 더 골든 아워,재개봉일 : 2026-09-09 2023-09-13,0.5%,"3,788","87,628"
2026-09-04 02:31:48,13,더 드라마,2026-09-09,0.5%,"3,618","1,615"
2026-09-04 02:31:48,14,이누야샤 극장판: 시대를 초월한 마음,2026-09-09,0.5%,"3,488",0
2026-09-04 02:31:48,15,아이유 콘서트 : 더 위닝,재개봉일 : 2026-09-16 2025-01-24,0.4%,"2,851","75,872"
2026-09-04 02:31:48,16,사랑의 하츄핑: 고래보석의 전설,2026-08-05,0.4%,"2,719","841,991"
2026-09-04 02:31:48,17,포가튼 아일랜드,2026-09-23,0.4%,"2,669",0
2026-09-04 02:31:48,18,타짜: 벨제붑의 노래,2026-09-23,0.3%,"2,394",0
2026-09-04 02:31:48,19,인 더 그레이,2026-09-02,0.3%,"2,338","4,453"
2026-09-04 02:31:48,20,명탐정 코난: 하이웨이의 타천사,2026-08-12,0.3%,"2,251","412,676"
2026-09-04 02:31:48,21,위커 맨: 파이널 컷,2026-08-19,0.3%,"1,996","16,002"
2026-09-04 02:31:48,22,극장판 기븐 – 바다로,2026-08-26,0.3%,"1,856","6,904"
2026-09-04 02:31:48,23,마루 밑 아리에티,재개봉일 : 2026-08-19 2010-09-09,0.3%,"1,828","1,095,759"
2026-09-04 02:31:48,24,오크 스트리트의 마지막 날,2026-08-26,0.3%,"1,825","122,990"
2026-09-04 02:31:48,25,핵소 고지,재개봉일 : 2026-09-02 2017-02-22,0.2%,"1,759","182,838"
2026-09-04 03:21:07,1,오디세이,2026-08-05,57.8%,"411,255","9,329,602"
2026-09-04 03:21:07,2,인턴,2026-09-16,7.0%,"49,575",0
2026-09-04 03:21:07,3,암살자(들),2026-09-23,6.7%,"47,669",145
2026-09-04 03:21:07,4,스파이더맨: 브랜드 뉴 데이,2026-07-29,5.7%,"40,592","8,645,358"
2026-09-04 03:21:07,5,옵세션,2026-09-02,3.7%,"26,681","46,653"
2026-09-04 03:21:07,6,경주기행,2026-08-26,2.6%,"18,553","248,131"
2026-09-04 03:21:07,7,비광,2026-09-02,2.6%,"18,517","30,546"
2026-09-04 03:21:07,8,싱 어게인,2026-09-02,2.0%,"14,200","21,548"
2026-09-04 03:21:07,9,호프,2026-07-15,1.2%,"8,276","4,538,441"
2026-09-04 03:21:07,10,딥 워터,2026-09-09,0.8%,"5,444",126
2026-09-04 03:21:07,11,모모와 다락방의 수상한 요괴들,재개봉일 : 2026-09-02 2012-07-05,0.6%,"4,043","304,593"
2026-09-04 03:21:07,12,아이유 콘서트 : 더 골든 아워,재개봉일 : 2026-09-09 2023-09-13,0.5%,"3,793","87,628"
2026-09-04 03:21:07,13,더 드라마,2026-09-09,0.5%,"3,621","1,615"
2026-09-04 03:21:07,14,이누야샤 극장판: 시대를 초월한 마음,2026-09-09,0.5%,"3,498",0
2026-09-04 03:21:07,15,아이유 콘서트 : 더 위닝,재개봉일 : 2026-09-16 2025-01-24,0.4%,"2,864","75,872"
2026-09-04 03:21:07,16,사랑의 하츄핑: 고래보석의 전설,2026-08-05,0.4%,"2,732","841,991"
2026-09-04 03:21:07,17,포가튼 아일랜드,2026-09-23,0.4%,"2,669",0
2026-09-04 03:21:07,18,타짜: 벨제붑의 노래,2026-09-23,0.3%,"2,394",0
2026-09-04 03:21:07,19,인 더 그레이,2026-09-02,0.3%,"2,338","4,453"
2026-09-04 03:21:07,20,명탐정 코난: 하이웨이의 타천사,2026-08-12,0.3%,"2,257","412,676"
2026-09-04 03:21:07,21,위커 맨: 파이널 컷,2026-08-19,0.3%,"2,003","16,002"
2026-09-04 03:21:07,22,극장판 기븐 – 바다로,2026-08-26,0.3%,"1,862","6,904"
2026-09-04 03:21:07,23,오크 스트리트의 마지막 날,2026-08-26,0.3%,"1,827","122,990"
2026-09-04 03:21:07,24,마루 밑 아리에티,재개봉일 : 2026-08-19 2010-09-09,0.3%,"1,825","1,095,759"
2026-09-04 03:21:07,25,핵소 고지,재개봉일 : 2026-09-02 2017-02-22,0.2%,"1,764","182,838"
2026-09-04 03:31:47,1,오디세이,2026-08-05,57.8%,"411,342","9,329,602"
2026-09-04 03:31:47,2,인턴,2026-09-16,7.0%,"49,579",0
2026-09-04 03:31:47,3,암살자(들),2026-09-23,6.7%,"47,678",145
2026-09-04 03:31:47,4,스파이더맨: 브랜드 뉴 데이,2026-07-29,5.7%,"40,597","8,645,358"
2026-09-04 03:31:47,5,옵세션,2026-09-02,3.7%,"26,705","46,653"
2026-09-04 03:31:47,6,경주기행,2026-08-26,2.6%,"18,550","248,131"
2026-09-04 03:31:47,7,비광,2026-09-02,2.6%,"18,516","30,546"
2026-09-04 03:31:47,8,싱 어게인,2026-09-02,2.0%,"14,202","21,548"
2026-09-04 03:31:47,9,호프,2026-07-15,1.2%,"8,279","4,538,441"
2026-09-04 03:31:47,10,딥 워터,2026-09-09,0.8%,"5,444",126
2026-09-04 03:31:47,11,모모와 다락방의 수상한 요괴들,재개봉일 : 2026-09-02 2012-07-05,0.6%,"4,043","304,593"
2026-09-04 03:31:47,12,아이유 콘서트 : 더 골든 아워,재개봉일 : 2026-09-09 2023-09-13,0.5%,"3,797","87,628"
2026-09-04 03:31:47,13,더 드라마,2026-09-09,0.5%,"3,622","1,615"
2026-09-04 03:31:47,14,이누야샤 극장판: 시대를 초월한 마음,2026-09-09,0.5%,"3,503",0
2026-09-04 03:31:47,15,아이유 콘서트 : 더 위닝,재개봉일 : 2026-09-16 2025-01-24,0.4%,"2,864","75,872"
2026-09-04 03:31:47,16,사랑의 하츄핑: 고래보석의 전설,2026-08-05,0.4%,"2,732","841,991"
2026-09-04 03:31:47,17,포가튼 아일랜드,2026-09-23,0.4%,"2,669",0
2026-09-04 03:31:47,18,타짜: 벨제붑의 노래,2026-09-23,0.3%,"2,395",0
2026-09-04 03:31:47,19,인 더 그레이,2026-09-02,0.3%,"2,338","4,453"
2026-09-04 03:31:47,20,명탐정 코난: 하이웨이의 타천사,2026-08-12,0.3%,"2,257","412,676"
2026-09-04 03:31:47,21,위커 맨: 파이널 컷,2026-08-19,0.3%,"2,005","16,002"
2026-09-04 03:31:47,22,극장판 기븐 – 바다로,2026-08-26,0.3%,"1,861","6,904"
2026-09-04 03:31:47,23,오크 스트리트의 마지막 날,2026-08-26,0.3%,"1,830","122,990"
2026-09-04 03:31:47,24,마루 밑 아리에티,재개봉일 : 2026-08-19 2010-09-09,0.3%,"1,825","1,095,759"
2026-09-04 03:31:47,25,핵소 고지,재개봉일 : 2026-09-02 2017-02-22,0.2%,"1,764","182,838"
2026-09-04 04:21:07,1,오디세이,2026-08-05,57.7%,"411,604","9,329,604"
2026-09-04 04:21:07,2,인턴,2026-09-16,7.0%,"49,593",0
2026-09-04 04:21:07,3,암살자(들),2026-09-23,6.7%,"47,677",145
2026-09-04 04:21:07,4,스파이더맨: 브랜드 뉴 데이,2026-07-29,5.7%,"40,683","8,645,358"
2026-09-04 04:21:07,5,옵세션,2026-09-02,3.8%,"26,804","46,653"
2026-09-04 04:21:07,6,경주기행,2026-08-26,2.6%,"18,563","248,131"
2026-09-04 04:21:07,7,비광,2026-09-02,2.6%,"18,518","30,547"
2026-09-04 04:21:07,8,싱 어게인,2026-09-02,2.0%,"14,217","21,548"
2026-09-04 04:21:07,9,호프,2026-07-15,1.2%,"8,284","4,538,441"
2026-09-04 04:21:07,10,딥 워터,2026-09-09,0.8%,"5,444",126
2026-09-04 04:21:07,11,모모와 다락방의 수상한 요괴들,재개봉일 : 2026-09-02 2012-07-05,0.6%,"4,046","304,593"
2026-09-04 04:21:07,12,아이유 콘서트 : 더 골든 아워,재개봉일 : 2026-09-09 2023-09-13,0.5%,"3,806","87,628"
2026-09-04 04:21:07,13,더 드라마,2026-09-09,0.5%,"3,625","1,615"
2026-09-04 04:21:07,14,이누야샤 극장판: 시대를 초월한 마음,2026-09-09,0.5%,"3,510",0
2026-09-04 04:21:07,15,아이유 콘서트 : 더 위닝,재개봉일 : 2026-09-16 2025-01-24,0.4%,"2,869","75,872"
2026-09-04 04:21:07,16,사랑의 하츄핑: 고래보석의 전설,2026-08-05,0.4%,"2,736","841,991"
2026-09-04 04:21:07,17,포가튼 아일랜드,2026-09-23,0.4%,"2,669",0
2026-09-04 04:21:07,18,타짜: 벨제붑의 노래,2026-09-23,0.3%,"2,418",0
2026-09-04 04:21:07,19,인 더 그레이,2026-09-02,0.3%,"2,340","4,453"
2026-09-04 04:21:07,20,명탐정 코난: 하이웨이의 타천사,2026-08-12,0.3%,"2,269","412,676"
2026-09-04 04:21:07,21,위커 맨: 파이널 컷,2026-08-19,0.3%,"2,005","16,002"
2026-09-04 04:21:07,22,극장판 기븐 – 바다로,2026-08-26,0.3%,"1,859","6,904"
2026-09-04 04:21:07,23,오크 스트리트의 마지막 날,2026-08-26,0.3%,"1,831","122,990"
2026-09-04 04:21:07,24,마루 밑 아리에티,재개봉일 : 2026-08-19 2010-09-09,0.3%,"1,822","1,095,759"
2026-09-04 04:21:07,25,핵소 고지,재개봉일 : 2026-09-02 2017-02-22,0.2%,"1,770","182,838"
2026-09-04 04:31:48,1,오디세이,2026-08-05,57.7%,"411,677","9,329,604"
2026-09-04 04:31:48,2,인턴,2026-09-16,7.0%,"49,595",0
2026-09-04 04:31:48,3,암살자(들),2026-09-23,6.7%,"47,677",145
2026-09-04 04:31:48,4,스파이더맨: 브랜드 뉴 데이,2026-07-29,5.7%,"40,692","8,645,358"
2026-09-04 04:31:48,5,옵세션,2026-09-02,3.8%,"26,817","46,653"
2026-09-04 04:31:48,6,경주기행,2026-08-26,2.6%,"18,570","248,131"
2026-09-04 04:31:48,7,비광,2026-09-02,2.6%,"18,524","30,547"
2026-09-04 04:31:48,8,싱 어게인,2026-09-02,2.0%,"14,219","21,548"
2026-09-04 04:31:48,9,호프,2026-07-15,1.2%,"8,285","4,538,441"
2026-09-04 04:31:48,10,딥 워터,2026-09-09,0.8%,"5,444",126
2026-09-04 04:31:48,11,모모와 다락방의 수상한 요괴들,재개봉일 : 2026-09-02 2012-07-05,0.6%,"4,046","304,593"
2026-09-04 04:31:48,12,아이유 콘서트 : 더 골든 아워,재개봉일 : 2026-09-09 2023-09-13,0.5%,"3,805","87,628"
2026-09-04 04:31:48,13,더 드라마,2026-09-09,0.5%,"3,625","1,615"
2026-09-04 04:31:48,14,이누야샤 극장판: 시대를 초월한 마음,2026-09-09,0.5%,"3,513",0
2026-09-04 04:31:48,15,아이유 콘서트 : 더 위닝,재개봉일 : 2026-09-16 2025-01-24,0.4%,"2,869","75,872"
2026-09-04 04:31:48,16,사랑의 하츄핑: 고래보석의 전설,2026-08-05,0.4%,"2,736","841,991"
2026-09-04 04:31:48,17,포가튼 아일랜드,2026-09-23,0.4%,"2,669",0
2026-09-04 04:31:48,18,타짜: 벨제붑의 노래,2026-09-23,0.3%,"2,418",0
2026-09-04 04:31:48,19,인 더 그레이,2026-09-02,0.3%,"2,341","4,453"
2026-09-04 04:31:48,20,명탐정 코난: 하이웨이의 타천사,2026-08-12,0.3%,"2,269","412,676"
2026-09-04 04:31:48,21,위커 맨: 파이널 컷,2026-08-19,0.3%,"2,008","16,002"
2026-09-04 04:31:48,22,극장판 기븐 – 바다로,2026-08-26,0.3%,"1,859","6,904"
2026-09-04 04:31:48,23,오크 스트리트의 마지막 날,2026-08-26,0.3%,"1,832","122,990"
2026-09-04 04:31:48,24,마루 밑 아리에티,재개봉일 : 2026-08-19 2010-09-09,0.3%,"1,822","1,095,759"
2026-09-04 04:31:48,25,핵소 고지,재개봉일 : 2026-09-02 2017-02-22,0.2%,"1,771","182,838"
2026-09-04 05:21:07,1,오디세이,2026-08-05,57.7%,"411,702","9,329,612"
2026-09-04 05:21:07,2,인턴,2026-09-16,7.0%,"49,609",0
2026-09-04 05:21:07,3,암살자(들),2026-09-23,6.7%,"47,676",145
2026-09-04 05:21:07,4,스파이더맨: 브랜드 뉴 데이,2026-07-29,5.7%,"40,717","8,645,360"
2026-09-04 05:21:07,5,옵세션,2026-09-02,3.8%,"26,878","46,653"
2026-09-04 05:21:07,6,경주기행,2026-08-26,2.6%,"18,581","248,181"
2026-09-04 05:21:07,7,비광,2026-09-02,2.6%,"18,532","30,557"
2026-09-04 05:21:07,8,싱 어게인,2026-09-02,2.0%,"14,228","21,549"
2026-09-04 05:21:07,9,호프,2026-07-15,1.2%,"8,292","4,538,441"
2026-09-04 05:21:07,10,딥 워터,2026-09-09,0.8%,"5,444",126
2026-09-04 05:21:07,11,모모와 다락방의 수상한 요괴들,재개봉일 : 2026-09-02 2012-07-05,0.6%,"4,049","304,593"
2026-09-04 05:21:07,12,아이유 콘서트 : 더 골든 아워,재개봉일 : 2026-09-09 2023-09-13,0.5%,"3,816","87,628"
2026-09-04 05:21:07,13,더 드라마,2026-09-09,0.5%,"3,627","1,615"
2026-09-04 05:21:07,14,이누야샤 극장판: 시대를 초월한 마음,2026-09-09,0.5%,"3,517",0
2026-09-04 05:21:07,15,아이유 콘서트 : 더 위닝,재개봉일 : 2026-09-16 2025-01-24,0.4%,"2,878","75,872"
2026-09-04 05:21:07,16,사랑의 하츄핑: 고래보석의 전설,2026-08-05,0.4%,"2,739","841,994"
2026-09-04 05:21:07,17,포가튼 아일랜드,2026-09-23,0.4%,"2,669",0
2026-09-04 05:21:07,18,타짜: 벨제붑의 노래,2026-09-23,0.3%,"2,418",0
2026-09-04 05:21:07,19,인 더 그레이,2026-09-02,0.3%,"2,342","4,453"
2026-09-04 05:21:07,20,명탐정 코난: 하이웨이의 타천사,2026-08-12,0.3%,"2,262","412,676"
2026-09-04 05:21:07,21,위커 맨: 파이널 컷,2026-08-19,0.3%,"2,007","16,002"
2026-09-04 05:21:07,22,극장판 기븐 – 바다로,2026-08-26,0.3%,"1,859","6,904"
2026-09-04 05:21:07,23,오크 스트리트의 마지막 날,2026-08-26,0.3%,"1,834","122,993"
2026-09-04 05:21:07,24,마루 밑 아리에티,재개봉일 : 2026-08-19 2010-09-09,0.3%,"1,821","1,095,759"
2026-09-04 05:21:07,25,핵소 고지,재개봉일 : 2026-09-02 2017-02-22,0.2%,"1,772","182,838"
2026-09-04 05:31:49,1,오디세이,2026-08-05,57.7%,"411,744","9,329,612"
2026-09-04 05:31:49,2,인턴,2026-09-16,7.0%,"49,611",0
2026-09-04 05:31:49,3,암살자(들),2026-09-23,6.7%,"47,679",145
2026-09-04 05:31:49,4,스파이더맨: 브랜드 뉴 데이,2026-07-29,5.7%,"40,726","8,645,360"
2026-09-04 05:31:49,5,옵세션,2026-09-02,3.8%,"26,889","46,653"
2026-09-04 05:31:49,6,경주기행,2026-08-26,2.6%,"18,586","248,181"
2026-09-04 05:31:49,7,비광,2026-09-02,2.6%,"18,537","30,557"
2026-09-04 05:31:49,8,싱 어게인,2026-09-02,2.0%,"14,232","21,549"
2026-09-04 05:31:49,9,호프,2026-07-15,1.2%,"8,295","4,538,441"
2026-09-04 05:31:49,10,딥 워터,2026-09-09,0.8%,"5,444",126
2026-09-04 05:31:49,11,모모와 다락방의 수상한 요괴들,재개봉일 : 2026-09-02 2012-07-05,0.6%,"4,049","304,593"
2026-09-04 05:31:49,12,아이유 콘서트 : 더 골든 아워,재개봉일 : 2026-09-09 2023-09-13,0.5%,"3,819","87,628"
2026-09-04 05:31:49,13,더 드라마,2026-09-09,0.5%,"3,628","1,615"
2026-09-04 05:31:49,14,이누야샤 극장판: 시대를 초월한 마음,2026-09-09,0.5%,"3,518",0
2026-09-04 05:31:49,15,아이유 콘서트 : 더 위닝,재개봉일 : 2026-09-16 2025-01-24,0.4%,"2,878","75,872"
2026-09-04 05:31:49,16,사랑의 하츄핑: 고래보석의 전설,2026-08-05,0.4%,"2,742","841,994"
2026-09-04 05:31:49,17,포가튼 아일랜드,2026-09-23,0.4%,"2,669",0
2026-09-04 05:31:49,18,타짜: 벨제붑의 노래,2026-09-23,0.3%,"2,422",0
2026-09-04 05:31:49,19,인 더 그레이,2026-09-02,0.3%,"2,342","4,453"
2026-09-04 05:31:49,20,명탐정 코난: 하이웨이의 타천사,2026-08-12,0.3%,"2,262","412,676"
2026-09-04 05:31:49,21,위커 맨: 파이널 컷,2026-08-19,0.3%,"2,007","16,002"
2026-09-04 05:31:49,22,극장판 기븐 – 바다로,2026-08-26,0.3%,"1,858","6,904"
2026-09-04 05:31:49,23,오크 스트리트의 마지막 날,2026-08-26,0.3%,"1,837","122,993"
2026-09-04 05:31:49,24,마루 밑 아리에티,재개봉일 : 2026-08-19 2010-09-09,0.3%,"1,821","1,095,759"
2026-09-04 05:31:49,25,핵소 고지,재개봉일 : 2026-09-02 2017-02-22,0.2%,"1,772","182,838"
2026-09-04 06:21:07,1,오디세이,2026-08-05,57.7%,"410,750","9,329,612"
2026-09-04 06:21:07,2,인턴,2026-09-16,7.0%,"49,619",0
2026-09-04 06:21:07,3,암살자(들),2026-09-23,6.7%,"47,689",145
2026-09-04 06:21:07,4,스파이더맨: 브랜드 뉴 데이,2026-07-29,5.7%,"40,710","8,645,360"
2026-09-04 06:21:07,5,옵세션,2026-09-02,3.8%,"26,932","46,653"
2026-09-04 06:21:07,6,경주기행,2026-08-26,2.6%,"18,585","248,181"
2026-09-04 06:21:07,7,비광,2026-09-02,2.6%,"18,542","30,557"
2026-09-04 06:21:07,8,싱 어게인,2026-09-02,2.0%,"14,223","21,549"
2026-09-04 06:21:07,9,호프,2026-07-15,1.2%,"8,300","4,538,441"
2026-09-04 06:21:07,10,딥 워터,2026-09-09,0.8%,"5,445",126
2026-09-04 06:21:07,11,모모와 다락방의 수상한 요괴들,재개봉일 : 2026-09-02 2012-07-05,0.6%,"4,050","304,593"
2026-09-04 06:21:07,12,아이유 콘서트 : 더 골든 아워,재개봉일 : 2026-09-09 2023-09-13,0.5%,"3,823","87,628"
2026-09-04 06:21:07,13,더 드라마,2026-09-09,0.5%,"3,630","1,615"
2026-09-04 06:21:07,14,이누야샤 극장판: 시대를 초월한 마음,2026-09-09,0.5%,"3,522",0
2026-09-04 06:21:07,15,아이유 콘서트 : 더 위닝,재개봉일 : 2026-09-16 2025-01-24,0.4%,"2,888","75,872"
2026-09-04 06:21:07,16,사랑의 하츄핑: 고래보석의 전설,2026-08-05,0.4%,"2,747","841,994"
2026-09-04 06:21:07,17,포가튼 아일랜드,2026-09-23,0.4%,"2,669",0
2026-09-04 06:21:07,18,타짜: 벨제붑의 노래,2026-09-23,0.3%,"2,427",0
2026-09-04 06:21:07,19,인 더 그레이,2026-09-02,0.3%,"2,344","4,453"
2026-09-04 06:21:07,20,명탐정 코난: 하이웨이의 타천사,2026-08-12,0.3%,"2,262","412,676"
2026-09-04 06:21:07,21,위커 맨: 파이널 컷,2026-08-19,0.3%,"2,010","16,002"
2026-09-04 06:21:07,22,극장판 기븐 – 바다로,2026-08-26,0.3%,"1,855","6,904"
2026-09-04 06:21:07,23,오크 스트리트의 마지막 날,2026-08-26,0.3%,"1,832","122,993"
2026-09-04 06:21:07,24,마루 밑 아리에티,재개봉일 : 2026-08-19 2010-09-09,0.3%,"1,822","1,095,759"
2026-09-04 06:21:07,25,핵소 고지,재개봉일 : 2026-09-02 2017-02-22,0.2%,"1,769","182,838"
2026-09-04 06:31:48,1,오디세이,2026-08-05,57.7%,"410,853","9,329,612"
2026-09-04 06:31:48,2,인턴,2026-09-16,7.0%,"49,622",0
2026-09-04 06:31:48,3,암살자(들),2026-09-23,6.7%,"47,686",145
2026-09-04 06:31:48,4,스파이더맨: 브랜드 뉴 데이,2026-07-29,5.7%,"40,735","8,645,360"
2026-09-04 06:31:48,5,옵세션,2026-09-02,3.8%,"26,951","46,653"
2026-09-04 06:31:48,6,경주기행,2026-08-26,2.6%,"18,590","248,181"
2026-09-04 06:31:48,7,비광,2026-09-02,2.6%,"18,548","30,557"
2026-09-04 06:31:48,8,싱 어게인,2026-09-02,2.0%,"14,229","21,549"
2026-09-04 06:31:48,9,호프,2026-07-15,1.2%,"8,301","4,538,441"
2026-09-04 06:31:48,10,딥 워터,2026-09-09,0.8%,"5,445",126
2026-09-04 06:31:48,11,모모와 다락방의 수상한 요괴들,재개봉일 : 2026-09-02 2012-07-05,0.6%,"4,050","304,593"
2026-09-04 06:31:48,12,아이유 콘서트 : 더 골든 아워,재개봉일 : 2026-09-09 2023-09-13,0.5%,"3,825","87,628"
2026-09-04 06:31:48,13,더 드라마,2026-09-09,0.5%,"3,631","1,615"
2026-09-04 06:31:48,14,이누야샤 극장판: 시대를 초월한 마음,2026-09-09,0.5%,"3,526",0
2026-09-04 06:31:48,15,아이유 콘서트 : 더 위닝,재개봉일 : 2026-09-16 2025-01-24,0.4%,"2,895","75,872"
2026-09-04 06:31:48,16,사랑의 하츄핑: 고래보석의 전설,2026-08-05,0.4%,"2,751","841,994"
2026-09-04 06:31:48,17,포가튼 아일랜드,2026-09-23,0.4%,"2,669",0
2026-09-04 06:31:48,18,타짜: 벨제붑의 노래,2026-09-23,0.3%,"2,426",0
2026-09-04 06:31:48,19,인 더 그레이,2026-09-02,0.3%,"2,342","4,453"
2026-09-04 06:31:48,20,명탐정 코난: 하이웨이의 타천사,2026-08-12,0.3%,"2,264","412,676"
2026-09-04 06:31:48,21,위커 맨: 파이널 컷,2026-08-19,0.3%,"2,011","16,002"
2026-09-04 06:31:48,22,극장판 기븐 – 바다로,2026-08-26,0.3%,"1,853","6,904"
2026-09-04 06:31:48,23,오크 스트리트의 마지막 날,2026-08-26,0.3%,"1,833","122,993"
2026-09-04 06:31:48,24,마루 밑 아리에티,재개봉일 : 2026-08-19 2010-09-09,0.3%,"1,819","1,095,759"
2026-09-04 06:31:48,25,핵소 고지,재개봉일 : 2026-09-02 2017-02-22,0.2%,"1,769","182,838"
2026-09-04 07:21:07,1,오디세이,2026-08-05,57.5%,"409,088","9,329,612"
2026-09-04 07:21:07,2,인턴,2026-09-16,7.0%,"49,651",0
2026-09-04 07:21:07,3,암살자(들),2026-09-23,6.7%,"47,679",145
2026-09-04 07:21:07,4,스파이더맨: 브랜드 뉴 데이,2026-07-29,5.7%,"40,785","8,645,360"
2026-09-04 07:21:07,5,옵세션,2026-09-02,3.8%,"27,035","46,653"
2026-09-04 07:21:07,6,경주기행,2026-08-26,2.6%,"18,638","248,181"
2026-09-04 07:21:07,7,비광,2026-09-02,2.6%,"18,573","30,557"
2026-09-04 07:21:07,8,싱 어게인,2026-09-02,2.0%,"14,285","21,549"
2026-09-04 07:21:07,9,호프,2026-07-15,1.2%,"8,312","4,538,441"
2026-09-04 07:21:07,10,딥 워터,2026-09-09,0.8%,"5,444",126
2026-09-04 07:21:07,11,모모와 다락방의 수상한 요괴들,재개봉일 : 2026-09-02 2012-07-05,0.6%,"4,059","304,593"
2026-09-04 07:21:07,12,아이유 콘서트 : 더 골든 아워,재개봉일 : 2026-09-09 2023-09-13,0.5%,"3,843","87,628"
2026-09-04 07:21:07,13,더 드라마,2026-09-09,0.5%,"3,645","1,615"
2026-09-04 07:21:07,14,이누야샤 극장판: 시대를 초월한 마음,2026-09-09,0.5%,"3,534",0
2026-09-04 07:21:07,15,아이유 콘서트 : 더 위닝,재개봉일 : 2026-09-16 2025-01-24,0.4%,"2,916","75,872"
2026-09-04 07:21:07,16,사랑의 하츄핑: 고래보석의 전설,2026-08-05,0.4%,"2,776","841,994"
2026-09-04 07:21:07,17,포가튼 아일랜드,2026-09-23,0.4%,"2,669",0
2026-09-04 07:21:07,18,타짜: 벨제붑의 노래,2026-09-23,0.4%,"2,498",0
2026-09-04 07:21:07,19,인 더 그레이,2026-09-02,0.3%,"2,327","4,453"
2026-09-04 07:21:07,20,명탐정 코난: 하이웨이의 타천사,2026-08-12,0.3%,"2,249","412,676"
2026-09-04 07:21:07,21,위커 맨: 파이널 컷,2026-08-19,0.3%,"1,996","16,002"
2026-09-04 07:21:07,22,극장판 기븐 – 바다로,2026-08-26,0.3%,"1,852","6,904"
2026-09-04 07:21:07,23,오크 스트리트의 마지막 날,2026-08-26,0.3%,"1,830","122,993"
2026-09-04 07:21:07,24,마루 밑 아리에티,재개봉일 : 2026-08-19 2010-09-09,0.3%,"1,813","1,095,759"
2026-09-04 07:21:07,25,핵소 고지,재개봉일 : 2026-09-02 2017-02-22,0.2%,"1,770","182,838"
2026-09-04 07:31:49,1,오디세이,2026-08-05,57.5%,"408,989","9,329,612"
2026-09-04 07:31:49,2,인턴,2026-09-16,7.0%,"49,658",0
2026-09-04 07:31:49,3,암살자(들),2026-09-23,6.7%,"47,690",145
2026-09-04 07:31:49,4,스파이더맨: 브랜드 뉴 데이,2026-07-29,5.7%,"40,774","8,645,360"
2026-09-04 07:31:49,5,옵세션,2026-09-02,3.8%,"27,046","46,653"
2026-09-04 07:31:49,6,경주기행,2026-08-26,2.6%,"18,643","248,181"
2026-09-04 07:31:49,7,비광,2026-09-02,2.6%,"18,550","30,557"
2026-09-04 07:31:49,8,싱 어게인,2026-09-02,2.0%,"14,285","21,549"
2026-09-04 07:31:49,9,호프,2026-07-15,1.2%,"8,321","4,538,441"
2026-09-04 07:31:49,10,딥 워터,2026-09-09,0.8%,"5,444",126
2026-09-04 07:31:49,11,모모와 다락방의 수상한 요괴들,재개봉일 : 2026-09-02 2012-07-05,0.6%,"4,062","304,593"
2026-09-04 07:31:49,12,아이유 콘서트 : 더 골든 아워,재개봉일 : 2026-09-09 2023-09-13,0.5%,"3,841","87,628"
2026-09-04 07:31:49,13,더 드라마,2026-09-09,0.5%,"3,648","1,615"
2026-09-04 07:31:49,14,이누야샤 극장판: 시대를 초월한 마음,2026-09-09,0.5%,"3,538",0
2026-09-04 07:31:49,15,아이유 콘서트 : 더 위닝,재개봉일 : 2026-09-16 2025-01-24,0.4%,"2,919","75,872"
2026-09-04 07:31:49,16,사랑의 하츄핑: 고래보석의 전설,2026-08-05,0.4%,"2,779","841,994"
2026-09-04 07:31:49,17,포가튼 아일랜드,2026-09-23,0.4%,"2,669",0
2026-09-04 07:31:49,18,타짜: 벨제붑의 노래,2026-09-23,0.4%,"2,559",0
2026-09-04 07:31:49,19,인 더 그레이,2026-09-02,0.3%,"2,334","4,453"
2026-09-04 07:31:49,20,명탐정 코난: 하이웨이의 타천사,2026-08-12,0.3%,"2,241","412,676"
2026-09-04 07:31:49,21,위커 맨: 파이널 컷,2026-08-19,0.3%,"1,998","16,002"
2026-09-04 07:31:49,22,극장판 기븐 – 바다로,2026-08-26,0.3%,"1,839","6,904"
2026-09-04 07:31:49,23,오크 스트리트의 마지막 날,2026-08-26,0.3%,"1,827","122,993"
2026-09-04 07:31:49,24,마루 밑 아리에티,재개봉일 : 2026-08-19 2010-09-09,0.3%,"1,814","1,095,759"
2026-09-04 07:31:49,25,핵소 고지,재개봉일 : 2026-09-02 2017-02-22,0.2%,"1,741","182,838"
2026-09-04 08:21:07,1,오디세이,2026-08-05,57.4%,"405,322","9,329,609"
2026-09-04 08:21:07,2,인턴,2026-09-16,7.0%,"49,690",0
2026-09-04 08:21:07,3,암살자(들),2026-09-23,6.8%,"47,693",145
2026-09-04 08:21:07,4,스파이더맨: 브랜드 뉴 데이,2026-07-29,5.7%,"40,267","8,645,360"
2026-09-04 08:21:07,5,옵세션,2026-09-02,3.8%,"27,160","46,653"
2026-09-04 08:21:07,6,비광,2026-09-02,2.6%,"18,498","30,557"
2026-09-04 08:21:07,7,경주기행,2026-08-26,2.6%,"18,457","248,181"
2026-09-04 08:21:07,8,싱 어게인,2026-09-02,2.0%,"14,170","21,549"
2026-09-04 08:21:07,9,호프,2026-07-15,1.2%,"8,305","4,538,441"
2026-09-04 08:21:07,10,딥 워터,2026-09-09,0.8%,"5,446",126
2026-09-04 08:21:07,11,모모와 다락방의 수상한 요괴들,재개봉일 : 2026-09-02 2012-07-05,0.6%,"4,060","304,593"
2026-09-04 08:21:07,12,아이유 콘서트 : 더 골든 아워,재개봉일 : 2026-09-09 2023-09-13,0.5%,"3,863","87,628"
2026-09-04 08:21:07,13,더 드라마,2026-09-09,0.5%,"3,653","1,615"
2026-09-04 08:21:07,14,이누야샤 극장판: 시대를 초월한 마음,2026-09-09,0.5%,"3,555",0
2026-09-04 08:21:07,15,아이유 콘서트 : 더 위닝,재개봉일 : 2026-09-16 2025-01-24,0.4%,"2,946","75,872"
2026-09-04 08:21:07,16,사랑의 하츄핑: 고래보석의 전설,2026-08-05,0.4%,"2,812","841,994"
2026-09-04 08:21:07,17,포가튼 아일랜드,2026-09-23,0.4%,"2,669",0
2026-09-04 08:21:07,18,타짜: 벨제붑의 노래,2026-09-23,0.4%,"2,580",0
2026-09-04 08:21:07,19,인 더 그레이,2026-09-02,0.3%,"2,324","4,453"
2026-09-04 08:21:07,20,명탐정 코난: 하이웨이의 타천사,2026-08-12,0.3%,"2,173","412,677"
2026-09-04 08:21:07,21,위커 맨: 파이널 컷,2026-08-19,0.3%,"1,976","16,002"
2026-09-04 08:21:07,22,극장판 기븐 – 바다로,2026-08-26,0.3%,"1,832","6,904"
2026-09-04 08:21:07,23,오크 스트리트의 마지막 날,2026-08-26,0.3%,"1,814","122,993"
2026-09-04 08:21:07,24,마루 밑 아리에티,재개봉일 : 2026-08-19 2010-09-09,0.3%,"1,806","1,095,759"
2026-09-04 08:21:07,25,핵소 고지,재개봉일 : 2026-09-02 2017-02-22,0.2%,"1,746","182,838"
2026-09-04 08:31:49,1,오디세이,2026-08-05,57.4%,"405,504","9,329,609"
2026-09-04 08:31:49,2,인턴,2026-09-16,7.0%,"49,691",0
2026-09-04 08:31:49,3,암살자(들),2026-09-23,6.7%,"47,704",145
2026-09-04 08:31:49,4,스파이더맨: 브랜드 뉴 데이,2026-07-29,5.7%,"40,252","8,645,360"
2026-09-04 08:31:49,5,옵세션,2026-09-02,3.9%,"27,251","46,653"
2026-09-04 08:31:49,6,비광,2026-09-02,2.6%,"18,491","30,557"
2026-09-04 08:31:49,7,경주기행,2026-08-26,2.6%,"18,460","248,181"
2026-09-04 08:31:49,8,싱 어게인,2026-09-02,2.0%,"14,139","21,549"
2026-09-04 08:31:49,9,호프,2026-07-15,1.2%,"8,309","4,538,441"
2026-09-04 08:31:49,10,딥 워터,2026-09-09,0.8%,"5,446",126
2026-09-04 08:31:49,11,모모와 다락방의 수상한 요괴들,재개봉일 : 2026-09-02 2012-07-05,0.6%,"4,048","304,593"
2026-09-04 08:31:49,12,아이유 콘서트 : 더 골든 아워,재개봉일 : 2026-09-09 2023-09-13,0.5%,"3,869","87,628"
2026-09-04 08:31:49,13,더 드라마,2026-09-09,0.5%,"3,659","1,615"
2026-09-04 08:31:49,14,이누야샤 극장판: 시대를 초월한 마음,2026-09-09,0.5%,"3,562",0
2026-09-04 08:31:49,15,아이유 콘서트 : 더 위닝,재개봉일 : 2026-09-16 2025-01-24,0.4%,"2,972","75,872"
2026-09-04 08:31:49,16,사랑의 하츄핑: 고래보석의 전설,2026-08-05,0.4%,"2,821","841,994"
2026-09-04 08:31:49,17,포가튼 아일랜드,2026-09-23,0.4%,"2,669",0
2026-09-04 08:31:49,18,타짜: 벨제붑의 노래,2026-09-23,0.4%,"2,596",0
2026-09-04 08:31:49,19,인 더 그레이,2026-09-02,0.3%,"2,330","4,453"
2026-09-04 08:31:49,20,명탐정 코난: 하이웨이의 타천사,2026-08-12,0.3%,"2,168","412,677"
2026-09-04 08:31:49,21,위커 맨: 파이널 컷,2026-08-19,0.3%,"1,976","16,002"
2026-09-04 08:31:49,22,극장판 기븐 – 바다로,2026-08-26,0.3%,"1,831","6,904"
2026-09-04 08:31:49,23,마루 밑 아리에티,재개봉일 : 2026-08-19 2010-09-09,0.3%,"1,806","1,095,759"
2026-09-04 08:31:49,24,오크 스트리트의 마지막 날,2026-08-26,0.3%,"1,800","122,993"
2026-09-04 08:31:49,25,핵소 고지,재개봉일 : 2026-09-02 2017-02-22,0.2%,"1,747","182,838"
2026-09-04 09:21:07,1,오디세이,2026-08-05,57.3%,"404,279","9,329,609"
2026-09-04 09:21:07,2,인턴,2026-09-16,7.1%,"49,775",0
2026-09-04 09:21:07,3,암살자(들),2026-09-23,6.8%,"47,712",145
2026-09-04 09:21:07,4,스파이더맨: 브랜드 뉴 데이,2026-07-29,5.7%,"40,130","8,645,360"
2026-09-04 09:21:07,5,옵세션,2026-09-02,3.9%,"27,560","46,653"
2026-09-04 09:21:07,6,비광,2026-09-02,2.6%,"18,471","30,557"
2026-09-04 09:21:07,7,경주기행,2026-08-26,2.6%,"18,285","248,181"
2026-09-04 09:21:07,8,싱 어게인,2026-09-02,2.0%,"14,098","21,549"
2026-09-04 09:21:07,9,호프,2026-07-15,1.2%,"8,338","4,538,441"
2026-09-04 09:21:07,10,딥 워터,2026-09-09,0.8%,"5,447",126
2026-09-04 09:21:07,11,모모와 다락방의 수상한 요괴들,재개봉일 : 2026-09-02 2012-07-05,0.6%,"4,038","304,593"
2026-09-04 09:21:07,12,아이유 콘서트 : 더 골든 아워,재개봉일 : 2026-09-09 2023-09-13,0.6%,"3,931","87,628"
2026-09-04 09:21:07,13,더 드라마,2026-09-09,0.5%,"3,690","1,615"
2026-09-04 09:21:07,14,이누야샤 극장판: 시대를 초월한 마음,2026-09-09,0.5%,"3,577",0
2026-09-04 09:21:07,15,아이유 콘서트 : 더 위닝,재개봉일 : 2026-09-16 2025-01-24,0.4%,"3,031","75,872"
2026-09-04 09:21:07,16,사랑의 하츄핑: 고래보석의 전설,2026-08-05,0.4%,"2,875","841,994"
2026-09-04 09:21:07,17,타짜: 벨제붑의 노래,2026-09-23,0.4%,"2,695",0
2026-09-04 09:21:07,18,포가튼 아일랜드,2026-09-23,0.4%,"2,669",0
2026-09-04 09:21:07,19,인 더 그레이,2026-09-02,0.3%,"2,325","4,453"
2026-09-04 09:21:07,20,명탐정 코난: 하이웨이의 타천사,2026-08-12,0.3%,"2,123","412,677"
2026-09-04 09:21:07,21,위커 맨: 파이널 컷,2026-08-19,0.3%,"1,972","16,002"
2026-09-04 09:21:07,22,극장판 기븐 – 바다로,2026-08-26,0.3%,"1,826","6,904"
2026-09-04 09:21:07,23,오크 스트리트의 마지막 날,2026-08-26,0.3%,"1,822","122,993"
2026-09-04 09:21:07,24,마루 밑 아리에티,재개봉일 : 2026-08-19 2010-09-09,0.3%,"1,802","1,095,759"
2026-09-04 09:21:07,25,핵소 고지,재개봉일 : 2026-09-02 2017-02-22,0.2%,"1,730","182,838"
2026-09-04 09:31:53,1,오디세이,2026-08-05,57.3%,"404,544","9,329,607"
2026-09-04 09:31:53,2,인턴,2026-09-16,7.0%,"49,786",0
2026-09-04 09:31:53,3,암살자(들),2026-09-23,6.8%,"47,711",145
2026-09-04 09:31:53,4,스파이더맨: 브랜드 뉴 데이,2026-07-29,5.7%,"40,231","8,645,360"
2026-09-04 09:31:53,5,옵세션,2026-09-02,3.9%,"27,632","46,653"
2026-09-04 09:31:53,6,비광,2026-09-02,2.6%,"18,481","30,557"
2026-09-04 09:31:53,7,경주기행,2026-08-26,2.6%,"18,265","248,181"
2026-09-04 09:31:53,8,싱 어게인,2026-09-02,2.0%,"14,040","21,549"
2026-09-04 09:31:53,9,호프,2026-07-15,1.2%,"8,340","4,538,441"
2026-09-04 09:31:53,10,딥 워터,2026-09-09,0.8%,"5,448",126
2026-09-04 09:31:53,11,모모와 다락방의 수상한 요괴들,재개봉일 : 2026-09-02 2012-07-05,0.6%,"4,036","304,593"
2026-09-04 09:31:53,12,아이유 콘서트 : 더 골든 아워,재개봉일 : 2026-09-09 2023-09-13,0.6%,"3,946","87,628"
2026-09-04 09:31:53,13,더 드라마,2026-09-09,0.5%,"3,691","1,615"
2026-09-04 09:31:53,14,이누야샤 극장판: 시대를 초월한 마음,2026-09-09,0.5%,"3,581",0
2026-09-04 09:31:53,15,아이유 콘서트 : 더 위닝,재개봉일 : 2026-09-16 2025-01-24,0.4%,"3,049","75,872"
2026-09-04 09:31:53,16,사랑의 하츄핑: 고래보석의 전설,2026-08-05,0.4%,"2,888","841,994"
2026-09-04 09:31:53,17,타짜: 벨제붑의 노래,2026-09-23,0.4%,"2,703",0
2026-09-04 09:31:53,18,포가튼 아일랜드,2026-09-23,0.4%,"2,669",0
2026-09-04 09:31:53,19,인 더 그레이,2026-09-02,0.3%,"2,319","4,453"
2026-09-04 09:31:53,20,명탐정 코난: 하이웨이의 타천사,2026-08-12,0.3%,"2,133","412,677"
2026-09-04 09:31:53,21,위커 맨: 파이널 컷,2026-08-19,0.3%,"1,974","16,002"
2026-09-04 09:31:53,22,극장판 기븐 – 바다로,2026-08-26,0.3%,"1,827","6,904"
2026-09-04 09:31:53,23,오크 스트리트의 마지막 날,2026-08-26,0.3%,"1,823","122,993"
2026-09-04 09:31:53,24,마루 밑 아리에티,재개봉일 : 2026-08-19 2010-09-09,0.3%,"1,803","1,095,759"
2026-09-04 09:31:53,25,핵소 고지,재개봉일 : 2026-09-02 2017-02-22,0.2%,"1,728","182,838"
2026-09-04 10:21:07,1,오디세이,2026-08-05,57.3%,"407,017","9,329,607"
2026-09-04 10:21:07,2,인턴,2026-09-16,7.0%,"49,868",0
2026-09-04 10:21:07,3,암살자(들),2026-09-23,6.7%,"47,743",145
2026-09-04 10:21:07,4,스파이더맨: 브랜드 뉴 데이,2026-07-29,5.7%,"40,675","8,645,360"
2026-09-04 10:21:07,5,옵세션,2026-09-02,4.0%,"28,125","46,653"
2026-09-04 10:21:07,6,비광,2026-09-02,2.6%,"18,317","30,557"
2026-09-04 10:21:07,7,경주기행,2026-08-26,2.6%,"18,209","248,181"
2026-09-04 10:21:07,8,싱 어게인,2026-09-02,2.0%,"13,959","21,549"
2026-09-04 10:21:07,9,호프,2026-07-15,1.2%,"8,372","4,538,441"
2026-09-04 10:21:07,10,딥 워터,2026-09-09,0.8%,"5,450",126
2026-09-04 10:21:07,11,모모와 다락방의 수상한 요괴들,재개봉일 : 2026-09-02 2012-07-05,0.6%,"3,995","304,593"
2026-09-04 10:21:07,12,아이유 콘서트 : 더 골든 아워,재개봉일 : 2026-09-09 2023-09-13,0.6%,"3,991","87,628"
2026-09-04 10:21:07,13,더 드라마,2026-09-09,0.5%,"3,746","1,615"
2026-09-04 10:21:07,14,이누야샤 극장판: 시대를 초월한 마음,2026-09-09,0.5%,"3,605",0
2026-09-04 10:21:07,15,아이유 콘서트 : 더 위닝,재개봉일 : 2026-09-16 2025-01-24,0.4%,"3,079","75,872"
2026-09-04 10:21:07,16,타짜: 벨제붑의 노래,2026-09-23,0.4%,"3,002",0
2026-09-04 10:21:07,17,사랑의 하츄핑: 고래보석의 전설,2026-08-05,0.4%,"2,978","841,994"
2026-09-04 10:21:07,18,포가튼 아일랜드,2026-09-23,0.4%,"2,669",0
2026-09-04 10:21:07,19,인 더 그레이,2026-09-02,0.3%,"2,285","4,453"
2026-09-04 10:21:07,20,명탐정 코난: 하이웨이의 타천사,2026-08-12,0.3%,"2,136","412,677"
2026-09-04 10:21:07,21,위커 맨: 파이널 컷,2026-08-19,0.3%,"1,979","16,002"
2026-09-04 10:21:07,22,오크 스트리트의 마지막 날,2026-08-26,0.3%,"1,812","122,993"
2026-09-04 10:21:07,23,마루 밑 아리에티,재개봉일 : 2026-08-19 2010-09-09,0.3%,"1,795","1,095,759"
2026-09-04 10:21:07,24,극장판 기븐 – 바다로,2026-08-26,0.3%,"1,778","6,904"
2026-09-04 10:21:07,25,핵소 고지,재개봉일 : 2026-09-02 2017-02-22,0.2%,"1,667","182,838"
2026-09-04 10:32:04,1,오디세이,2026-08-05,57.2%,"406,120","9,329,607"
2026-09-04 10:32:04,2,인턴,2026-09-16,7.0%,"49,892",0
2026-09-04 10:32:04,3,암살자(들),2026-09-23,6.7%,"47,751",145
2026-09-04 10:32:04,4,스파이더맨: 브랜드 뉴 데이,2026-07-29,5.7%,"40,636","8,645,360"
2026-09-04 10:32:04,5,옵세션,2026-09-02,4.0%,"28,269","46,653"
2026-09-04 10:32:04,6,비광,2026-09-02,2.6%,"18,248","30,557"
2026-09-04 10:32:04,7,경주기행,2026-08-26,2.6%,"18,206","248,181"
2026-09-04 10:32:04,8,싱 어게인,2026-09-02,2.0%,"13,875","21,549"
2026-09-04 10:32:04,9,호프,2026-07-15,1.2%,"8,372","4,538,441"
2026-09-04 10:32:04,10,딥 워터,2026-09-09,0.8%,"5,450",126
2026-09-04 10:32:04,11,모모와 다락방의 수상한 요괴들,재개봉일 : 2026-09-02 2012-07-05,0.6%,"3,998","304,593"
2026-09-04 10:32:04,12,아이유 콘서트 : 더 골든 아워,재개봉일 : 2026-09-09 2023-09-13,0.6%,"3,993","87,628"
2026-09-04 10:32:04,13,더 드라마,2026-09-09,0.5%,"3,751","1,615"
2026-09-04 10:32:04,14,이누야샤 극장판: 시대를 초월한 마음,2026-09-09,0.5%,"3,608",0
2026-09-04 10:32:04,15,타짜: 벨제붑의 노래,2026-09-23,0.5%,"3,219",0
2026-09-04 10:32:04,16,아이유 콘서트 : 더 위닝,재개봉일 : 2026-09-16 2025-01-24,0.4%,"3,089","75,872"
2026-09-04 10:32:04,17,사랑의 하츄핑: 고래보석의 전설,2026-08-05,0.4%,"2,995","841,994"
2026-09-04 10:32:04,18,포가튼 아일랜드,2026-09-23,0.4%,"2,669",0
2026-09-04 10:32:04,19,인 더 그레이,2026-09-02,0.3%,"2,283","4,453"
2026-09-04 10:32:04,20,명탐정 코난: 하이웨이의 타천사,2026-08-12,0.3%,"2,133","412,677"
2026-09-04 10:32:04,21,위커 맨: 파이널 컷,2026-08-19,0.3%,"1,973","16,002"
2026-09-04 10:32:04,22,오크 스트리트의 마지막 날,2026-08-26,0.3%,"1,815","122,993"
2026-09-04 10:32:04,23,마루 밑 아리에티,재개봉일 : 2026-08-19 2010-09-09,0.3%,"1,799","1,095,759"
2026-09-04 10:32:04,24,극장판 기븐 – 바다로,2026-08-26,0.3%,"1,776","6,904"
2026-09-04 10:32:04,25,핵소 고지,재개봉일 : 2026-09-02 2017-02-22,0.2%,"1,643","182,838"
2026-09-04 11:21:07,1,오디세이,2026-08-05,57.1%,"406,434","9,329,607"
2026-09-04 11:21:07,2,인턴,2026-09-16,7.0%,"49,966",0
2026-09-04 11:21:07,3,암살자(들),2026-09-23,6.7%,"47,771",145
2026-09-04 11:21:07,4,스파이더맨: 브랜드 뉴 데이,2026-07-29,5.7%,"40,285","8,645,360"
2026-09-04 11:21:07,5,옵세션,2026-09-02,4.1%,"28,851","46,653"
2026-09-04 11:21:07,6,비광,2026-09-02,2.6%,"18,170","30,557"
2026-09-04 11:21:07,7,경주기행,2026-08-26,2.6%,"18,158","248,181"
2026-09-04 11:21:07,8,싱 어게인,2026-09-02,1.9%,"13,685","21,549"
2026-09-04 11:21:07,9,호프,2026-07-15,1.2%,"8,375","4,538,441"
2026-09-04 11:21:07,10,딥 워터,2026-09-09,0.8%,"5,452",126
2026-09-04 11:21:07,11,타짜: 벨제붑의 노래,2026-09-23,0.6%,"4,148",0
2026-09-04 11:21:07,12,아이유 콘서트 : 더 골든 아워,재개봉일 : 2026-09-09 2023-09-13,0.6%,"4,021","87,628"
2026-09-04 11:21:07,13,모모와 다락방의 수상한 요괴들,재개봉일 : 2026-09-02 2012-07-05,0.5%,"3,897","304,593"
2026-09-04 11:21:07,14,더 드라마,2026-09-09,0.5%,"3,884","1,615"
2026-09-04 11:21:07,15,이누야샤 극장판: 시대를 초월한 마음,2026-09-09,0.5%,"3,645",0
2026-09-04 11:21:07,16,아이유 콘서트 : 더 위닝,재개봉일 : 2026-09-16 2025-01-24,0.4%,"3,125","75,872"
2026-09-04 11:21:07,17,사랑의 하츄핑: 고래보석의 전설,2026-08-05,0.4%,"3,044","841,994"
2026-09-04 11:21:07,18,포가튼 아일랜드,2026-09-23,0.4%,"2,669",0
2026-09-04 11:21:07,19,인 더 그레이,2026-09-02,0.3%,"2,267","4,453"
2026-09-04 11:21:07,20,명탐정 코난: 하이웨이의 타천사,2026-08-12,0.3%,"2,075","412,677"
2026-09-04 11:21:07,21,위커 맨: 파이널 컷,2026-08-19,0.3%,"1,965","16,002"
2026-09-04 11:21:07,22,오크 스트리트의 마지막 날,2026-08-26,0.3%,"1,886","122,993"
2026-09-04 11:21:07,23,마루 밑 아리에티,재개봉일 : 2026-08-19 2010-09-09,0.3%,"1,807","1,095,759"
2026-09-04 11:21:07,24,극장판 기븐 – 바다로,2026-08-26,0.2%,"1,766","6,904"
2026-09-04 11:21:07,25,핵소 고지,재개봉일 : 2026-09-02 2017-02-22,0.2%,"1,641","182,838"
2026-09-04 11:31:43,1,오디세이,2026-08-05,57.1%,"406,063","9,329,607"
2026-09-04 11:31:43,2,인턴,2026-09-16,7.0%,"49,992",0
2026-09-04 11:31:43,3,암살자(들),2026-09-23,6.7%,"47,771",145
2026-09-04 11:31:43,4,스파이더맨: 브랜드 뉴 데이,2026-07-29,5.7%,"40,337","8,645,360"
2026-09-04 11:31:43,5,옵세션,2026-09-02,4.1%,"29,052","46,653"
2026-09-04 11:31:43,6,경주기행,2026-08-26,2.6%,"18,179","248,181"
2026-09-04 11:31:43,7,비광,2026-09-02,2.6%,"18,153","30,557"
2026-09-04 11:31:43,8,싱 어게인,2026-09-02,1.9%,"13,655","21,549"
2026-09-04 11:31:43,9,호프,2026-07-15,1.2%,"8,381","4,538,441"
2026-09-04 11:31:43,10,딥 워터,2026-09-09,0.8%,"5,457",126
2026-09-04 11:31:43,11,타짜: 벨제붑의 노래,2026-09-23,0.6%,"4,320",0
2026-09-04 11:31:43,12,아이유 콘서트 : 더 골든 아워,재개봉일 : 2026-09-09 2023-09-13,0.6%,"4,029","87,628"
2026-09-04 11:31:43,13,더 드라마,2026-09-09,0.5%,"3,914","1,615"
2026-09-04 11:31:43,14,모모와 다락방의 수상한 요괴들,재개봉일 : 2026-09-02 2012-07-05,0.5%,"3,883","304,593"
2026-09-04 11:31:43,15,이누야샤 극장판: 시대를 초월한 마음,2026-09-09,0.5%,"3,654",0
2026-09-04 11:31:43,16,아이유 콘서트 : 더 위닝,재개봉일 : 2026-09-16 2025-01-24,0.4%,"3,136","75,872"
2026-09-04 11:31:43,17,사랑의 하츄핑: 고래보석의 전설,2026-08-05,0.4%,"3,053","841,994"
2026-09-04 11:31:43,18,포가튼 아일랜드,2026-09-23,0.4%,"2,669",0
2026-09-04 11:31:43,19,인 더 그레이,2026-09-02,0.3%,"2,254","4,453"
2026-09-04 11:31:43,20,명탐정 코난: 하이웨이의 타천사,2026-08-12,0.3%,"2,080","412,677"
2026-09-04 11:31:43,21,위커 맨: 파이널 컷,2026-08-19,0.3%,"1,968","16,002"
2026-09-04 11:31:43,22,오크 스트리트의 마지막 날,2026-08-26,0.3%,"1,882","122,993"
2026-09-04 11:31:43,23,마루 밑 아리에티,재개봉일 : 2026-08-19 2010-09-09,0.3%,"1,808","1,095,759"
2026-09-04 11:31:43,24,극장판 기븐 – 바다로,2026-08-26,0.2%,"1,754","6,904"
2026-09-04 11:31:43,25,핵소 고지,재개봉일 : 2026-09-02 2017-02-22,0.2%,"1,636","182,838"
2026-09-04 12:21:07,1,오디세이,2026-08-05,56.6%,"406,485","9,329,607"
2026-09-04 12:21:07,2,인턴,2026-09-16,6.9%,"49,648",0
2026-09-04 12:21:07,3,암살자(들),2026-09-23,6.7%,"47,820",145
2026-09-04 12:21:07,4,스파이더맨: 브랜드 뉴 데이,2026-07-29,5.6%,"40,318","8,645,360"
2026-09-04 12:21:07,5,옵세션,2026-09-02,4.1%,"29,538","46,653"
2026-09-04 12:21:07,6,경주기행,2026-08-26,2.5%,"18,113","248,181"
2026-09-04 12:21:07,7,비광,2026-09-02,2.5%,"17,938","30,557"
2026-09-04 12:21:07,8,싱 어게인,2026-09-02,1.9%,"13,540","21,549"
2026-09-04 12:21:07,9,호프,2026-07-15,1.2%,"8,413","4,538,441"
2026-09-04 12:21:07,10,더 드라마,2026-09-09,1.1%,"7,933","1,615"
2026-09-04 12:21:07,11,딥 워터,2026-09-09,0.8%,"5,459",126
2026-09-04 12:21:07,12,타짜: 벨제붑의 노래,2026-09-23,0.7%,"4,823",0
2026-09-04 12:21:07,13,아이유 콘서트 : 더 골든 아워,재개봉일 : 2026-09-09 2023-09-13,0.6%,"4,070","87,628"
2026-09-04 12:21:07,14,모모와 다락방의 수상한 요괴들,재개봉일 : 2026-09-02 2012-07-05,0.5%,"3,820","304,593"
2026-09-04 12:21:07,15,이누야샤 극장판: 시대를 초월한 마음,2026-09-09,0.5%,"3,686",0
2026-09-04 12:21:07,16,아이유 콘서트 : 더 위닝,재개봉일 : 2026-09-16 2025-01-24,0.4%,"3,177","75,872"
2026-09-04 12:21:07,17,사랑의 하츄핑: 고래보석의 전설,2026-08-05,0.4%,"3,125","841,994"
2026-09-04 12:21:07,18,포가튼 아일랜드,2026-09-23,0.4%,"2,669",0
2026-09-04 12:21:07,19,인 더 그레이,2026-09-02,0.3%,"2,171","4,453"
2026-09-04 12:21:07,20,명탐정 코난: 하이웨이의 타천사,2026-08-12,0.3%,"2,045","412,677"
2026-09-04 12:21:07,21,오크 스트리트의 마지막 날,2026-08-26,0.3%,"2,018","122,993"
2026-09-04 12:21:07,22,위커 맨: 파이널 컷,2026-08-19,0.3%,"1,949","16,002"
2026-09-04 12:21:07,23,마루 밑 아리에티,재개봉일 : 2026-08-19 2010-09-09,0.3%,"1,811","1,095,759"
2026-09-04 12:21:07,24,극장판 기븐 – 바다로,2026-08-26,0.2%,"1,761","6,904"
2026-09-04 12:21:07,25,핵소 고지,재개봉일 : 2026-09-02 2017-02-22,0.2%,"1,644","182,838"
2026-09-04 12:31:42,1,오디세이,2026-08-05,56.5%,"405,459","9,329,607"
2026-09-04 12:31:42,2,인턴,2026-09-16,6.9%,"49,661",0
2026-09-04 12:31:42,3,암살자(들),2026-09-23,6.7%,"47,820",145
2026-09-04 12:31:42,4,스파이더맨: 브랜드 뉴 데이,2026-07-29,5.6%,"40,332","8,645,360"
2026-09-04 12:31:42,5,옵세션,2026-09-02,4.1%,"29,594","46,653"
2026-09-04 12:31:42,6,경주기행,2026-08-26,2.5%,"18,076","248,181"
2026-09-04 12:31:42,7,비광,2026-09-02,2.5%,"17,882","30,557"
2026-09-04 12:31:42,8,싱 어게인,2026-09-02,1.9%,"13,536","21,549"
2026-09-04 12:31:42,9,호프,2026-07-15,1.2%,"8,419","4,538,441"
2026-09-04 12:31:42,10,더 드라마,2026-09-09,1.1%,"7,943","1,615"
2026-09-04 12:31:42,11,딥 워터,2026-09-09,0.8%,"5,460",126
2026-09-04 12:31:42,12,타짜: 벨제붑의 노래,2026-09-23,0.7%,"5,068",0
2026-09-04 12:31:42,13,아이유 콘서트 : 더 골든 아워,재개봉일 : 2026-09-09 2023-09-13,0.6%,"4,080","87,628"
2026-09-04 12:31:42,14,모모와 다락방의 수상한 요괴들,재개봉일 : 2026-09-02 2012-07-05,0.5%,"3,803","304,593"
2026-09-04 12:31:42,15,이누야샤 극장판: 시대를 초월한 마음,2026-09-09,0.5%,"3,690",0
2026-09-04 12:31:42,16,아이유 콘서트 : 더 위닝,재개봉일 : 2026-09-16 2025-01-24,0.4%,"3,185","75,872"
2026-09-04 12:31:42,17,사랑의 하츄핑: 고래보석의 전설,2026-08-05,0.4%,"3,153","841,994"
2026-09-04 12:31:42,18,포가튼 아일랜드,2026-09-23,0.4%,"2,669",0
2026-09-04 12:31:42,19,인 더 그레이,2026-09-02,0.3%,"2,181","4,453"
2026-09-04 12:31:42,20,명탐정 코난: 하이웨이의 타천사,2026-08-12,0.3%,"2,048","412,677"
2026-09-04 12:31:42,21,오크 스트리트의 마지막 날,2026-08-26,0.3%,"1,998","122,993"
2026-09-04 12:31:42,22,위커 맨: 파이널 컷,2026-08-19,0.3%,"1,954","16,002"
2026-09-04 12:31:42,23,고스트밴드,2026-08-26,0.3%,"1,853","15,006"
2026-09-04 12:31:42,24,마루 밑 아리에티,재개봉일 : 2026-08-19 2010-09-09,0.3%,"1,822","1,095,759"
2026-09-04 12:31:42,25,극장판 기븐 – 바다로,2026-08-26,0.2%,"1,767","6,904"
2026-09-04 13:21:07,1,오디세이,2026-08-05,56.4%,"406,261","9,329,607"
2026-09-04 13:21:07,2,인턴,2026-09-16,6.9%,"49,746",0
2026-09-04 13:21:07,3,암살자(들),2026-09-23,6.6%,"47,832",145
2026-09-04 13:21:07,4,스파이더맨: 브랜드 뉴 데이,2026-07-29,5.6%,"40,409","8,645,360"
2026-09-04 13:21:07,5,옵세션,2026-09-02,4.2%,"30,031","46,653"
2026-09-04 13:21:07,6,경주기행,2026-08-26,2.5%,"17,814","248,178"
2026-09-04 13:21:07,7,비광,2026-09-02,2.4%,"17,601","30,557"
2026-09-04 13:21:07,8,싱 어게인,2026-09-02,1.9%,"13,352","21,549"
2026-09-04 13:21:07,9,호프,2026-07-15,1.2%,"8,460","4,538,441"
2026-09-04 13:21:07,10,더 드라마,2026-09-09,1.1%,"7,973","1,615"
2026-09-04 13:21:07,11,타짜: 벨제붑의 노래,2026-09-23,0.8%,"6,057",0
2026-09-04 13:21:07,12,딥 워터,2026-09-09,0.8%,"5,463",126
2026-09-04 13:21:07,13,아이유 콘서트 : 더 골든 아워,재개봉일 : 2026-09-09 2023-09-13,0.6%,"4,117","87,628"
2026-09-04 13:21:07,14,이누야샤 극장판: 시대를 초월한 마음,2026-09-09,0.5%,"3,727",0
2026-09-04 13:21:07,15,모모와 다락방의 수상한 요괴들,재개봉일 : 2026-09-02 2012-07-05,0.5%,"3,680","304,593"
2026-09-04 13:21:07,16,아이유 콘서트 : 더 위닝,재개봉일 : 2026-09-16 2025-01-24,0.4%,"3,213","75,872"
2026-09-04 13:21:07,17,사랑의 하츄핑: 고래보석의 전설,2026-08-05,0.4%,"3,199","841,994"
2026-09-04 13:21:07,18,포가튼 아일랜드,2026-09-23,0.4%,"2,669",0
2026-09-04 13:21:07,19,고스트밴드,2026-08-26,0.4%,"2,524","15,006"
2026-09-04 13:21:07,20,인 더 그레이,2026-09-02,0.3%,"2,198","4,453"
2026-09-04 13:21:07,21,명탐정 코난: 하이웨이의 타천사,2026-08-12,0.3%,"2,058","412,677"
2026-09-04 13:21:07,22,오크 스트리트의 마지막 날,2026-08-26,0.3%,"1,998","122,993"
2026-09-04 13:21:07,23,위커 맨: 파이널 컷,2026-08-19,0.3%,"1,968","16,002"
2026-09-04 13:21:07,24,마루 밑 아리에티,재개봉일 : 2026-08-19 2010-09-09,0.3%,"1,825","1,095,759"
2026-09-04 13:21:07,25,극장판 기븐 – 바다로,2026-08-26,0.2%,"1,769","6,904"
2026-09-04 13:31:52,1,오디세이,2026-08-05,56.4%,"406,426","9,329,607"
2026-09-04 13:31:52,2,인턴,2026-09-16,6.9%,"49,749",0
2026-09-04 13:31:52,3,암살자(들),2026-09-23,6.6%,"47,827",145
2026-09-04 13:31:52,4,스파이더맨: 브랜드 뉴 데이,2026-07-29,5.6%,"40,444","8,645,360"
2026-09-04 13:31:52,5,옵세션,2026-09-02,4.2%,"30,150","46,653"
2026-09-04 13:31:52,6,경주기행,2026-08-26,2.5%,"17,798","248,178"
2026-09-04 13:31:52,7,비광,2026-09-02,2.4%,"17,598","30,557"
2026-09-04 13:31:52,8,싱 어게인,2026-09-02,1.9%,"13,342","21,549"
2026-09-04 13:31:52,9,호프,2026-07-15,1.2%,"8,472","4,538,441"
2026-09-04 13:31:52,10,더 드라마,2026-09-09,1.1%,"7,983","1,615"
2026-09-04 13:31:52,11,타짜: 벨제붑의 노래,2026-09-23,0.9%,"6,195",0
2026-09-04 13:31:52,12,딥 워터,2026-09-09,0.8%,"5,463",126
2026-09-04 13:31:52,13,아이유 콘서트 : 더 골든 아워,재개봉일 : 2026-09-09 2023-09-13,0.6%,"4,119","87,628"
2026-09-04 13:31:52,14,이누야샤 극장판: 시대를 초월한 마음,2026-09-09,0.5%,"3,732",0
2026-09-04 13:31:52,15,모모와 다락방의 수상한 요괴들,재개봉일 : 2026-09-02 2012-07-05,0.5%,"3,674","304,593"
2026-09-04 13:31:52,16,아이유 콘서트 : 더 위닝,재개봉일 : 2026-09-16 2025-01-24,0.4%,"3,218","75,872"
2026-09-04 13:31:52,17,사랑의 하츄핑: 고래보석의 전설,2026-08-05,0.4%,"3,192","841,994"
2026-09-04 13:31:52,18,포가튼 아일랜드,2026-09-23,0.4%,"2,669",0
2026-09-04 13:31:52,18,고스트밴드,2026-08-26,0.4%,"2,669","15,006"
2026-09-04 13:31:52,20,인 더 그레이,2026-09-02,0.3%,"2,179","4,453"
2026-09-04 13:31:52,21,명탐정 코난: 하이웨이의 타천사,2026-08-12,0.3%,"2,056","412,677"
2026-09-04 13:31:52,22,오크 스트리트의 마지막 날,2026-08-26,0.3%,"2,003","122,993"
2026-09-04 13:31:52,23,위커 맨: 파이널 컷,2026-08-19,0.3%,"1,908","16,002"
2026-09-04 13:31:52,24,마루 밑 아리에티,재개봉일 : 2026-08-19 2010-09-09,0.3%,"1,827","1,095,759"
2026-09-04 13:31:52,25,극장판 기븐 – 바다로,2026-08-26,0.2%,"1,770","6,904"
2026-09-04 14:21:07,1,오디세이,2026-08-05,56.1%,"404,916","9,329,607"
2026-09-04 14:21:07,2,인턴,2026-09-16,6.9%,"49,826",0
2026-09-04 14:21:07,3,암살자(들),2026-09-23,6.6%,"47,832",145
2026-09-04 14:21:07,4,스파이더맨: 브랜드 뉴 데이,2026-07-29,5.6%,"40,374","8,645,360"
2026-09-04 14:21:07,5,옵세션,2026-09-02,4.2%,"30,355","46,653"
2026-09-04 14:21:07,6,경주기행,2026-08-26,2.4%,"17,636","248,178"
2026-09-04 14:21:07,7,비광,2026-09-02,2.4%,"17,364","30,557"
2026-09-04 14:21:07,8,싱 어게인,2026-09-02,1.8%,"13,206","21,549"
2026-09-04 14:21:07,9,호프,2026-07-15,1.2%,"8,504","4,538,441"
2026-09-04 14:21:07,10,더 드라마,2026-09-09,1.1%,"8,002","1,615"
2026-09-04 14:21:07,11,타짜: 벨제붑의 노래,2026-09-23,1.0%,"7,234",0
2026-09-04 14:21:07,12,딥 워터,2026-09-09,0.8%,"5,468",126
2026-09-04 14:21:07,13,아이유 콘서트 : 더 골든 아워,재개봉일 : 2026-09-09 2023-09-13,0.6%,"4,146","87,628"
2026-09-04 14:21:07,14,이누야샤 극장판: 시대를 초월한 마음,2026-09-09,0.5%,"3,767",0
2026-09-04 14:21:07,15,모모와 다락방의 수상한 요괴들,재개봉일 : 2026-09-02 2012-07-05,0.5%,"3,630","304,593"
2026-09-04 14:21:07,16,아이유 콘서트 : 더 위닝,재개봉일 : 2026-09-16 2025-01-24,0.5%,"3,275","75,872"
2026-09-04 14:21:07,17,고스트밴드,2026-08-26,0.5%,"3,248","15,006"
2026-09-04 14:21:07,18,사랑의 하츄핑: 고래보석의 전설,2026-08-05,0.4%,"3,247","841,994"
2026-09-04 14:21:07,19,포가튼 아일랜드,2026-09-23,0.4%,"2,669",0
2026-09-04 14:21:07,20,인 더 그레이,2026-09-02,0.3%,"2,160","4,453"
2026-09-04 14:21:07,21,오크 스트리트의 마지막 날,2026-08-26,0.3%,"2,026","122,993"
2026-09-04 14:21:07,22,명탐정 코난: 하이웨이의 타천사,2026-08-12,0.3%,"1,963","412,677"
2026-09-04 14:21:07,23,위커 맨: 파이널 컷,2026-08-19,0.3%,"1,916","16,002"
2026-09-04 14:21:07,24,마루 밑 아리에티,재개봉일 : 2026-08-19 2010-09-09,0.3%,"1,821","1,095,759"
2026-09-04 14:21:07,25,극장판 기븐 – 바다로,2026-08-26,0.2%,"1,761","6,904"
2026-09-04 14:31:51,1,오디세이,2026-08-05,56.1%,"404,637","9,329,607"
2026-09-04 14:31:51,2,인턴,2026-09-16,6.9%,"49,845",0
2026-09-04 14:31:51,3,암살자(들),2026-09-23,6.6%,"47,845",145
2026-09-04 14:31:51,4,스파이더맨: 브랜드 뉴 데이,2026-07-29,5.6%,"40,474","8,645,360"
2026-09-04 14:31:51,5,옵세션,2026-09-02,4.2%,"30,606","46,653"
2026-09-04 14:31:51,6,경주기행,2026-08-26,2.4%,"17,646","248,178"
2026-09-04 14:31:51,7,비광,2026-09-02,2.4%,"17,323","30,557"
2026-09-04 14:31:51,8,싱 어게인,2026-09-02,1.8%,"13,196","21,549"
2026-09-04 14:31:51,9,호프,2026-07-15,1.2%,"8,516","4,538,441"
2026-09-04 14:31:51,10,더 드라마,2026-09-09,1.1%,"8,007","1,615"
2026-09-04 14:31:51,11,타짜: 벨제붑의 노래,2026-09-23,1.0%,"7,299",0
2026-09-04 14:31:51,12,딥 워터,2026-09-09,0.8%,"5,468",126
2026-09-04 14:31:51,13,아이유 콘서트 : 더 골든 아워,재개봉일 : 2026-09-09 2023-09-13,0.6%,"4,148","87,628"
2026-09-04 14:31:51,14,이누야샤 극장판: 시대를 초월한 마음,2026-09-09,0.5%,"3,767",0
2026-09-04 14:31:51,15,모모와 다락방의 수상한 요괴들,재개봉일 : 2026-09-02 2012-07-05,0.5%,"3,636","304,593"
2026-09-04 14:31:51,16,아이유 콘서트 : 더 위닝,재개봉일 : 2026-09-16 2025-01-24,0.5%,"3,278","75,872"
2026-09-04 14:31:51,17,고스트밴드,2026-08-26,0.5%,"3,271","15,006"
2026-09-04 14:31:51,18,사랑의 하츄핑: 고래보석의 전설,2026-08-05,0.5%,"3,262","841,994"
2026-09-04 14:31:51,19,포가튼 아일랜드,2026-09-23,0.4%,"2,669",0
2026-09-04 14:31:51,20,인 더 그레이,2026-09-02,0.3%,"2,156","4,453"
2026-09-04 14:31:51,21,오크 스트리트의 마지막 날,2026-08-26,0.3%,"2,025","122,993"
2026-09-04 14:31:51,22,명탐정 코난: 하이웨이의 타천사,2026-08-12,0.3%,"1,933","412,677"
2026-09-04 14:31:51,23,위커 맨: 파이널 컷,2026-08-19,0.3%,"1,910","16,002"
2026-09-04 14:31:51,24,마루 밑 아리에티,재개봉일 : 2026-08-19 2010-09-09,0.3%,"1,819","1,095,759"
2026-09-04 14:31:51,25,극장판 기븐 – 바다로,2026-08-26,0.2%,"1,763","6,904"
2026-09-04 15:21:07,1,오디세이,2026-08-05,55.8%,"405,404","9,329,607"
2026-09-04 15:21:07,2,인턴,2026-09-16,6.9%,"49,905",0
2026-09-04 15:21:07,3,암살자(들),2026-09-23,6.6%,"47,870",145
2026-09-04 15:21:07,4,스파이더맨: 브랜드 뉴 데이,2026-07-29,5.6%,"40,518","8,645,360"
2026-09-04 15:21:07,5,옵세션,2026-09-02,4.2%,"30,562","46,653"
2026-09-04 15:21:07,6,경주기행,2026-08-26,2.4%,"17,552","248,178"
2026-09-04 15:21:07,7,비광,2026-09-02,2.4%,"17,241","30,557"
2026-09-04 15:21:07,8,싱 어게인,2026-09-02,1.8%,"12,989","21,549"
2026-09-04 15:21:07,9,호프,2026-07-15,1.2%,"8,545","4,538,441"
2026-09-04 15:21:07,10,더 드라마,2026-09-09,1.1%,"8,025","1,615"
2026-09-04 15:21:07,11,타짜: 벨제붑의 노래,2026-09-23,1.1%,"7,662",0
2026-09-04 15:21:07,12,딥 워터,2026-09-09,0.8%,"5,470",126
2026-09-04 15:21:07,13,아이유 콘서트 : 더 골든 아워,재개봉일 : 2026-09-09 2023-09-13,0.6%,"4,168","87,628"
2026-09-04 15:21:07,14,이누야샤 극장판: 시대를 초월한 마음,2026-09-09,0.5%,"3,794",0
2026-09-04 15:21:07,15,모모와 다락방의 수상한 요괴들,재개봉일 : 2026-09-02 2012-07-05,0.5%,"3,601","304,593"
2026-09-04 15:21:07,16,사랑의 하츄핑: 고래보석의 전설,2026-08-05,0.5%,"3,312","841,994"
2026-09-04 15:21:07,17,고스트밴드,2026-08-26,0.5%,"3,289","15,006"
2026-09-04 15:21:07,18,아이유 콘서트 : 더 위닝,재개봉일 : 2026-09-16 2025-01-24,0.5%,"3,286","75,872"
2026-09-04 15:21:07,19,연옥: 살인마들의 자치구역,2026-09-09,0.4%,"3,192","1,054"
2026-09-04 15:21:07,20,포가튼 아일랜드,2026-09-23,0.4%,"2,669",0
2026-09-04 15:21:07,21,인 더 그레이,2026-09-02,0.3%,"2,164","4,453"
2026-09-04 15:21:07,22,아버지의 집밥,2026-09-09,0.3%,"2,078",231
2026-09-04 15:21:07,23,오크 스트리트의 마지막 날,2026-08-26,0.3%,"2,036","122,993"
2026-09-04 15:21:07,24,위커 맨: 파이널 컷,2026-08-19,0.3%,"1,925","16,002"
2026-09-04 15:21:07,25,명탐정 코난: 하이웨이의 타천사,2026-08-12,0.3%,"1,890","412,677"
2026-09-04 15:31:51,1,오디세이,2026-08-05,55.7%,"405,795","9,329,607"
2026-09-04 15:31:51,2,인턴,2026-09-16,6.9%,"49,919",0
2026-09-04 15:31:51,3,암살자(들),2026-09-23,6.6%,"48,126",145
2026-09-04 15:31:51,4,스파이더맨: 브랜드 뉴 데이,2026-07-29,5.6%,"40,681","8,645,360"
2026-09-04 15:31:51,5,옵세션,2026-09-02,4.2%,"30,543","46,653"
2026-09-04 15:31:51,6,경주기행,2026-08-26,2.4%,"17,557","248,178"
2026-09-04 15:31:51,7,비광,2026-09-02,2.4%,"17,201","30,557"
2026-09-04 15:31:51,8,싱 어게인,2026-09-02,1.8%,"12,946","21,549"
2026-09-04 15:31:51,9,호프,2026-07-15,1.2%,"8,531","4,538,441"
2026-09-04 15:31:51,10,더 드라마,2026-09-09,1.1%,"8,025","1,615"
2026-09-04 15:31:51,11,타짜: 벨제붑의 노래,2026-09-23,1.1%,"7,726",0
2026-09-04 15:31:51,12,딥 워터,2026-09-09,0.8%,"5,469",126
2026-09-04 15:31:51,13,아이유 콘서트 : 더 골든 아워,재개봉일 : 2026-09-09 2023-09-13,0.6%,"4,175","87,628"
2026-09-04 15:31:51,14,이누야샤 극장판: 시대를 초월한 마음,2026-09-09,0.5%,"3,805",0
2026-09-04 15:31:51,15,모모와 다락방의 수상한 요괴들,재개봉일 : 2026-09-02 2012-07-05,0.5%,"3,591","304,593"
2026-09-04 15:31:51,16,사랑의 하츄핑: 고래보석의 전설,2026-08-05,0.5%,"3,330","841,994"
2026-09-04 15:31:51,17,고스트밴드,2026-08-26,0.5%,"3,297","15,006"
2026-09-04 15:31:51,18,아이유 콘서트 : 더 위닝,재개봉일 : 2026-09-16 2025-01-24,0.5%,"3,289","75,872"
2026-09-04 15:31:51,19,연옥: 살인마들의 자치구역,2026-09-09,0.4%,"3,192","1,054"
2026-09-04 15:31:51,20,포가튼 아일랜드,2026-09-23,0.4%,"2,669",0
2026-09-04 15:31:51,21,아버지의 집밥,2026-09-09,0.3%,"2,473",231
2026-09-04 15:31:51,22,오크 스트리트의 마지막 날,2026-08-26,0.3%,"2,321","122,993"
2026-09-04 15:31:51,23,인 더 그레이,2026-09-02,0.3%,"2,141","4,453"
2026-09-04 15:31:51,24,위커 맨: 파이널 컷,2026-08-19,0.3%,"1,929","16,002"
2026-09-04 15:31:51,25,명탐정 코난: 하이웨이의 타천사,2026-08-12,0.3%,"1,878","412,677"
2026-09-04 16:21:07,1,오디세이,2026-08-05,55.6%,"404,561","9,329,607"
2026-09-04 16:21:07,2,인턴,2026-09-16,6.9%,"50,133",0
2026-09-04 16:21:07,3,암살자(들),2026-09-23,6.6%,"47,932",145
2026-09-04 16:21:07,4,스파이더맨: 브랜드 뉴 데이,2026-07-29,5.6%,"40,837","8,645,360"
2026-09-04 16:21:07,5,옵세션,2026-09-02,4.2%,"30,550","46,653"
2026-09-04 16:21:07,6,경주기행,2026-08-26,2.4%,"17,536","248,178"
2026-09-04 16:21:07,7,비광,2026-09-02,2.4%,"17,129","30,557"
2026-09-04 16:21:07,8,싱 어게인,2026-09-02,1.8%,"12,858","21,549"
2026-09-04 16:21:07,9,호프,2026-07-15,1.2%,"8,571","4,538,441"
2026-09-04 16:21:07,10,더 드라마,2026-09-09,1.1%,"8,040","1,615"
2026-09-04 16:21:07,11,타짜: 벨제붑의 노래,2026-09-23,1.1%,"7,987",0
2026-09-04 16:21:07,12,딥 워터,2026-09-09,0.8%,"5,475",126
2026-09-04 16:21:07,13,아이유 콘서트 : 더 골든 아워,재개봉일 : 2026-09-09 2023-09-13,0.6%,"4,181","87,628"
2026-09-04 16:21:07,14,이누야샤 극장판: 시대를 초월한 마음,2026-09-09,0.5%,"3,828",0
2026-09-04 16:21:07,15,아버지의 집밥,2026-09-09,0.5%,"3,485",231
2026-09-04 16:21:07,16,모모와 다락방의 수상한 요괴들,재개봉일 : 2026-09-02 2012-07-05,0.5%,"3,482","304,593"
2026-09-04 16:21:07,17,사랑의 하츄핑: 고래보석의 전설,2026-08-05,0.5%,"3,412","841,994"
2026-09-04 16:21:07,18,고스트밴드,2026-08-26,0.5%,"3,319","15,006"
2026-09-04 16:21:07,19,아이유 콘서트 : 더 위닝,재개봉일 : 2026-09-16 2025-01-24,0.5%,"3,305","75,872"
2026-09-04 16:21:07,20,연옥: 살인마들의 자치구역,2026-09-09,0.4%,"3,191","1,054"
2026-09-04 16:21:07,21,포가튼 아일랜드,2026-09-23,0.4%,"2,669",0
2026-09-04 16:21:07,22,오크 스트리트의 마지막 날,2026-08-26,0.3%,"2,298","122,993"
2026-09-04 16:21:07,23,인 더 그레이,2026-09-02,0.3%,"2,153","4,453"
2026-09-04 16:21:07,24,명탐정 코난: 하이웨이의 타천사,2026-08-12,0.3%,"1,906","412,677"
2026-09-04 16:21:07,25,위커 맨: 파이널 컷,2026-08-19,0.3%,"1,850","16,002"
2026-09-04 16:32:15,1,오디세이,2026-08-05,55.6%,"403,926","9,329,607"
2026-09-04 16:32:15,2,인턴,2026-09-16,6.9%,"50,178",0
2026-09-04 16:32:15,3,암살자(들),2026-09-23,6.6%,"47,938",145
2026-09-04 16:32:15,4,스파이더맨: 브랜드 뉴 데이,2026-07-29,5.6%,"40,649","8,645,358"
2026-09-04 16:32:15,5,옵세션,2026-09-02,4.2%,"30,159","46,653"
2026-09-04 16:32:15,6,경주기행,2026-08-26,2.4%,"17,460","248,178"
2026-09-04 16:32:15,7,비광,2026-09-02,2.4%,"17,086","30,557"
2026-09-04 16:32:15,8,싱 어게인,2026-09-02,1.7%,"12,539","21,549"
2026-09-04 16:32:15,9,호프,2026-07-15,1.2%,"8,559","4,538,441"
2026-09-04 16:32:15,10,더 드라마,2026-09-09,1.1%,"8,040","1,615"
2026-09-04 16:32:15,11,타짜: 벨제붑의 노래,2026-09-23,1.1%,"8,028",0
2026-09-04 16:32:15,12,딥 워터,2026-09-09,0.8%,"5,477",126
2026-09-04 16:32:15,13,아이유 콘서트 : 더 골든 아워,재개봉일 : 2026-09-09 2023-09-13,0.6%,"4,182","87,628"
2026-09-04 16:32:15,14,이누야샤 극장판: 시대를 초월한 마음,2026-09-09,0.5%,"3,837",0
2026-09-04 16:32:15,15,아버지의 집밥,2026-09-09,0.5%,"3,628",231
2026-09-04 16:32:15,16,모모와 다락방의 수상한 요괴들,재개봉일 : 2026-09-02 2012-07-05,0.5%,"3,484","304,593"
2026-09-04 16:32:15,17,사랑의 하츄핑: 고래보석의 전설,2026-08-05,0.5%,"3,439","841,994"
2026-09-04 16:32:15,18,아이유 콘서트 : 더 위닝,재개봉일 : 2026-09-16 2025-01-24,0.5%,"3,320","75,872"
2026-09-04 16:32:15,19,고스트밴드,2026-08-26,0.5%,"3,317","15,006"
2026-09-04 16:32:15,20,연옥: 살인마들의 자치구역,2026-09-09,0.4%,"3,190","1,054"
2026-09-04 16:32:15,21,포가튼 아일랜드,2026-09-23,0.4%,"2,669",0
2026-09-04 16:32:15,22,오크 스트리트의 마지막 날,2026-08-26,0.3%,"2,261","122,993"
2026-09-04 16:32:15,23,인 더 그레이,2026-09-02,0.3%,"2,156","4,453"
2026-09-04 16:32:15,24,명탐정 코난: 하이웨이의 타천사,2026-08-12,0.3%,"1,870","412,677"
2026-09-04 16:32:15,25,위커 맨: 파이널 컷,2026-08-19,0.3%,"1,852","16,002"
2026-09-04 17:21:07,1,오디세이,2026-08-05,55.0%,"400,982","9,329,605"
2026-09-04 17:21:07,2,인턴,2026-09-16,6.9%,"50,294",0
2026-09-04 17:21:07,3,암살자(들),2026-09-23,6.6%,"47,962",145
2026-09-04 17:21:07,4,스파이더맨: 브랜드 뉴 데이,2026-07-29,5.5%,"40,343","8,645,358"
2026-09-04 17:21:07,5,옵세션,2026-09-02,4.2%,"30,497","46,653"
2026-09-04 17:21:07,6,경주기행,2026-08-26,2.4%,"17,317","248,178"
2026-09-04 17:21:07,7,비광,2026-09-02,2.3%,"16,956","30,557"
2026-09-04 17:21:07,8,싱 어게인,2026-09-02,1.8%,"13,272","21,549"
2026-09-04 17:21:07,9,호프,2026-07-15,1.2%,"8,602","4,538,441"
2026-09-04 17:21:07,10,타짜: 벨제붑의 노래,2026-09-23,1.1%,"8,296",0
2026-09-04 17:21:07,11,더 드라마,2026-09-09,1.1%,"8,072","1,615"
2026-09-04 17:21:07,12,딥 워터,2026-09-09,0.8%,"5,475",126
2026-09-04 17:21:07,13,아버지의 집밥,2026-09-09,0.6%,"4,272",231
2026-09-04 17:21:07,14,아이유 콘서트 : 더 골든 아워,재개봉일 : 2026-09-09 2023-09-13,0.6%,"4,263","87,628"
2026-09-04 17:21:07,15,이누야샤 극장판: 시대를 초월한 마음,2026-09-09,0.5%,"3,722",0
2026-09-04 17:21:07,16,사랑의 하츄핑: 고래보석의 전설,2026-08-05,0.5%,"3,544","841,994"
2026-09-04 17:21:07,17,모모와 다락방의 수상한 요괴들,재개봉일 : 2026-09-02 2012-07-05,0.5%,"3,456","304,593"
2026-09-04 17:21:07,18,아이유 콘서트 : 더 위닝,재개봉일 : 2026-09-16 2025-01-24,0.5%,"3,368","75,872"
2026-09-04 17:21:07,19,고스트밴드,2026-08-26,0.5%,"3,324","15,006"
2026-09-04 17:21:07,20,연옥: 살인마들의 자치구역,2026-09-09,0.4%,"3,192","1,054"
2026-09-04 17:21:07,21,네 얼굴로는 울 수 없어,2026-09-09,0.4%,"2,943",0
2026-09-04 17:21:07,22,포가튼 아일랜드,2026-09-23,0.4%,"2,669",0
2026-09-04 17:21:07,23,오크 스트리트의 마지막 날,2026-08-26,0.3%,"2,280","122,993"
2026-09-04 17:21:07,24,인 더 그레이,2026-09-02,0.3%,"2,070","4,453"
2026-09-04 17:21:07,25,명탐정 코난: 하이웨이의 타천사,2026-08-12,0.3%,"1,926","412,677"
2026-09-04 17:32:01,1,오디세이,2026-08-05,55.1%,"401,117","9,329,605"
2026-09-04 17:32:01,2,인턴,2026-09-16,6.8%,"49,877",0
2026-09-04 17:32:01,3,암살자(들),2026-09-23,6.6%,"47,963",145
2026-09-04 17:32:01,4,스파이더맨: 브랜드 뉴 데이,2026-07-29,5.5%,"40,331","8,645,357"
2026-09-04 17:32:01,5,옵세션,2026-09-02,4.1%,"30,225","46,653"
2026-09-04 17:32:01,6,경주기행,2026-08-26,2.4%,"17,203","248,178"
2026-09-04 17:32:01,7,비광,2026-09-02,2.3%,"16,882","30,557"
2026-09-04 17:32:01,8,싱 어게인,2026-09-02,1.8%,"13,417","21,549"
2026-09-04 17:32:01,9,호프,2026-07-15,1.2%,"8,615","4,538,441"
2026-09-04 17:32:01,10,타짜: 벨제붑의 노래,2026-09-23,1.1%,"8,335",0
2026-09-04 17:32:01,11,더 드라마,2026-09-09,1.1%,"8,078","1,615"
2026-09-04 17:32:01,12,딥 워터,2026-09-09,0.8%,"5,475",126
2026-09-04 17:32:01,13,아버지의 집밥,2026-09-09,0.6%,"4,304",231
2026-09-04 17:32:01,14,아이유 콘서트 : 더 골든 아워,재개봉일 : 2026-09-09 2023-09-13,0.6%,"4,269","87,628"
2026-09-04 17:32:01,15,이누야샤 극장판: 시대를 초월한 마음,2026-09-09,0.5%,"3,729",0
2026-09-04 17:32:01,16,사랑의 하츄핑: 고래보석의 전설,2026-08-05,0.5%,"3,570","841,994"
2026-09-04 17:32:01,17,모모와 다락방의 수상한 요괴들,재개봉일 : 2026-09-02 2012-07-05,0.5%,"3,440","304,593"
2026-09-04 17:32:01,18,아이유 콘서트 : 더 위닝,재개봉일 : 2026-09-16 2025-01-24,0.5%,"3,367","75,872"
2026-09-04 17:32:01,19,고스트밴드,2026-08-26,0.5%,"3,322","15,006"
2026-09-04 17:32:01,20,연옥: 살인마들의 자치구역,2026-09-09,0.4%,"3,192","1,054"
2026-09-04 17:32:01,21,네 얼굴로는 울 수 없어,2026-09-09,0.4%,"2,943",0
2026-09-04 17:32:01,22,포가튼 아일랜드,2026-09-23,0.4%,"2,669",0
2026-09-04 17:32:01,23,오크 스트리트의 마지막 날,2026-08-26,0.3%,"2,259","122,993"
2026-09-04 17:32:01,24,인 더 그레이,2026-09-02,0.3%,"2,071","4,453"
2026-09-04 17:32:01,25,명탐정 코난: 하이웨이의 타천사,2026-08-12,0.3%,"1,936","412,677"
2026-09-04 18:21:07,1,오디세이,2026-08-05,55.2%,"395,023","9,329,605"
2026-09-04 18:21:07,2,암살자(들),2026-09-23,6.7%,"47,970",145
2026-09-04 18:21:07,3,인턴,2026-09-16,6.3%,"45,434",0
2026-09-04 18:21:07,4,스파이더맨: 브랜드 뉴 데이,2026-07-29,5.5%,"39,516","8,645,357"
2026-09-04 18:21:07,5,옵세션,2026-09-02,4.1%,"29,305","46,653"
2026-09-04 18:21:07,6,비광,2026-09-02,2.3%,"16,641","30,557"
2026-09-04 18:21:07,7,경주기행,2026-08-26,2.3%,"16,223","248,178"
2026-09-04 18:21:07,8,싱 어게인,2026-09-02,1.9%,"13,716","21,549"
2026-09-04 18:21:07,9,호프,2026-07-15,1.2%,"8,680","4,538,441"
2026-09-04 18:21:07,10,타짜: 벨제붑의 노래,2026-09-23,1.2%,"8,507",0
2026-09-04 18:21:07,11,더 드라마,2026-09-09,1.1%,"8,163","1,615"
2026-09-04 18:21:07,12,딥 워터,2026-09-09,0.8%,"5,483",126
2026-09-04 18:21:07,13,아버지의 집밥,2026-09-09,0.6%,"4,370",231
2026-09-04 18:21:07,14,아이유 콘서트 : 더 골든 아워,재개봉일 : 2026-09-09 2023-09-13,0.6%,"4,332","87,628"
2026-09-04 18:21:07,15,이누야샤 극장판: 시대를 초월한 마음,2026-09-09,0.5%,"3,756",0
2026-09-04 18:21:07,16,사랑의 하츄핑: 고래보석의 전설,2026-08-05,0.5%,"3,679","841,994"
2026-09-04 18:21:07,17,모모와 다락방의 수상한 요괴들,재개봉일 : 2026-09-02 2012-07-05,0.5%,"3,452","304,593"
2026-09-04 18:21:07,18,아이유 콘서트 : 더 위닝,재개봉일 : 2026-09-16 2025-01-24,0.5%,"3,381","75,872"
2026-09-04 18:21:07,19,고스트밴드,2026-08-26,0.5%,"3,330","15,006"
2026-09-04 18:21:07,20,연옥: 살인마들의 자치구역,2026-09-09,0.4%,"3,195","1,054"
2026-09-04 18:21:07,21,네 얼굴로는 울 수 없어,2026-09-09,0.4%,"2,940",0
2026-09-04 18:21:07,22,포가튼 아일랜드,2026-09-23,0.4%,"2,669",0
2026-09-04 18:21:07,23,오크 스트리트의 마지막 날,2026-08-26,0.3%,"2,237","122,993"
2026-09-04 18:21:07,24,인 더 그레이,2026-09-02,0.3%,"2,027","4,453"
2026-09-04 18:21:07,25,명탐정 코난: 하이웨이의 타천사,2026-08-12,0.3%,"1,979","412,677"
2026-09-04 18:31:50,1,오디세이,2026-08-05,55.3%,"395,268","9,329,605"
2026-09-04 18:31:50,2,암살자(들),2026-09-23,6.7%,"47,985",145
2026-09-04 18:31:50,3,인턴,2026-09-16,6.3%,"45,027",0
2026-09-04 18:31:50,4,스파이더맨: 브랜드 뉴 데이,2026-07-29,5.5%,"39,531","8,645,357"
2026-09-04 18:31:50,5,옵세션,2026-09-02,4.1%,"29,018","46,653"
2026-09-04 18:31:50,6,비광,2026-09-02,2.3%,"16,569","30,557"
2026-09-04 18:31:50,7,경주기행,2026-08-26,2.3%,"16,202","248,178"
2026-09-04 18:31:50,8,싱 어게인,2026-09-02,1.9%,"13,657","21,549"
2026-09-04 18:31:50,9,호프,2026-07-15,1.2%,"8,699","4,538,441"
2026-09-04 18:31:50,10,타짜: 벨제붑의 노래,2026-09-23,1.2%,"8,553",0
2026-09-04 18:31:50,11,더 드라마,2026-09-09,1.1%,"8,181","1,615"
2026-09-04 18:31:50,12,딥 워터,2026-09-09,0.8%,"5,485",126
2026-09-04 18:31:50,13,아버지의 집밥,2026-09-09,0.6%,"4,387",231
2026-09-04 18:31:50,14,아이유 콘서트 : 더 골든 아워,재개봉일 : 2026-09-09 2023-09-13,0.6%,"4,345","87,628"
2026-09-04 18:31:50,15,이누야샤 극장판: 시대를 초월한 마음,2026-09-09,0.5%,"3,759",0
2026-09-04 18:31:50,16,사랑의 하츄핑: 고래보석의 전설,2026-08-05,0.5%,"3,701","841,994"
2026-09-04 18:31:50,17,모모와 다락방의 수상한 요괴들,재개봉일 : 2026-09-02 2012-07-05,0.5%,"3,448","304,593"
2026-09-04 18:31:50,18,아이유 콘서트 : 더 위닝,재개봉일 : 2026-09-16 2025-01-24,0.5%,"3,385","75,872"
2026-09-04 18:31:50,19,고스트밴드,2026-08-26,0.5%,"3,324","15,006"
2026-09-04 18:31:50,20,연옥: 살인마들의 자치구역,2026-09-09,0.4%,"3,195","1,054"
2026-09-04 18:31:50,21,네 얼굴로는 울 수 없어,2026-09-09,0.4%,"2,940",0
2026-09-04 18:31:50,22,포가튼 아일랜드,2026-09-23,0.4%,"2,669",0
2026-09-04 18:31:50,23,오크 스트리트의 마지막 날,2026-08-26,0.3%,"2,253","122,993"
2026-09-04 18:31:50,24,인 더 그레이,2026-09-02,0.3%,"2,026","4,453"
2026-09-04 18:31:50,25,오아시스: 돈 룩 백 인 앵거,2026-09-09,0.3%,"1,988",0
2026-09-04 19:21:08,1,오디세이,2026-08-05,55.0%,"392,332","9,329,605"
2026-09-04 19:21:08,2,암살자(들),2026-09-23,6.7%,"48,011",145
2026-09-04 19:21:08,3,인턴,2026-09-16,6.3%,"45,117",0
2026-09-04 19:21:08,4,스파이더맨: 브랜드 뉴 데이,2026-07-29,5.5%,"39,387","8,645,357"
2026-09-04 19:21:08,5,옵세션,2026-09-02,3.9%,"27,677","46,653"
2026-09-04 19:21:08,6,비광,2026-09-02,2.3%,"16,362","30,557"
2026-09-04 19:21:08,7,경주기행,2026-08-26,2.2%,"16,053","248,178"
2026-09-04 19:21:08,8,싱 어게인,2026-09-02,1.9%,"13,755","21,549"
2026-09-04 19:21:08,9,호프,2026-07-15,1.5%,"10,542","4,538,441"
2026-09-04 19:21:08,10,타짜: 벨제붑의 노래,2026-09-23,1.2%,"8,718",0
2026-09-04 19:21:08,11,더 드라마,2026-09-09,1.2%,"8,225","1,615"
2026-09-04 19:21:08,12,딥 워터,2026-09-09,0.8%,"5,489",126
2026-09-04 19:21:08,13,아버지의 집밥,2026-09-09,0.6%,"4,422",231
2026-09-04 19:21:08,14,아이유 콘서트 : 더 골든 아워,재개봉일 : 2026-09-09 2023-09-13,0.6%,"4,420","87,628"
2026-09-04 19:21:08,15,사랑의 하츄핑: 고래보석의 전설,2026-08-05,0.5%,"3,902","841,994"
2026-09-04 19:21:08,16,이누야샤 극장판: 시대를 초월한 마음,2026-09-09,0.5%,"3,786",0
2026-09-04 19:21:08,17,모모와 다락방의 수상한 요괴들,재개봉일 : 2026-09-02 2012-07-05,0.5%,"3,453","304,593"
2026-09-04 19:21:08,18,아이유 콘서트 : 더 위닝,재개봉일 : 2026-09-16 2025-01-24,0.5%,"3,417","75,872"
2026-09-04 19:21:08,19,고스트밴드,2026-08-26,0.5%,"3,336","15,006"
2026-09-04 19:21:08,20,연옥: 살인마들의 자치구역,2026-09-09,0.4%,"3,194","1,054"
2026-09-04 19:21:08,21,네 얼굴로는 울 수 없어,2026-09-09,0.4%,"2,942",0
2026-09-04 19:21:08,22,포가튼 아일랜드,2026-09-23,0.4%,"2,669",0
2026-09-04 19:21:08,23,오크 스트리트의 마지막 날,2026-08-26,0.3%,"2,310","122,993"
2026-09-04 19:21:08,24,오아시스: 돈 룩 백 인 앵거,2026-09-09,0.3%,"2,056",0
2026-09-04 19:21:08,25,명탐정 코난: 하이웨이의 타천사,2026-08-12,0.3%,"2,032","412,677"
2026-09-04 19:31:52,1,오디세이,2026-08-05,55.0%,"393,142","9,329,605"
2026-09-04 19:31:52,2,암살자(들),2026-09-23,6.7%,"48,024",145
2026-09-04 19:31:52,3,인턴,2026-09-16,6.3%,"45,133",0
2026-09-04 19:31:52,4,스파이더맨: 브랜드 뉴 데이,2026-07-29,5.5%,"39,420","8,645,357"
2026-09-04 19:31:52,5,옵세션,2026-09-02,3.9%,"27,575","46,653"
2026-09-04 19:31:52,6,비광,2026-09-02,2.3%,"16,336","30,557"
2026-09-04 19:31:52,7,경주기행,2026-08-26,2.2%,"15,845","248,178"
2026-09-04 19:31:52,8,싱 어게인,2026-09-02,1.9%,"13,809","21,549"
2026-09-04 19:31:52,9,호프,2026-07-15,1.5%,"10,625","4,538,441"
2026-09-04 19:31:52,10,타짜: 벨제붑의 노래,2026-09-23,1.2%,"8,747",0
2026-09-04 19:31:52,11,더 드라마,2026-09-09,1.2%,"8,241","1,615"
2026-09-04 19:31:52,12,딥 워터,2026-09-09,0.8%,"5,488",126
2026-09-04 19:31:52,13,아이유 콘서트 : 더 골든 아워,재개봉일 : 2026-09-09 2023-09-13,0.6%,"4,433","87,628"
2026-09-04 19:31:52,14,아버지의 집밥,2026-09-09,0.6%,"4,422",231
2026-09-04 19:31:52,15,사랑의 하츄핑: 고래보석의 전설,2026-08-05,0.6%,"3,941","841,994"
2026-09-04 19:31:52,16,이누야샤 극장판: 시대를 초월한 마음,2026-09-09,0.5%,"3,789",0
2026-09-04 19:31:52,17,모모와 다락방의 수상한 요괴들,재개봉일 : 2026-09-02 2012-07-05,0.5%,"3,473","304,593"
2026-09-04 19:31:52,18,아이유 콘서트 : 더 위닝,재개봉일 : 2026-09-16 2025-01-24,0.5%,"3,420","75,872"
2026-09-04 19:31:52,19,고스트밴드,2026-08-26,0.5%,"3,339","15,006"
2026-09-04 19:31:52,20,연옥: 살인마들의 자치구역,2026-09-09,0.4%,"3,194","1,054"
2026-09-04 19:31:52,21,네 얼굴로는 울 수 없어,2026-09-09,0.4%,"2,942",0
2026-09-04 19:31:52,22,포가튼 아일랜드,2026-09-23,0.4%,"2,669",0
2026-09-04 19:31:52,23,오크 스트리트의 마지막 날,2026-08-26,0.3%,"2,317","122,993"
2026-09-04 19:31:52,24,오아시스: 돈 룩 백 인 앵거,2026-09-09,0.3%,"2,068",0
2026-09-04 19:31:52,25,명탐정 코난: 하이웨이의 타천사,2026-08-12,0.3%,"2,056","412,677"
2026-09-04 20:21:07,1,오디세이,2026-08-05,55.1%,"394,738","9,329,605"
2026-09-04 20:21:07,2,암살자(들),2026-09-23,6.7%,"48,058",145
2026-09-04 20:21:07,3,인턴,2026-09-16,6.3%,"45,182",0
2026-09-04 20:21:07,4,스파이더맨: 브랜드 뉴 데이,2026-07-29,5.5%,"39,667","8,645,357"
2026-09-04 20:21:07,5,옵세션,2026-09-02,3.7%,"26,466","46,653"
2026-09-04 20:21:07,6,비광,2026-09-02,2.3%,"16,181","30,557"
2026-09-04 20:21:07,7,경주기행,2026-08-26,2.2%,"15,677","248,178"
2026-09-04 20:21:07,8,싱 어게인,2026-09-02,2.0%,"14,015","21,549"
2026-09-04 20:21:07,9,호프,2026-07-15,1.5%,"10,881","4,538,441"
2026-09-04 20:21:07,10,타짜: 벨제붑의 노래,2026-09-23,1.2%,"8,865",0
2026-09-04 20:21:07,11,더 드라마,2026-09-09,1.2%,"8,281","1,615"
2026-09-04 20:21:07,12,딥 워터,2026-09-09,0.8%,"5,487",126
2026-09-04 20:21:07,13,아이유 콘서트 : 더 골든 아워,재개봉일 : 2026-09-09 2023-09-13,0.6%,"4,486","87,628"
2026-09-04 20:21:07,14,아버지의 집밥,2026-09-09,0.6%,"4,418",231
2026-09-04 20:21:07,15,사랑의 하츄핑: 고래보석의 전설,2026-08-05,0.6%,"4,203","841,994"
2026-09-04 20:21:07,16,이누야샤 극장판: 시대를 초월한 마음,2026-09-09,0.5%,"3,872",0
2026-09-04 20:21:07,17,모모와 다락방의 수상한 요괴들,재개봉일 : 2026-09-02 2012-07-05,0.5%,"3,527","304,593"
2026-09-04 20:21:07,18,아이유 콘서트 : 더 위닝,재개봉일 : 2026-09-16 2025-01-24,0.5%,"3,434","75,872"
2026-09-04 20:21:07,19,고스트밴드,2026-08-26,0.5%,"3,369","15,006"
2026-09-04 20:21:07,20,연옥: 살인마들의 자치구역,2026-09-09,0.4%,"3,213","1,054"
2026-09-04 20:21:07,21,네 얼굴로는 울 수 없어,2026-09-09,0.4%,"2,945",0
2026-09-04 20:21:07,22,포가튼 아일랜드,2026-09-23,0.4%,"2,669",0
2026-09-04 20:21:07,23,오크 스트리트의 마지막 날,2026-08-26,0.3%,"2,247","122,993"
2026-09-04 20:21:07,24,오아시스: 돈 룩 백 인 앵거,2026-09-09,0.3%,"2,154",0
2026-09-04 20:21:07,25,명탐정 코난: 하이웨이의 타천사,2026-08-12,0.3%,"2,138","412,677"
2026-09-04 20:31:57,1,오디세이,2026-08-05,55.1%,"395,583","9,329,605"
2026-09-04 20:31:57,2,암살자(들),2026-09-23,6.7%,"48,056",145
2026-09-04 20:31:57,3,인턴,2026-09-16,6.3%,"45,198",0
2026-09-04 20:31:57,4,스파이더맨: 브랜드 뉴 데이,2026-07-29,5.5%,"39,602","8,645,357"
2026-09-04 20:31:57,5,옵세션,2026-09-02,3.7%,"26,342","46,653"
2026-09-04 20:31:57,6,비광,2026-09-02,2.3%,"16,180","30,557"
2026-09-04 20:31:57,7,경주기행,2026-08-26,2.2%,"15,727","248,178"
2026-09-04 20:31:57,8,싱 어게인,2026-09-02,2.0%,"14,068","21,549"
2026-09-04 20:31:57,9,호프,2026-07-15,1.5%,"10,914","4,538,441"
2026-09-04 20:31:57,10,타짜: 벨제붑의 노래,2026-09-23,1.2%,"8,899",0
2026-09-04 20:31:57,11,더 드라마,2026-09-09,1.2%,"8,287","1,615"
2026-09-04 20:31:57,12,딥 워터,2026-09-09,0.8%,"5,487",126
2026-09-04 20:31:57,13,아이유 콘서트 : 더 골든 아워,재개봉일 : 2026-09-09 2023-09-13,0.6%,"4,494","87,628"
2026-09-04 20:31:57,14,아버지의 집밥,2026-09-09,0.6%,"4,419",231
2026-09-04 20:31:57,15,사랑의 하츄핑: 고래보석의 전설,2026-08-05,0.6%,"4,270","841,994"
2026-09-04 20:31:57,16,이누야샤 극장판: 시대를 초월한 마음,2026-09-09,0.5%,"3,917",0
2026-09-04 20:31:57,17,모모와 다락방의 수상한 요괴들,재개봉일 : 2026-09-02 2012-07-05,0.5%,"3,534","304,593"
2026-09-04 20:31:57,18,아이유 콘서트 : 더 위닝,재개봉일 : 2026-09-16 2025-01-24,0.5%,"3,445","75,872"
2026-09-04 20:31:57,19,고스트밴드,2026-08-26,0.5%,"3,381","15,006"
2026-09-04 20:31:57,20,연옥: 살인마들의 자치구역,2026-09-09,0.4%,"3,217","1,054"
2026-09-04 20:31:57,21,네 얼굴로는 울 수 없어,2026-09-09,0.4%,"2,945",0
2026-09-04 20:31:57,22,포가튼 아일랜드,2026-09-23,0.4%,"2,669",0
2026-09-04 20:31:57,23,오크 스트리트의 마지막 날,2026-08-26,0.3%,"2,270","122,993"
2026-09-04 20:31:57,24,오아시스: 돈 룩 백 인 앵거,2026-09-09,0.3%,"2,175",0
2026-09-04 20:31:57,25,명탐정 코난: 하이웨이의 타천사,2026-08-12,0.3%,"2,145","412,677"
2026-09-04 21:21:07,1,오디세이,2026-08-05,55.1%,"398,355","9,329,605"
2026-09-04 21:21:07,2,암살자(들),2026-09-23,6.7%,"48,087",145
2026-09-04 21:21:07,3,인턴,2026-09-16,6.3%,"45,276",0
2026-09-04 21:21:07,4,스파이더맨: 브랜드 뉴 데이,2026-07-29,5.6%,"40,282","8,645,357"
2026-09-04 21:21:07,5,옵세션,2026-09-02,3.6%,"25,830","46,653"
2026-09-04 21:21:07,6,비광,2026-09-02,2.3%,"16,315","30,557"
2026-09-04 21:21:07,7,경주기행,2026-08-26,2.2%,"15,783","248,178"
2026-09-04 21:21:07,8,싱 어게인,2026-09-02,2.0%,"14,205","21,549"
2026-09-04 21:21:07,9,호프,2026-07-15,1.6%,"11,263","4,538,441"
2026-09-04 21:21:07,10,타짜: 벨제붑의 노래,2026-09-23,1.2%,"9,007",0
2026-09-04 21:21:07,11,더 드라마,2026-09-09,1.2%,"8,348","1,615"
2026-09-04 21:21:07,12,딥 워터,2026-09-09,0.8%,"5,495",126
2026-09-04 21:21:07,13,사랑의 하츄핑: 고래보석의 전설,2026-08-05,0.6%,"4,559","841,994"
2026-09-04 21:21:07,14,아이유 콘서트 : 더 골든 아워,재개봉일 : 2026-09-09 2023-09-13,0.6%,"4,532","87,628"
2026-09-04 21:21:07,15,아버지의 집밥,2026-09-09,0.6%,"4,428",231
2026-09-04 21:21:07,16,이누야샤 극장판: 시대를 초월한 마음,2026-09-09,0.6%,"4,033",0
2026-09-04 21:21:07,17,모모와 다락방의 수상한 요괴들,재개봉일 : 2026-09-02 2012-07-05,0.5%,"3,588","304,593"
2026-09-04 21:21:07,18,아이유 콘서트 : 더 위닝,재개봉일 : 2026-09-16 2025-01-24,0.5%,"3,463","75,872"
2026-09-04 21:21:07,19,고스트밴드,2026-08-26,0.5%,"3,402","15,006"
2026-09-04 21:21:07,20,연옥: 살인마들의 자치구역,2026-09-09,0.4%,"3,229","1,054"
2026-09-04 21:21:07,21,네 얼굴로는 울 수 없어,2026-09-09,0.4%,"2,944",0
2026-09-04 21:21:07,22,포가튼 아일랜드,2026-09-23,0.4%,"2,669",0
2026-09-04 21:21:07,23,오크 스트리트의 마지막 날,2026-08-26,0.3%,"2,283","122,993"
2026-09-04 21:21:07,24,오아시스: 돈 룩 백 인 앵거,2026-09-09,0.3%,"2,276",0
2026-09-04 21:21:07,25,명탐정 코난: 하이웨이의 타천사,2026-08-12,0.3%,"2,228","412,677"
2026-09-04 21:31:58,1,오디세이,2026-08-05,55.1%,"399,796","9,329,605"
2026-09-04 21:31:58,2,암살자(들),2026-09-23,6.6%,"48,091",145
2026-09-04 21:31:58,3,인턴,2026-09-16,6.2%,"45,294",0
2026-09-04 21:31:58,4,스파이더맨: 브랜드 뉴 데이,2026-07-29,5.6%,"40,603","8,645,357"
2026-09-04 21:31:58,5,옵세션,2026-09-02,3.6%,"25,892","46,653"
2026-09-04 21:31:58,6,비광,2026-09-02,2.3%,"16,344","30,557"
2026-09-04 21:31:58,7,경주기행,2026-08-26,2.2%,"15,853","248,178"
2026-09-04 21:31:58,8,싱 어게인,2026-09-02,2.0%,"14,279","21,549"
2026-09-04 21:31:58,9,호프,2026-07-15,1.6%,"11,290","4,538,441"
2026-09-04 21:31:58,10,타짜: 벨제붑의 노래,2026-09-23,1.2%,"9,027",0
2026-09-04 21:31:58,11,더 드라마,2026-09-09,1.2%,"8,359","1,615"
2026-09-04 21:31:58,12,딥 워터,2026-09-09,0.8%,"5,497",126
2026-09-04 21:31:58,13,사랑의 하츄핑: 고래보석의 전설,2026-08-05,0.6%,"4,647","841,994"
2026-09-04 21:31:58,14,아이유 콘서트 : 더 골든 아워,재개봉일 : 2026-09-09 2023-09-13,0.6%,"4,548","87,628"
2026-09-04 21:31:58,15,아버지의 집밥,2026-09-09,0.6%,"4,428",231
2026-09-04 21:31:58,16,이누야샤 극장판: 시대를 초월한 마음,2026-09-09,0.6%,"4,069",0
2026-09-04 21:31:58,17,모모와 다락방의 수상한 요괴들,재개봉일 : 2026-09-02 2012-07-05,0.5%,"3,600","304,593"
2026-09-04 21:31:58,18,아이유 콘서트 : 더 위닝,재개봉일 : 2026-09-16 2025-01-24,0.5%,"3,475","75,872"
2026-09-04 21:31:58,19,고스트밴드,2026-08-26,0.5%,"3,406","15,006"
2026-09-04 21:31:58,20,연옥: 살인마들의 자치구역,2026-09-09,0.4%,"3,232","1,054"
2026-09-04 21:31:58,21,네 얼굴로는 울 수 없어,2026-09-09,0.4%,"2,946",0
2026-09-04 21:31:58,22,포가튼 아일랜드,2026-09-23,0.4%,"2,669",0
2026-09-04 21:31:58,23,오아시스: 돈 룩 백 인 앵거,2026-09-09,0.3%,"2,300",0
2026-09-04 21:31:58,24,오크 스트리트의 마지막 날,2026-08-26,0.3%,"2,276","122,993"
2026-09-04 21:31:58,25,명탐정 코난: 하이웨이의 타천사,2026-08-12,0.3%,"2,248","412,677"
2026-09-04 22:21:07,1,오디세이,2026-08-05,55.2%,"406,739","9,329,605"
2026-09-04 22:21:07,2,암살자(들),2026-09-23,6.5%,"48,105",145
2026-09-04 22:21:07,3,인턴,2026-09-16,6.2%,"45,349",0
2026-09-04 22:21:07,4,스파이더맨: 브랜드 뉴 데이,2026-07-29,5.7%,"41,907","8,645,357"
2026-09-04 22:21:07,5,옵세션,2026-09-02,3.6%,"26,498","46,653"
2026-09-04 22:21:07,6,비광,2026-09-02,2.2%,"16,362","30,557"
2026-09-04 22:21:07,7,경주기행,2026-08-26,2.2%,"16,146","248,178"
2026-09-04 22:21:07,8,싱 어게인,2026-09-02,2.0%,"14,552","21,549"
2026-09-04 22:21:07,9,호프,2026-07-15,1.6%,"11,440","4,538,441"
2026-09-04 22:21:07,10,타짜: 벨제붑의 노래,2026-09-23,1.2%,"9,122",0
2026-09-04 22:21:07,11,더 드라마,2026-09-09,1.1%,"8,424","1,615"
2026-09-04 22:21:07,12,딥 워터,2026-09-09,0.7%,"5,500",126
2026-09-04 22:21:07,13,사랑의 하츄핑: 고래보석의 전설,2026-08-05,0.7%,"4,897","841,994"
2026-09-04 22:21:07,14,아이유 콘서트 : 더 골든 아워,재개봉일 : 2026-09-09 2023-09-13,0.6%,"4,623","87,628"
2026-09-04 22:21:07,15,아버지의 집밥,2026-09-09,0.6%,"4,428",231
2026-09-04 22:21:07,16,이누야샤 극장판: 시대를 초월한 마음,2026-09-09,0.6%,"4,167",0
2026-09-04 22:21:07,17,모모와 다락방의 수상한 요괴들,재개봉일 : 2026-09-02 2012-07-05,0.5%,"3,619","304,593"
2026-09-04 22:21:07,18,아이유 콘서트 : 더 위닝,재개봉일 : 2026-09-16 2025-01-24,0.5%,"3,509","75,872"
2026-09-04 22:21:07,19,고스트밴드,2026-08-26,0.5%,"3,442","15,006"
2026-09-04 22:21:07,20,연옥: 살인마들의 자치구역,2026-09-09,0.4%,"3,248","1,054"
2026-09-04 22:21:07,21,네 얼굴로는 울 수 없어,2026-09-09,0.4%,"2,949",0
2026-09-04 22:21:07,22,포가튼 아일랜드,2026-09-23,0.4%,"2,669",0
2026-09-04 22:21:07,23,오아시스: 돈 룩 백 인 앵거,2026-09-09,0.3%,"2,369",0
2026-09-04 22:21:07,24,오크 스트리트의 마지막 날,2026-08-26,0.3%,"2,342","122,993"
2026-09-04 22:21:07,25,명탐정 코난: 하이웨이의 타천사,2026-08-12,0.3%,"2,300","412,677"
2026-09-04 22:32:01,1,오디세이,2026-08-05,55.3%,"408,289","9,329,605"
2026-09-04 22:32:01,2,암살자(들),2026-09-23,6.5%,"48,108",145
2026-09-04 22:32:01,3,인턴,2026-09-16,6.1%,"45,361",0
2026-09-04 22:32:01,4,스파이더맨: 브랜드 뉴 데이,2026-07-29,5.7%,"42,216","8,645,357"
2026-09-04 22:32:01,5,옵세션,2026-09-02,3.6%,"26,667","46,653"
2026-09-04 22:32:01,6,비광,2026-09-02,2.2%,"16,344","30,557"
2026-09-04 22:32:01,7,경주기행,2026-08-26,2.2%,"16,198","248,178"
2026-09-04 22:32:01,8,싱 어게인,2026-09-02,2.0%,"14,620","21,549"
2026-09-04 22:32:01,9,호프,2026-07-15,1.6%,"11,480","4,538,441"
2026-09-04 22:32:01,10,타짜: 벨제붑의 노래,2026-09-23,1.2%,"9,125",0
2026-09-04 22:32:01,11,더 드라마,2026-09-09,1.1%,"8,434","1,615"
2026-09-04 22:32:01,12,딥 워터,2026-09-09,0.7%,"5,501",126
2026-09-04 22:32:01,13,사랑의 하츄핑: 고래보석의 전설,2026-08-05,0.7%,"4,955","841,994"
2026-09-04 22:32:01,14,아이유 콘서트 : 더 골든 아워,재개봉일 : 2026-09-09 2023-09-13,0.6%,"4,630","87,628"
2026-09-04 22:32:01,15,아버지의 집밥,2026-09-09,0.6%,"4,429",231
2026-09-04 22:32:01,16,이누야샤 극장판: 시대를 초월한 마음,2026-09-09,0.6%,"4,187",0
2026-09-04 22:32:01,17,모모와 다락방의 수상한 요괴들,재개봉일 : 2026-09-02 2012-07-05,0.5%,"3,645","304,593"
2026-09-04 22:32:01,18,아이유 콘서트 : 더 위닝,재개봉일 : 2026-09-16 2025-01-24,0.5%,"3,511","75,872"
2026-09-04 22:32:01,19,고스트밴드,2026-08-26,0.5%,"3,441","15,006"
2026-09-04 22:32:01,20,연옥: 살인마들의 자치구역,2026-09-09,0.4%,"3,256","1,054"
2026-09-04 22:32:01,21,네 얼굴로는 울 수 없어,2026-09-09,0.4%,"2,950",0
2026-09-04 22:32:01,22,포가튼 아일랜드,2026-09-23,0.4%,"2,669",0
2026-09-04 22:32:01,23,오아시스: 돈 룩 백 인 앵거,2026-09-09,0.3%,"2,389",0
2026-09-04 22:32:01,24,오크 스트리트의 마지막 날,2026-08-26,0.3%,"2,358","122,993"
2026-09-04 22:32:01,25,명탐정 코난: 하이웨이의 타천사,2026-08-12,0.3%,"2,339","412,677"
2026-09-04 23:21:07,1,오디세이,2026-08-05,55.2%,"413,216","9,329,605"
2026-09-04 23:21:07,2,암살자(들),2026-09-23,6.4%,"48,148",145
2026-09-04 23:21:07,3,인턴,2026-09-16,6.1%,"45,431",0
2026-09-04 23:21:07,4,스파이더맨: 브랜드 뉴 데이,2026-07-29,5.9%,"43,938","8,645,357"
2026-09-04 23:21:07,5,옵세션,2026-09-02,3.7%,"27,897","46,653"
2026-09-04 23:21:07,6,경주기행,2026-08-26,2.2%,"16,425","248,178"
2026-09-04 23:21:07,7,비광,2026-09-02,2.2%,"16,398","30,557"
2026-09-04 23:21:07,8,싱 어게인,2026-09-02,2.0%,"15,012","21,549"
2026-09-04 23:21:07,9,호프,2026-07-15,1.6%,"11,684","4,538,441"
2026-09-04 23:21:07,10,타짜: 벨제붑의 노래,2026-09-23,1.2%,"9,172",0
2026-09-04 23:21:07,11,더 드라마,2026-09-09,1.1%,"8,500","1,615"
2026-09-04 23:21:07,12,딥 워터,2026-09-09,0.7%,"5,501",126
2026-09-04 23:21:07,13,사랑의 하츄핑: 고래보석의 전설,2026-08-05,0.7%,"5,173","841,994"
2026-09-04 23:21:07,14,아이유 콘서트 : 더 골든 아워,재개봉일 : 2026-09-09 2023-09-13,0.6%,"4,666","87,628"
2026-09-04 23:21:07,15,아버지의 집밥,2026-09-09,0.6%,"4,435",231
2026-09-04 23:21:07,16,이누야샤 극장판: 시대를 초월한 마음,2026-09-09,0.6%,"4,254",0
2026-09-04 23:21:07,17,모모와 다락방의 수상한 요괴들,재개봉일 : 2026-09-02 2012-07-05,0.5%,"3,676","304,593"
2026-09-04 23:21:07,18,아이유 콘서트 : 더 위닝,재개봉일 : 2026-09-16 2025-01-24,0.5%,"3,536","75,872"
2026-09-04 23:21:07,19,고스트밴드,2026-08-26,0.5%,"3,456","15,006"
2026-09-04 23:21:07,20,연옥: 살인마들의 자치구역,2026-09-09,0.4%,"3,261","1,054"
2026-09-04 23:21:07,21,네 얼굴로는 울 수 없어,2026-09-09,0.4%,"2,953",0
2026-09-04 23:21:07,22,포가튼 아일랜드,2026-09-23,0.4%,"2,669",0
2026-09-04 23:21:07,23,오아시스: 돈 룩 백 인 앵거,2026-09-09,0.3%,"2,470",0
2026-09-04 23:21:07,24,명탐정 코난: 하이웨이의 타천사,2026-08-12,0.3%,"2,464","412,677"
2026-09-04 23:21:07,25,오크 스트리트의 마지막 날,2026-08-26,0.3%,"2,455","122,993"
2026-09-04 23:31:59,1,오디세이,2026-08-05,55.2%,"414,821","9,329,605"
2026-09-04 23:31:59,2,암살자(들),2026-09-23,6.4%,"48,162",145
2026-09-04 23:31:59,3,인턴,2026-09-16,6.0%,"45,441",0
2026-09-04 23:31:59,4,스파이더맨: 브랜드 뉴 데이,2026-07-29,5.9%,"44,255","8,645,357"
2026-09-04 23:31:59,5,옵세션,2026-09-02,3.8%,"28,200","46,653"
2026-09-04 23:31:59,6,경주기행,2026-08-26,2.2%,"16,479","248,178"
2026-09-04 23:31:59,7,비광,2026-09-02,2.2%,"16,403","30,557"
2026-09-04 23:31:59,8,싱 어게인,2026-09-02,2.0%,"15,107","21,549"
2026-09-04 23:31:59,9,호프,2026-07-15,1.6%,"11,715","4,538,441"
2026-09-04 23:31:59,10,타짜: 벨제붑의 노래,2026-09-23,1.2%,"9,190",0
2026-09-04 23:31:59,11,더 드라마,2026-09-09,1.1%,"8,497","1,615"
2026-09-04 23:31:59,12,딥 워터,2026-09-09,0.7%,"5,501",126
2026-09-04 23:31:59,13,사랑의 하츄핑: 고래보석의 전설,2026-08-05,0.7%,"5,204","841,994"
2026-09-04 23:31:59,14,아이유 콘서트 : 더 골든 아워,재개봉일 : 2026-09-09 2023-09-13,0.6%,"4,675","87,628"
2026-09-04 23:31:59,15,아버지의 집밥,2026-09-09,0.6%,"4,434",231
2026-09-04 23:31:59,16,이누야샤 극장판: 시대를 초월한 마음,2026-09-09,0.6%,"4,263",0
2026-09-04 23:31:59,17,모모와 다락방의 수상한 요괴들,재개봉일 : 2026-09-02 2012-07-05,0.5%,"3,681","304,593"
2026-09-04 23:31:59,18,아이유 콘서트 : 더 위닝,재개봉일 : 2026-09-16 2025-01-24,0.5%,"3,539","75,872"
2026-09-04 23:31:59,19,고스트밴드,2026-08-26,0.5%,"3,463","15,006"
2026-09-04 23:31:59,20,연옥: 살인마들의 자치구역,2026-09-09,0.4%,"3,264","1,054"
2026-09-04 23:31:59,21,네 얼굴로는 울 수 없어,2026-09-09,0.4%,"2,952",0
2026-09-04 23:31:59,22,포가튼 아일랜드,2026-09-23,0.4%,"2,669",0
2026-09-04 23:31:59,23,명탐정 코난: 하이웨이의 타천사,2026-08-12,0.3%,"2,499","412,677"
2026-09-04 23:31:59,24,오아시스: 돈 룩 백 인 앵거,2026-09-09,0.3%,"2,496",0
2026-09-04 23:31:59,25,오크 스트리트의 마지막 날,2026-08-26,0.3%,"2,472","122,993"
2026-09-05 00:21:07,1,오디세이,2026-08-05,55.2%,"419,397","9,466,971"
2026-09-05 00:21:07,2,암살자(들),2026-09-23,6.3%,"48,184",145
2026-09-05 00:21:07,3,인턴,2026-09-16,6.0%,"45,497","8,610"
2026-09-05 00:21:07,4,스파이더맨: 브랜드 뉴 데이,2026-07-29,6.0%,"45,391","8,673,477"
2026-09-05 00:21:07,5,옵세션,2026-09-02,3.9%,"29,437","78,165"
2026-09-05 00:21:07,6,경주기행,2026-08-26,2.2%,"16,581","260,085"
2026-09-05 00:21:07,7,비광,2026-09-02,2.1%,"16,265","41,083"
2026-09-05 00:21:07,8,싱 어게인,2026-09-02,2.0%,"15,368","30,641"
2026-09-05 00:21:07,9,호프,2026-07-15,1.6%,"11,785","4,539,028"
2026-09-05 00:21:07,10,타짜: 벨제붑의 노래,2026-09-23,1.2%,"9,270",0
2026-09-05 00:21:07,11,더 드라마,2026-09-09,1.1%,"8,551","1,615"
2026-09-05 00:21:07,12,딥 워터,2026-09-09,0.7%,"5,503",126
2026-09-05 00:21:07,13,사랑의 하츄핑: 고래보석의 전설,2026-08-05,0.7%,"5,324","842,731"
2026-09-05 00:21:07,14,아이유 콘서트 : 더 골든 아워,재개봉일 : 2026-09-09 2023-09-13,0.6%,"4,697","87,628"
2026-09-05 00:21:07,15,아버지의 집밥,2026-09-09,0.6%,"4,436",231
2026-09-05 00:21:07,16,이누야샤 극장판: 시대를 초월한 마음,2026-09-09,0.6%,"4,335",122
2026-09-05 00:21:07,17,모모와 다락방의 수상한 요괴들,재개봉일 : 2026-09-02 2012-07-05,0.5%,"3,703","305,708"
2026-09-05 00:21:07,18,아이유 콘서트 : 더 위닝,재개봉일 : 2026-09-16 2025-01-24,0.5%,"3,552","75,872"
2026-09-05 00:21:07,19,고스트밴드,2026-08-26,0.5%,"3,481","15,208"
2026-09-05 00:21:07,20,연옥: 살인마들의 자치구역,2026-09-09,0.4%,"3,264","1,054"
2026-09-05 00:21:07,21,네 얼굴로는 울 수 없어,2026-09-09,0.4%,"2,954",0
2026-09-05 00:21:07,22,포가튼 아일랜드,2026-09-23,0.4%,"2,669",0
2026-09-05 00:21:07,23,명탐정 코난: 하이웨이의 타천사,2026-08-12,0.3%,"2,593","414,524"
2026-09-05 00:21:07,24,오아시스: 돈 룩 백 인 앵거,2026-09-09,0.3%,"2,547",0
2026-09-05 00:21:07,25,오크 스트리트의 마지막 날,2026-08-26,0.3%,"2,540","125,208"
2026-09-05 00:31:55,1,오디세이,2026-08-05,55.2%,"420,302","9,466,975"
2026-09-05 00:31:55,2,암살자(들),2026-09-23,6.3%,"48,197",145
2026-09-05 00:31:55,3,스파이더맨: 브랜드 뉴 데이,2026-07-29,6.0%,"45,579","8,673,476"
2026-09-05 00:31:55,4,인턴,2026-09-16,6.0%,"45,519","8,610"
2026-09-05 00:31:55,5,옵세션,2026-09-02,3.9%,"29,679","78,175"
2026-09-05 00:31:55,6,경주기행,2026-08-26,2.2%,"16,644","260,087"
2026-09-05 00:31:55,7,비광,2026-09-02,2.1%,"16,275","41,083"
2026-09-05 00:31:55,8,싱 어게인,2026-09-02,2.0%,"15,434","30,641"
2026-09-05 00:31:55,9,호프,2026-07-15,1.6%,"11,810","4,539,028"
2026-09-05 00:31:55,10,타짜: 벨제붑의 노래,2026-09-23,1.2%,"9,297",0
2026-09-05 00:31:55,11,더 드라마,2026-09-09,1.1%,"8,567","1,615"
2026-09-05 00:31:55,12,딥 워터,2026-09-09,0.7%,"5,503",126
2026-09-05 00:31:55,13,사랑의 하츄핑: 고래보석의 전설,2026-08-05,0.7%,"5,339","842,731"
2026-09-05 00:31:55,14,아이유 콘서트 : 더 골든 아워,재개봉일 : 2026-09-09 2023-09-13,0.6%,"4,700","87,628"
2026-09-05 00:31:55,15,아버지의 집밥,2026-09-09,0.6%,"4,436",231
2026-09-05 00:31:55,16,이누야샤 극장판: 시대를 초월한 마음,2026-09-09,0.6%,"4,348",122
2026-09-05 00:31:55,17,모모와 다락방의 수상한 요괴들,재개봉일 : 2026-09-02 2012-07-05,0.5%,"3,708","305,708"
2026-09-05 00:31:55,18,아이유 콘서트 : 더 위닝,재개봉일 : 2026-09-16 2025-01-24,0.5%,"3,555","75,872"
2026-09-05 00:31:55,19,고스트밴드,2026-08-26,0.5%,"3,484","15,208"
2026-09-05 00:31:55,20,연옥: 살인마들의 자치구역,2026-09-09,0.4%,"3,263","1,054"
2026-09-05 00:31:55,21,네 얼굴로는 울 수 없어,2026-09-09,0.4%,"2,954",0
2026-09-05 00:31:55,22,포가튼 아일랜드,2026-09-23,0.4%,"2,669",0
2026-09-05 00:31:55,23,명탐정 코난: 하이웨이의 타천사,2026-08-12,0.3%,"2,615","414,524"
2026-09-05 00:31:55,24,오아시스: 돈 룩 백 인 앵거,2026-09-09,0.3%,"2,571",0
2026-09-05 00:31:55,25,오크 스트리트의 마지막 날,2026-08-26,0.3%,"2,547","125,208"
2026-09-05 01:21:07,1,오디세이,2026-08-05,55.2%,"423,158","9,466,988"
2026-09-05 01:21:07,2,암살자(들),2026-09-23,6.3%,"48,223",145
2026-09-05 01:21:07,3,스파이더맨: 브랜드 뉴 데이,2026-07-29,6.0%,"46,174","8,673,477"
2026-09-05 01:21:07,4,인턴,2026-09-16,5.9%,"45,555","8,610"
2026-09-05 01:21:07,5,옵세션,2026-09-02,4.0%,"30,653","78,215"
2026-09-05 01:21:07,6,경주기행,2026-08-26,2.2%,"16,795","260,102"
2026-09-05 01:21:07,7,비광,2026-09-02,2.1%,"16,361","41,084"
2026-09-05 01:21:07,8,싱 어게인,2026-09-02,2.0%,"15,641","30,645"
2026-09-05 01:21:07,9,호프,2026-07-15,1.5%,"11,868","4,539,028"
2026-09-05 01:21:07,10,타짜: 벨제붑의 노래,2026-09-23,1.2%,"9,377",0
2026-09-05 01:21:07,11,더 드라마,2026-09-09,1.1%,"8,601","1,615"
2026-09-05 01:21:07,12,딥 워터,2026-09-09,0.7%,"5,503",126
2026-09-05 01:21:07,13,사랑의 하츄핑: 고래보석의 전설,2026-08-05,0.7%,"5,403","842,731"
2026-09-05 01:21:07,14,아이유 콘서트 : 더 골든 아워,재개봉일 : 2026-09-09 2023-09-13,0.6%,"4,710","87,628"
2026-09-05 01:21:07,15,아버지의 집밥,2026-09-09,0.6%,"4,439",231
2026-09-05 01:21:07,16,이누야샤 극장판: 시대를 초월한 마음,2026-09-09,0.6%,"4,395",122
2026-09-05 01:21:07,17,모모와 다락방의 수상한 요괴들,재개봉일 : 2026-09-02 2012-07-05,0.5%,"3,718","305,708"
2026-09-05 01:21:07,18,아이유 콘서트 : 더 위닝,재개봉일 : 2026-09-16 2025-01-24,0.5%,"3,572","75,872"
2026-09-05 01:21:07,19,고스트밴드,2026-08-26,0.5%,"3,499","15,208"
2026-09-05 01:21:07,20,연옥: 살인마들의 자치구역,2026-09-09,0.4%,"3,268","1,054"
2026-09-05 01:21:07,21,네 얼굴로는 울 수 없어,2026-09-09,0.4%,"2,957",0
2026-09-05 01:21:07,22,명탐정 코난: 하이웨이의 타천사,2026-08-12,0.4%,"2,687","414,524"
2026-09-05 01:21:07,23,포가튼 아일랜드,2026-09-23,0.3%,"2,669",0
2026-09-05 01:21:07,24,오아시스: 돈 룩 백 인 앵거,2026-09-09,0.3%,"2,613",0
2026-09-05 01:21:07,25,오크 스트리트의 마지막 날,2026-08-26,0.3%,"2,590","125,210"
2026-09-05 01:31:52,1,오디세이,2026-08-05,55.2%,"423,485","9,466,990"
2026-09-05 01:31:52,2,암살자(들),2026-09-23,6.3%,"48,228",145
2026-09-05 01:31:52,3,스파이더맨: 브랜드 뉴 데이,2026-07-29,6.0%,"46,228","8,673,477"
2026-09-05 01:31:52,4,인턴,2026-09-16,5.9%,"45,571","8,610"
2026-09-05 01:31:52,5,옵세션,2026-09-02,4.0%,"30,768","78,215"
2026-09-05 01:31:52,6,경주기행,2026-08-26,2.2%,"16,809","260,104"
2026-09-05 01:31:52,7,비광,2026-09-02,2.1%,"16,369","41,084"
2026-09-05 01:31:52,8,싱 어게인,2026-09-02,2.0%,"15,662","30,645"
2026-09-05 01:31:52,9,호프,2026-07-15,1.5%,"11,874","4,539,028"
2026-09-05 01:31:52,10,타짜: 벨제붑의 노래,2026-09-23,1.2%,"9,405",0
2026-09-05 01:31:52,11,더 드라마,2026-09-09,1.1%,"8,608","1,615"
2026-09-05 01:31:52,12,딥 워터,2026-09-09,0.7%,"5,508",126
2026-09-05 01:31:52,13,사랑의 하츄핑: 고래보석의 전설,2026-08-05,0.7%,"5,404","842,731"
2026-09-05 01:31:52,14,아이유 콘서트 : 더 골든 아워,재개봉일 : 2026-09-09 2023-09-13,0.6%,"4,714","87,628"
2026-09-05 01:31:52,15,아버지의 집밥,2026-09-09,0.6%,"4,439",231
2026-09-05 01:31:52,16,이누야샤 극장판: 시대를 초월한 마음,2026-09-09,0.6%,"4,403",122
2026-09-05 01:31:52,17,모모와 다락방의 수상한 요괴들,재개봉일 : 2026-09-02 2012-07-05,0.5%,"3,720","305,708"
2026-09-05 01:31:52,18,아이유 콘서트 : 더 위닝,재개봉일 : 2026-09-16 2025-01-24,0.5%,"3,576","75,872"
2026-09-05 01:31:52,19,고스트밴드,2026-08-26,0.5%,"3,498","15,208"
2026-09-05 01:31:52,20,연옥: 살인마들의 자치구역,2026-09-09,0.4%,"3,268","1,054"
2026-09-05 01:31:52,21,네 얼굴로는 울 수 없어,2026-09-09,0.4%,"2,957",0
2026-09-05 01:31:52,22,명탐정 코난: 하이웨이의 타천사,2026-08-12,0.4%,"2,692","414,524"
2026-09-05 01:31:52,23,포가튼 아일랜드,2026-09-23,0.3%,"2,669",0
2026-09-05 01:31:52,24,오아시스: 돈 룩 백 인 앵거,2026-09-09,0.3%,"2,618",0
2026-09-05 01:31:52,25,오크 스트리트의 마지막 날,2026-08-26,0.3%,"2,592","125,212"
2026-09-05 02:21:07,1,오디세이,2026-08-05,55.1%,"424,712","9,466,992"
2026-09-05 02:21:07,2,암살자(들),2026-09-23,6.3%,"48,242",145
2026-09-05 02:21:07,3,스파이더맨: 브랜드 뉴 데이,2026-07-29,6.0%,"46,502","8,673,477"
2026-09-05 02:21:07,4,인턴,2026-09-16,5.9%,"45,603","8,610"
2026-09-05 02:21:07,5,옵세션,2026-09-02,4.1%,"31,367","78,215"
2026-09-05 02:21:07,6,경주기행,2026-08-26,2.2%,"16,893","260,104"
2026-09-05 02:21:07,7,비광,2026-09-02,2.1%,"16,404","41,084"
2026-09-05 02:21:07,8,싱 어게인,2026-09-02,2.1%,"15,809","30,645"
2026-09-05 02:21:07,9,호프,2026-07-15,1.5%,"11,925","4,539,028"
2026-09-05 02:21:07,10,타짜: 벨제붑의 노래,2026-09-23,1.2%,"9,454",0
2026-09-05 02:21:07,11,더 드라마,2026-09-09,1.1%,"8,649","1,615"
2026-09-05 02:21:07,12,딥 워터,2026-09-09,0.7%,"5,509",126
2026-09-05 02:21:07,13,사랑의 하츄핑: 고래보석의 전설,2026-08-05,0.7%,"5,426","842,731"
2026-09-05 02:21:07,14,아이유 콘서트 : 더 골든 아워,재개봉일 : 2026-09-09 2023-09-13,0.6%,"4,725","87,628"
2026-09-05 02:21:07,15,이누야샤 극장판: 시대를 초월한 마음,2026-09-09,0.6%,"4,447",122
2026-09-05 02:21:07,16,아버지의 집밥,2026-09-09,0.6%,"4,440",231
2026-09-05 02:21:07,17,모모와 다락방의 수상한 요괴들,재개봉일 : 2026-09-02 2012-07-05,0.5%,"3,732","305,708"
2026-09-05 02:21:07,18,아이유 콘서트 : 더 위닝,재개봉일 : 2026-09-16 2025-01-24,0.5%,"3,583","75,872"
2026-09-05 02:21:07,19,고스트밴드,2026-08-26,0.5%,"3,503","15,208"
2026-09-05 02:21:07,20,연옥: 살인마들의 자치구역,2026-09-09,0.4%,"3,276","1,054"
2026-09-05 02:21:07,21,네 얼굴로는 울 수 없어,2026-09-09,0.4%,"2,960",0
2026-09-05 02:21:07,22,명탐정 코난: 하이웨이의 타천사,2026-08-12,0.4%,"2,725","414,524"
2026-09-05 02:21:07,23,포가튼 아일랜드,2026-09-23,0.3%,"2,669",0
2026-09-05 02:21:07,24,오아시스: 돈 룩 백 인 앵거,2026-09-09,0.3%,"2,653",0
2026-09-05 02:21:07,25,오크 스트리트의 마지막 날,2026-08-26,0.3%,"2,610","125,221"
2026-09-05 02:31:53,1,오디세이,2026-08-05,55.1%,"424,869","9,466,992"
2026-09-05 02:31:53,2,암살자(들),2026-09-23,6.3%,"48,234",145
2026-09-05 02:31:53,3,스파이더맨: 브랜드 뉴 데이,2026-07-29,6.0%,"46,529","8,673,477"
2026-09-05 02:31:53,4,인턴,2026-09-16,5.9%,"45,614","8,610"
2026-09-05 02:31:53,5,옵세션,2026-09-02,4.1%,"31,434","78,215"
2026-09-05 02:31:53,6,경주기행,2026-08-26,2.2%,"16,891","260,104"
2026-09-05 02:31:53,7,비광,2026-09-02,2.1%,"16,404","41,084"
2026-09-05 02:31:53,8,싱 어게인,2026-09-02,2.1%,"15,808","30,645"
2026-09-05 02:31:53,9,호프,2026-07-15,1.5%,"11,932","4,539,028"
2026-09-05 02:31:53,10,타짜: 벨제붑의 노래,2026-09-23,1.2%,"9,453",0
2026-09-05 02:31:53,11,더 드라마,2026-09-09,1.1%,"8,657","1,615"
2026-09-05 02:31:53,12,딥 워터,2026-09-09,0.7%,"5,509",126
2026-09-05 02:31:53,13,사랑의 하츄핑: 고래보석의 전설,2026-08-05,0.7%,"5,425","842,731"
2026-09-05 02:31:53,14,아이유 콘서트 : 더 골든 아워,재개봉일 : 2026-09-09 2023-09-13,0.6%,"4,726","87,628"
2026-09-05 02:31:53,15,이누야샤 극장판: 시대를 초월한 마음,2026-09-09,0.6%,"4,449",122
2026-09-05 02:31:53,16,아버지의 집밥,2026-09-09,0.6%,"4,440",231
2026-09-05 02:31:53,17,모모와 다락방의 수상한 요괴들,재개봉일 : 2026-09-02 2012-07-05,0.5%,"3,732","305,708"
2026-09-05 02:31:53,18,아이유 콘서트 : 더 위닝,재개봉일 : 2026-09-16 2025-01-24,0.5%,"3,587","75,872"
2026-09-05 02:31:53,19,고스트밴드,2026-08-26,0.5%,"3,503","15,208"
2026-09-05 02:31:53,20,연옥: 살인마들의 자치구역,2026-09-09,0.4%,"3,276","1,054"
2026-09-05 02:31:53,21,네 얼굴로는 울 수 없어,2026-09-09,0.4%,"2,960",0
2026-09-05 02:31:53,22,명탐정 코난: 하이웨이의 타천사,2026-08-12,0.4%,"2,731","414,524"
2026-09-05 02:31:53,23,포가튼 아일랜드,2026-09-23,0.3%,"2,669",0
2026-09-05 02:31:53,24,오아시스: 돈 룩 백 인 앵거,2026-09-09,0.3%,"2,660",0
2026-09-05 02:31:53,25,오크 스트리트의 마지막 날,2026-08-26,0.3%,"2,607","125,221"
2026-09-05 03:21:07,1,오디세이,2026-08-05,55.1%,"425,371","9,466,992"
2026-09-05 03:21:07,2,암살자(들),2026-09-23,6.2%,"48,253",145
2026-09-05 03:21:07,3,스파이더맨: 브랜드 뉴 데이,2026-07-29,6.0%,"46,654","8,673,477"
2026-09-05 03:21:07,4,인턴,2026-09-16,5.9%,"45,627","8,610"
2026-09-05 03:21:07,5,옵세션,2026-09-02,4.1%,"31,740","78,215"
2026-09-05 03:21:07,6,경주기행,2026-08-26,2.2%,"16,938","260,104"
2026-09-05 03:21:07,7,비광,2026-09-02,2.1%,"16,426","41,084"
2026-09-05 03:21:07,8,싱 어게인,2026-09-02,2.1%,"15,835","30,645"
2026-09-05 03:21:07,9,호프,2026-07-15,1.5%,"11,947","4,539,028"
2026-09-05 03:21:07,10,타짜: 벨제붑의 노래,2026-09-23,1.2%,"9,466",0
2026-09-05 03:21:07,11,더 드라마,2026-09-09,1.1%,"8,666","1,615"
2026-09-05 03:21:07,12,딥 워터,2026-09-09,0.7%,"5,509",126
2026-09-05 03:21:07,13,사랑의 하츄핑: 고래보석의 전설,2026-08-05,0.7%,"5,434","842,731"
2026-09-05 03:21:07,14,아이유 콘서트 : 더 골든 아워,재개봉일 : 2026-09-09 2023-09-13,0.6%,"4,734","87,628"
2026-09-05 03:21:07,15,이누야샤 극장판: 시대를 초월한 마음,2026-09-09,0.6%,"4,475",122
2026-09-05 03:21:07,16,아버지의 집밥,2026-09-09,0.6%,"4,442",231
2026-09-05 03:21:07,17,모모와 다락방의 수상한 요괴들,재개봉일 : 2026-09-02 2012-07-05,0.5%,"3,732","305,708"
2026-09-05 03:21:07,18,아이유 콘서트 : 더 위닝,재개봉일 : 2026-09-16 2025-01-24,0.5%,"3,589","75,872"
2026-09-05 03:21:07,19,고스트밴드,2026-08-26,0.5%,"3,505","15,208"
2026-09-05 03:21:07,20,연옥: 살인마들의 자치구역,2026-09-09,0.4%,"3,277","1,054"
2026-09-05 03:21:07,21,네 얼굴로는 울 수 없어,2026-09-09,0.4%,"2,965",0
2026-09-05 03:21:07,22,명탐정 코난: 하이웨이의 타천사,2026-08-12,0.4%,"2,744","414,524"
2026-09-05 03:21:07,23,포가튼 아일랜드,2026-09-23,0.3%,"2,669",0
2026-09-05 03:21:07,24,오아시스: 돈 룩 백 인 앵거,2026-09-09,0.3%,"2,665",0
2026-09-05 03:21:07,25,오크 스트리트의 마지막 날,2026-08-26,0.3%,"2,619","125,221"
2026-09-05 03:31:53,1,오디세이,2026-08-05,55.1%,"425,473","9,466,992"
2026-09-05 03:31:53,2,암살자(들),2026-09-23,6.2%,"48,255",145
2026-09-05 03:31:53,3,스파이더맨: 브랜드 뉴 데이,2026-07-29,6.0%,"46,691","8,673,477"
2026-09-05 03:31:53,4,인턴,2026-09-16,5.9%,"45,628","8,610"
2026-09-05 03:31:53,5,옵세션,2026-09-02,4.1%,"31,791","78,215"
2026-09-05 03:31:53,6,경주기행,2026-08-26,2.2%,"16,943","260,104"
2026-09-05 03:31:53,7,비광,2026-09-02,2.1%,"16,424","41,084"
2026-09-05 03:31:53,8,싱 어게인,2026-09-02,2.1%,"15,840","30,645"
2026-09-05 03:31:53,9,호프,2026-07-15,1.5%,"11,947","4,539,028"
2026-09-05 03:31:53,10,타짜: 벨제붑의 노래,2026-09-23,1.2%,"9,471",0
2026-09-05 03:31:53,11,더 드라마,2026-09-09,1.1%,"8,666","1,615"
2026-09-05 03:31:53,12,딥 워터,2026-09-09,0.7%,"5,509",126
2026-09-05 03:31:53,13,사랑의 하츄핑: 고래보석의 전설,2026-08-05,0.7%,"5,437","842,731"
2026-09-05 03:31:53,14,아이유 콘서트 : 더 골든 아워,재개봉일 : 2026-09-09 2023-09-13,0.6%,"4,737","87,628"
2026-09-05 03:31:53,15,이누야샤 극장판: 시대를 초월한 마음,2026-09-09,0.6%,"4,476",122
2026-09-05 03:31:53,16,아버지의 집밥,2026-09-09,0.6%,"4,442",231
2026-09-05 03:31:53,17,모모와 다락방의 수상한 요괴들,재개봉일 : 2026-09-02 2012-07-05,0.5%,"3,733","305,708"
2026-09-05 03:31:53,18,아이유 콘서트 : 더 위닝,재개봉일 : 2026-09-16 2025-01-24,0.5%,"3,589","75,872"
2026-09-05 03:31:53,19,고스트밴드,2026-08-26,0.5%,"3,505","15,208"
2026-09-05 03:31:53,20,연옥: 살인마들의 자치구역,2026-09-09,0.4%,"3,277","1,054"
2026-09-05 03:31:53,21,네 얼굴로는 울 수 없어,2026-09-09,0.4%,"2,965",0
2026-09-05 03:31:53,22,명탐정 코난: 하이웨이의 타천사,2026-08-12,0.4%,"2,743","414,524"
2026-09-05 03:31:53,23,포가튼 아일랜드,2026-09-23,0.3%,"2,669",0
2026-09-05 03:31:53,24,오아시스: 돈 룩 백 인 앵거,2026-09-09,0.3%,"2,668",0
2026-09-05 03:31:53,25,오크 스트리트의 마지막 날,2026-08-26,0.3%,"2,621","125,221"
2026-09-05 04:21:07,1,오디세이,2026-08-05,55.1%,"425,742","9,466,992"
2026-09-05 04:21:07,2,암살자(들),2026-09-23,6.2%,"48,257",145
2026-09-05 04:21:07,3,스파이더맨: 브랜드 뉴 데이,2026-07-29,6.0%,"46,720","8,673,477"
2026-09-05 04:21:07,4,인턴,2026-09-16,5.9%,"45,643","8,610"
2026-09-05 04:21:07,5,옵세션,2026-09-02,4.1%,"31,929","78,215"
2026-09-05 04:21:07,6,경주기행,2026-08-26,2.2%,"16,946","260,104"
2026-09-05 04:21:07,7,비광,2026-09-02,2.1%,"16,434","41,084"
2026-09-05 04:21:07,8,싱 어게인,2026-09-02,2.0%,"15,845","30,645"
2026-09-05 04:21:07,9,호프,2026-07-15,1.5%,"11,956","4,539,028"
2026-09-05 04:21:07,10,타짜: 벨제붑의 노래,2026-09-23,1.2%,"9,509",0
2026-09-05 04:21:07,11,더 드라마,2026-09-09,1.1%,"8,672","1,615"
2026-09-05 04:21:07,12,딥 워터,2026-09-09,0.7%,"5,504",126
2026-09-05 04:21:07,13,사랑의 하츄핑: 고래보석의 전설,2026-08-05,0.7%,"5,436","842,731"
2026-09-05 04:21:07,14,아이유 콘서트 : 더 골든 아워,재개봉일 : 2026-09-09 2023-09-13,0.6%,"4,736","87,628"
2026-09-05 04:21:07,15,이누야샤 극장판: 시대를 초월한 마음,2026-09-09,0.6%,"4,491",122
2026-09-05 04:21:07,16,아버지의 집밥,2026-09-09,0.6%,"4,442",231
2026-09-05 04:21:07,17,모모와 다락방의 수상한 요괴들,재개봉일 : 2026-09-02 2012-07-05,0.5%,"3,733","305,708"
2026-09-05 04:21:07,18,아이유 콘서트 : 더 위닝,재개봉일 : 2026-09-16 2025-01-24,0.5%,"3,591","75,872"
2026-09-05 04:21:07,19,고스트밴드,2026-08-26,0.5%,"3,505","15,208"
2026-09-05 04:21:07,20,연옥: 살인마들의 자치구역,2026-09-09,0.4%,"3,277","1,054"
2026-09-05 04:21:07,21,네 얼굴로는 울 수 없어,2026-09-09,0.4%,"2,965",0
2026-09-05 04:21:07,22,명탐정 코난: 하이웨이의 타천사,2026-08-12,0.4%,"2,743","414,524"
2026-09-05 04:21:07,23,오아시스: 돈 룩 백 인 앵거,2026-09-09,0.3%,"2,682",0
2026-09-05 04:21:07,24,포가튼 아일랜드,2026-09-23,0.3%,"2,669",0
2026-09-05 04:21:07,25,오크 스트리트의 마지막 날,2026-08-26,0.3%,"2,626","125,221"
2026-09-05 04:31:52,1,오디세이,2026-08-05,55.1%,"425,782","9,466,992"
2026-09-05 04:31:52,2,암살자(들),2026-09-23,6.2%,"48,255",145
2026-09-05 04:31:52,3,스파이더맨: 브랜드 뉴 데이,2026-07-29,6.0%,"46,729","8,673,477"
2026-09-05 04:31:52,4,인턴,2026-09-16,5.9%,"45,646","8,610"
2026-09-05 04:31:52,5,옵세션,2026-09-02,4.1%,"31,939","78,215"
2026-09-05 04:31:52,6,경주기행,2026-08-26,2.2%,"16,950","260,104"
2026-09-05 04:31:52,7,비광,2026-09-02,2.1%,"16,435","41,084"
2026-09-05 04:31:52,8,싱 어게인,2026-09-02,2.0%,"15,847","30,645"
2026-09-05 04:31:52,9,호프,2026-07-15,1.5%,"11,956","4,539,028"
2026-09-05 04:31:52,10,타짜: 벨제붑의 노래,2026-09-23,1.2%,"9,511",0
2026-09-05 04:31:52,11,더 드라마,2026-09-09,1.1%,"8,673","1,615"
2026-09-05 04:31:52,12,딥 워터,2026-09-09,0.7%,"5,504",126
2026-09-05 04:31:52,13,사랑의 하츄핑: 고래보석의 전설,2026-08-05,0.7%,"5,439","842,731"
2026-09-05 04:31:52,14,아이유 콘서트 : 더 골든 아워,재개봉일 : 2026-09-09 2023-09-13,0.6%,"4,736","87,628"
2026-09-05 04:31:52,15,이누야샤 극장판: 시대를 초월한 마음,2026-09-09,0.6%,"4,494",122
2026-09-05 04:31:52,16,아버지의 집밥,2026-09-09,0.6%,"4,442",231
2026-09-05 04:31:52,17,모모와 다락방의 수상한 요괴들,재개봉일 : 2026-09-02 2012-07-05,0.5%,"3,736","305,708"
2026-09-05 04:31:52,18,아이유 콘서트 : 더 위닝,재개봉일 : 2026-09-16 2025-01-24,0.5%,"3,591","75,872"
2026-09-05 04:31:52,19,고스트밴드,2026-08-26,0.5%,"3,507","15,208"
2026-09-05 04:31:52,20,연옥: 살인마들의 자치구역,2026-09-09,0.4%,"3,277","1,054"
2026-09-05 04:31:52,21,네 얼굴로는 울 수 없어,2026-09-09,0.4%,"2,965",0
2026-09-05 04:31:52,22,명탐정 코난: 하이웨이의 타천사,2026-08-12,0.4%,"2,744","414,524"
2026-09-05 04:31:52,23,오아시스: 돈 룩 백 인 앵거,2026-09-09,0.3%,"2,685",0
2026-09-05 04:31:52,24,포가튼 아일랜드,2026-09-23,0.3%,"2,669",0
2026-09-05 04:31:52,25,오크 스트리트의 마지막 날,2026-08-26,0.3%,"2,627","125,221"
2026-09-05 05:21:07,1,오디세이,2026-08-05,55.0%,"425,234","9,467,008"
2026-09-05 05:21:07,2,암살자(들),2026-09-23,6.2%,"48,264",145
2026-09-05 05:21:07,3,스파이더맨: 브랜드 뉴 데이,2026-07-29,6.0%,"46,724","8,673,477"
2026-09-05 05:21:07,4,인턴,2026-09-16,5.9%,"45,661","8,610"
2026-09-05 05:21:07,5,옵세션,2026-09-02,4.1%,"32,004","78,215"
2026-09-05 05:21:07,6,경주기행,2026-08-26,2.2%,"16,948","260,118"
2026-09-05 05:21:07,7,비광,2026-09-02,2.1%,"16,435","41,095"
2026-09-05 05:21:07,8,싱 어게인,2026-09-02,2.0%,"15,832","30,646"
2026-09-05 05:21:07,9,호프,2026-07-15,1.5%,"11,959","4,539,028"
2026-09-05 05:21:07,10,타짜: 벨제붑의 노래,2026-09-23,1.2%,"9,523",0
2026-09-05 05:21:07,11,더 드라마,2026-09-09,1.1%,"8,684","1,615"
2026-09-05 05:21:07,12,딥 워터,2026-09-09,0.7%,"5,503",126
2026-09-05 05:21:07,13,사랑의 하츄핑: 고래보석의 전설,2026-08-05,0.7%,"5,446","842,731"
2026-09-05 05:21:07,14,아이유 콘서트 : 더 골든 아워,재개봉일 : 2026-09-09 2023-09-13,0.6%,"4,738","87,628"
2026-09-05 05:21:07,15,이누야샤 극장판: 시대를 초월한 마음,2026-09-09,0.6%,"4,508",122
2026-09-05 05:21:07,16,아버지의 집밥,2026-09-09,0.6%,"4,442",231
2026-09-05 05:21:07,17,모모와 다락방의 수상한 요괴들,재개봉일 : 2026-09-02 2012-07-05,0.5%,"3,739","305,708"
2026-09-05 05:21:07,18,아이유 콘서트 : 더 위닝,재개봉일 : 2026-09-16 2025-01-24,0.5%,"3,594","75,872"
2026-09-05 05:21:07,19,고스트밴드,2026-08-26,0.5%,"3,505","15,208"
2026-09-05 05:21:07,20,연옥: 살인마들의 자치구역,2026-09-09,0.4%,"3,277","1,054"
2026-09-05 05:21:07,21,네 얼굴로는 울 수 없어,2026-09-09,0.4%,"2,966",0
2026-09-05 05:21:07,22,명탐정 코난: 하이웨이의 타천사,2026-08-12,0.4%,"2,750","414,524"
2026-09-05 05:21:07,23,오아시스: 돈 룩 백 인 앵거,2026-09-09,0.3%,"2,688",0
2026-09-05 05:21:07,24,포가튼 아일랜드,2026-09-23,0.3%,"2,669",0
2026-09-05 05:21:07,25,오크 스트리트의 마지막 날,2026-08-26,0.3%,"2,631","125,222"
2026-09-05 05:31:51,1,오디세이,2026-08-05,55.0%,"425,041","9,467,008"
2026-09-05 05:31:51,2,암살자(들),2026-09-23,6.2%,"48,264",145
2026-09-05 05:31:51,3,스파이더맨: 브랜드 뉴 데이,2026-07-29,6.0%,"46,734","8,673,477"
2026-09-05 05:31:51,4,인턴,2026-09-16,5.9%,"45,661","8,610"
2026-09-05 05:31:51,5,옵세션,2026-09-02,4.1%,"32,032","78,215"
2026-09-05 05:31:51,6,경주기행,2026-08-26,2.2%,"16,946","260,118"
2026-09-05 05:31:51,7,비광,2026-09-02,2.1%,"16,438","41,095"
2026-09-05 05:31:51,8,싱 어게인,2026-09-02,2.0%,"15,820","30,646"
2026-09-05 05:31:51,9,호프,2026-07-15,1.5%,"11,962","4,539,028"
2026-09-05 05:31:51,10,타짜: 벨제붑의 노래,2026-09-23,1.2%,"9,525",0
2026-09-05 05:31:51,11,더 드라마,2026-09-09,1.1%,"8,683","1,615"
2026-09-05 05:31:51,12,딥 워터,2026-09-09,0.7%,"5,503",126
2026-09-05 05:31:51,13,사랑의 하츄핑: 고래보석의 전설,2026-08-05,0.7%,"5,446","842,731"
2026-09-05 05:31:51,14,아이유 콘서트 : 더 골든 아워,재개봉일 : 2026-09-09 2023-09-13,0.6%,"4,739","87,628"
2026-09-05 05:31:51,15,이누야샤 극장판: 시대를 초월한 마음,2026-09-09,0.6%,"4,508",122
2026-09-05 05:31:51,16,아버지의 집밥,2026-09-09,0.6%,"4,442",231
2026-09-05 05:31:51,17,모모와 다락방의 수상한 요괴들,재개봉일 : 2026-09-02 2012-07-05,0.5%,"3,738","305,708"
2026-09-05 05:31:51,18,아이유 콘서트 : 더 위닝,재개봉일 : 2026-09-16 2025-01-24,0.5%,"3,592","75,872"
2026-09-05 05:31:51,19,고스트밴드,2026-08-26,0.5%,"3,505","15,208"
2026-09-05 05:31:51,20,연옥: 살인마들의 자치구역,2026-09-09,0.4%,"3,277","1,054"
2026-09-05 05:31:51,21,네 얼굴로는 울 수 없어,2026-09-09,0.4%,"2,966",0
2026-09-05 05:31:51,22,명탐정 코난: 하이웨이의 타천사,2026-08-12,0.4%,"2,753","414,524"
2026-09-05 05:31:51,23,오아시스: 돈 룩 백 인 앵거,2026-09-09,0.3%,"2,690",0
2026-09-05 05:31:51,24,포가튼 아일랜드,2026-09-23,0.3%,"2,669",0
2026-09-05 05:31:51,25,오크 스트리트의 마지막 날,2026-08-26,0.3%,"2,631","125,222"
2026-09-05 06:21:07,1,오디세이,2026-08-05,54.9%,"422,144","9,467,008"
2026-09-05 06:21:07,2,암살자(들),2026-09-23,6.3%,"48,265",145
2026-09-05 06:21:07,3,스파이더맨: 브랜드 뉴 데이,2026-07-29,6.1%,"46,553","8,673,477"
2026-09-05 06:21:07,4,인턴,2026-09-16,5.9%,"45,662","8,610"
2026-09-05 06:21:07,5,옵세션,2026-09-02,4.2%,"32,069","78,215"
2026-09-05 06:21:07,6,경주기행,2026-08-26,2.2%,"16,938","260,118"
2026-09-05 06:21:07,7,비광,2026-09-02,2.1%,"16,427","41,095"
2026-09-05 06:21:07,8,싱 어게인,2026-09-02,2.0%,"15,685","30,646"
2026-09-05 06:21:07,9,호프,2026-07-15,1.6%,"11,967","4,539,028"
2026-09-05 06:21:07,10,타짜: 벨제붑의 노래,2026-09-23,1.2%,"9,533",0
2026-09-05 06:21:07,11,더 드라마,2026-09-09,1.1%,"8,686","1,615"
2026-09-05 06:21:07,12,딥 워터,2026-09-09,0.7%,"5,506",126
2026-09-05 06:21:07,13,사랑의 하츄핑: 고래보석의 전설,2026-08-05,0.7%,"5,447","842,731"
2026-09-05 06:21:07,14,아이유 콘서트 : 더 골든 아워,재개봉일 : 2026-09-09 2023-09-13,0.6%,"4,742","87,628"
2026-09-05 06:21:07,15,이누야샤 극장판: 시대를 초월한 마음,2026-09-09,0.6%,"4,512",122
2026-09-05 06:21:07,16,아버지의 집밥,2026-09-09,0.6%,"4,442",231
2026-09-05 06:21:07,17,모모와 다락방의 수상한 요괴들,재개봉일 : 2026-09-02 2012-07-05,0.5%,"3,741","305,708"
2026-09-05 06:21:07,18,아이유 콘서트 : 더 위닝,재개봉일 : 2026-09-16 2025-01-24,0.5%,"3,593","75,872"
2026-09-05 06:21:07,19,고스트밴드,2026-08-26,0.5%,"3,493","15,208"
2026-09-05 06:21:07,20,연옥: 살인마들의 자치구역,2026-09-09,0.4%,"3,278","1,054"
2026-09-05 06:21:07,21,네 얼굴로는 울 수 없어,2026-09-09,0.4%,"2,966",0
2026-09-05 06:21:07,22,명탐정 코난: 하이웨이의 타천사,2026-08-12,0.4%,"2,735","414,524"
2026-09-05 06:21:07,23,오아시스: 돈 룩 백 인 앵거,2026-09-09,0.4%,"2,696",0
2026-09-05 06:21:07,24,포가튼 아일랜드,2026-09-23,0.3%,"2,669",0
2026-09-05 06:21:07,25,오크 스트리트의 마지막 날,2026-08-26,0.3%,"2,583","125,222"
2026-09-05 06:31:50,1,오디세이,2026-08-05,54.9%,"422,142","9,467,008"
2026-09-05 06:31:50,2,암살자(들),2026-09-23,6.3%,"48,266",145
2026-09-05 06:31:50,3,스파이더맨: 브랜드 뉴 데이,2026-07-29,6.0%,"46,534","8,673,477"
2026-09-05 06:31:50,4,인턴,2026-09-16,5.9%,"45,664","8,610"
2026-09-05 06:31:50,5,옵세션,2026-09-02,4.2%,"32,067","78,215"
2026-09-05 06:31:50,6,경주기행,2026-08-26,2.2%,"16,940","260,118"
2026-09-05 06:31:50,7,비광,2026-09-02,2.1%,"16,430","41,095"
2026-09-05 06:31:50,8,싱 어게인,2026-09-02,2.0%,"15,681","30,646"
2026-09-05 06:31:50,9,호프,2026-07-15,1.6%,"11,967","4,539,028"
2026-09-05 06:31:50,10,타짜: 벨제붑의 노래,2026-09-23,1.2%,"9,534",0
2026-09-05 06:31:50,11,더 드라마,2026-09-09,1.1%,"8,686","1,615"
2026-09-05 06:31:50,12,딥 워터,2026-09-09,0.7%,"5,506",126
2026-09-05 06:31:50,13,사랑의 하츄핑: 고래보석의 전설,2026-08-05,0.7%,"5,449","842,731"
2026-09-05 06:31:50,14,아이유 콘서트 : 더 골든 아워,재개봉일 : 2026-09-09 2023-09-13,0.6%,"4,748","87,628"
2026-09-05 06:31:50,15,이누야샤 극장판: 시대를 초월한 마음,2026-09-09,0.6%,"4,516",122
2026-09-05 06:31:50,16,아버지의 집밥,2026-09-09,0.6%,"4,442",231
2026-09-05 06:31:50,17,모모와 다락방의 수상한 요괴들,재개봉일 : 2026-09-02 2012-07-05,0.5%,"3,737","305,708"
2026-09-05 06:31:50,18,아이유 콘서트 : 더 위닝,재개봉일 : 2026-09-16 2025-01-24,0.5%,"3,593","75,872"
2026-09-05 06:31:50,19,고스트밴드,2026-08-26,0.5%,"3,493","15,208"
2026-09-05 06:31:50,20,연옥: 살인마들의 자치구역,2026-09-09,0.4%,"3,278","1,054"
2026-09-05 06:31:50,21,네 얼굴로는 울 수 없어,2026-09-09,0.4%,"2,966",0
2026-09-05 06:31:50,22,명탐정 코난: 하이웨이의 타천사,2026-08-12,0.4%,"2,730","414,524"
2026-09-05 06:31:50,23,오아시스: 돈 룩 백 인 앵거,2026-09-09,0.4%,"2,696",0
2026-09-05 06:31:50,24,포가튼 아일랜드,2026-09-23,0.3%,"2,669",0
2026-09-05 06:31:50,25,오크 스트리트의 마지막 날,2026-08-26,0.3%,"2,572","125,222"
2026-09-05 07:21:07,1,오디세이,2026-08-05,54.5%,"414,131","9,467,008"
2026-09-05 07:21:07,2,암살자(들),2026-09-23,6.4%,"48,260",145
2026-09-05 07:21:07,3,스파이더맨: 브랜드 뉴 데이,2026-07-29,6.0%,"45,824","8,673,477"
2026-09-05 07:21:07,4,인턴,2026-09-16,6.0%,"45,674","8,610"
2026-09-05 07:21:07,5,옵세션,2026-09-02,4.2%,"32,032","78,215"
2026-09-05 07:21:07,6,경주기행,2026-08-26,2.2%,"16,887","260,118"
2026-09-05 07:21:07,7,비광,2026-09-02,2.2%,"16,427","41,095"
2026-09-05 07:21:07,8,싱 어게인,2026-09-02,2.0%,"15,481","30,646"
2026-09-05 07:21:07,9,호프,2026-07-15,1.6%,"11,948","4,539,028"
2026-09-05 07:21:07,10,타짜: 벨제붑의 노래,2026-09-23,1.3%,"9,564",0
2026-09-05 07:21:07,11,더 드라마,2026-09-09,1.1%,"8,704","1,615"
2026-09-05 07:21:07,12,딥 워터,2026-09-09,0.7%,"5,506",126
2026-09-05 07:21:07,13,사랑의 하츄핑: 고래보석의 전설,2026-08-05,0.7%,"5,476","842,731"
2026-09-05 07:21:07,14,아이유 콘서트 : 더 골든 아워,재개봉일 : 2026-09-09 2023-09-13,0.6%,"4,751","87,628"
2026-09-05 07:21:07,15,이누야샤 극장판: 시대를 초월한 마음,2026-09-09,0.6%,"4,530",122
2026-09-05 07:21:07,16,아버지의 집밥,2026-09-09,0.6%,"4,446",231
2026-09-05 07:21:07,17,모모와 다락방의 수상한 요괴들,재개봉일 : 2026-09-02 2012-07-05,0.5%,"3,750","305,708"
2026-09-05 07:21:07,18,아이유 콘서트 : 더 위닝,재개봉일 : 2026-09-16 2025-01-24,0.5%,"3,597","75,872"
2026-09-05 07:21:07,19,고스트밴드,2026-08-26,0.4%,"3,418","15,208"
2026-09-05 07:21:07,20,연옥: 살인마들의 자치구역,2026-09-09,0.4%,"3,279","1,054"
2026-09-05 07:21:07,21,네 얼굴로는 울 수 없어,2026-09-09,0.4%,"2,967",0
2026-09-05 07:21:07,22,오아시스: 돈 룩 백 인 앵거,2026-09-09,0.4%,"2,713",0
2026-09-05 07:21:07,23,포가튼 아일랜드,2026-09-23,0.4%,"2,669",0
2026-09-05 07:21:07,24,명탐정 코난: 하이웨이의 타천사,2026-08-12,0.3%,"2,586","414,524"
2026-09-05 07:21:07,25,오크 스트리트의 마지막 날,2026-08-26,0.3%,"2,474","125,222"
2026-09-05 07:31:50,1,오디세이,2026-08-05,54.5%,"413,294","9,467,008"
2026-09-05 07:31:50,2,암살자(들),2026-09-23,6.4%,"48,257",145
2026-09-05 07:31:50,3,인턴,2026-09-16,6.0%,"45,675","8,610"
2026-09-05 07:31:50,4,스파이더맨: 브랜드 뉴 데이,2026-07-29,6.0%,"45,573","8,673,477"
2026-09-05 07:31:50,5,옵세션,2026-09-02,4.2%,"32,039","78,215"
2026-09-05 07:31:50,6,경주기행,2026-08-26,2.2%,"16,867","260,118"
2026-09-05 07:31:50,7,비광,2026-09-02,2.2%,"16,373","41,095"
2026-09-05 07:31:50,8,싱 어게인,2026-09-02,2.0%,"15,438","30,646"
2026-09-05 07:31:50,9,호프,2026-07-15,1.6%,"11,949","4,539,028"
2026-09-05 07:31:50,10,타짜: 벨제붑의 노래,2026-09-23,1.3%,"9,573",0
2026-09-05 07:31:50,11,더 드라마,2026-09-09,1.1%,"8,706","1,615"
2026-09-05 07:31:50,12,딥 워터,2026-09-09,0.7%,"5,506",126
2026-09-05 07:31:50,13,사랑의 하츄핑: 고래보석의 전설,2026-08-05,0.7%,"5,473","842,731"
2026-09-05 07:31:50,14,아이유 콘서트 : 더 골든 아워,재개봉일 : 2026-09-09 2023-09-13,0.6%,"4,752","87,628"
2026-09-05 07:31:50,15,이누야샤 극장판: 시대를 초월한 마음,2026-09-09,0.6%,"4,531",122
2026-09-05 07:31:50,16,아버지의 집밥,2026-09-09,0.6%,"4,446",231
2026-09-05 07:31:50,17,모모와 다락방의 수상한 요괴들,재개봉일 : 2026-09-02 2012-07-05,0.5%,"3,751","305,708"
2026-09-05 07:31:50,18,아이유 콘서트 : 더 위닝,재개봉일 : 2026-09-16 2025-01-24,0.5%,"3,597","75,872"
2026-09-05 07:31:50,19,고스트밴드,2026-08-26,0.5%,"3,420","15,208"
2026-09-05 07:31:50,20,연옥: 살인마들의 자치구역,2026-09-09,0.4%,"3,282","1,054"
2026-09-05 07:31:50,21,네 얼굴로는 울 수 없어,2026-09-09,0.4%,"2,968",0
2026-09-05 07:31:50,22,오아시스: 돈 룩 백 인 앵거,2026-09-09,0.4%,"2,717",0
2026-09-05 07:31:50,23,포가튼 아일랜드,2026-09-23,0.4%,"2,669",0
2026-09-05 07:31:50,24,명탐정 코난: 하이웨이의 타천사,2026-08-12,0.3%,"2,588","414,524"
2026-09-05 07:31:50,25,오크 스트리트의 마지막 날,2026-08-26,0.3%,"2,469","125,222"
2026-09-05 08:21:07,1,오디세이,2026-08-05,54.1%,"403,066","9,467,013"
2026-09-05 08:21:07,2,암살자(들),2026-09-23,6.5%,"48,277",145
2026-09-05 08:21:07,3,인턴,2026-09-16,6.1%,"45,727","8,610"
2026-09-05 08:21:07,4,스파이더맨: 브랜드 뉴 데이,2026-07-29,5.9%,"44,047","8,673,477"
2026-09-05 08:21:07,5,옵세션,2026-09-02,4.3%,"31,930","78,217"
2026-09-05 08:21:07,6,경주기행,2026-08-26,2.2%,"16,557","260,119"
2026-09-05 08:21:07,7,비광,2026-09-02,2.2%,"16,120","41,099"
2026-09-05 08:21:07,8,싱 어게인,2026-09-02,2.0%,"14,961","30,645"
2026-09-05 08:21:07,9,호프,2026-07-15,1.6%,"11,952","4,539,028"
2026-09-05 08:21:07,10,타짜: 벨제붑의 노래,2026-09-23,1.3%,"9,591",0
2026-09-05 08:21:07,11,더 드라마,2026-09-09,1.2%,"8,740","1,615"
2026-09-05 08:21:07,12,딥 워터,2026-09-09,0.7%,"5,511",126
2026-09-05 08:21:07,13,사랑의 하츄핑: 고래보석의 전설,2026-08-05,0.7%,"5,347","842,731"
2026-09-05 08:21:07,14,아이유 콘서트 : 더 골든 아워,재개봉일 : 2026-09-09 2023-09-13,0.6%,"4,758","87,628"
2026-09-05 08:21:07,15,이누야샤 극장판: 시대를 초월한 마음,2026-09-09,0.6%,"4,548",122
2026-09-05 08:21:07,16,아버지의 집밥,2026-09-09,0.6%,"4,454",231
2026-09-05 08:21:07,17,모모와 다락방의 수상한 요괴들,재개봉일 : 2026-09-02 2012-07-05,0.5%,"3,694","305,708"
2026-09-05 08:21:07,18,아이유 콘서트 : 더 위닝,재개봉일 : 2026-09-16 2025-01-24,0.5%,"3,600","75,872"
2026-09-05 08:21:07,19,고스트밴드,2026-08-26,0.4%,"3,345","15,208"
2026-09-05 08:21:07,20,연옥: 살인마들의 자치구역,2026-09-09,0.4%,"3,284","1,054"
2026-09-05 08:21:07,21,네 얼굴로는 울 수 없어,2026-09-09,0.4%,"2,971",0
2026-09-05 08:21:07,22,오아시스: 돈 룩 백 인 앵거,2026-09-09,0.4%,"2,737",0
2026-09-05 08:21:07,23,포가튼 아일랜드,2026-09-23,0.4%,"2,669",0
2026-09-05 08:21:07,24,명탐정 코난: 하이웨이의 타천사,2026-08-12,0.3%,"2,403","414,524"
2026-09-05 08:21:07,25,오크 스트리트의 마지막 날,2026-08-26,0.3%,"2,390","125,222"
2026-09-05 08:31:53,1,오디세이,2026-08-05,54.1%,"402,111","9,467,013"
2026-09-05 08:31:53,2,암살자(들),2026-09-23,6.5%,"48,279",145
2026-09-05 08:31:53,3,인턴,2026-09-16,6.2%,"45,739","8,610"
2026-09-05 08:31:53,4,스파이더맨: 브랜드 뉴 데이,2026-07-29,5.9%,"43,869","8,673,477"
2026-09-05 08:31:53,5,옵세션,2026-09-02,4.3%,"32,017","78,217"
2026-09-05 08:31:53,6,경주기행,2026-08-26,2.2%,"16,356","260,119"
2026-09-05 08:31:53,7,비광,2026-09-02,2.1%,"15,929","41,099"
2026-09-05 08:31:53,8,싱 어게인,2026-09-02,2.0%,"14,893","30,645"
2026-09-05 08:31:53,9,호프,2026-07-15,1.6%,"11,938","4,539,028"
2026-09-05 08:31:53,10,타짜: 벨제붑의 노래,2026-09-23,1.3%,"9,593",0
2026-09-05 08:31:53,11,더 드라마,2026-09-09,1.2%,"8,745","1,615"
2026-09-05 08:31:53,12,딥 워터,2026-09-09,0.7%,"5,512",126
2026-09-05 08:31:53,13,사랑의 하츄핑: 고래보석의 전설,2026-08-05,0.7%,"5,381","842,731"
2026-09-05 08:31:53,14,아이유 콘서트 : 더 골든 아워,재개봉일 : 2026-09-09 2023-09-13,0.6%,"4,762","87,628"
2026-09-05 08:31:53,15,이누야샤 극장판: 시대를 초월한 마음,2026-09-09,0.6%,"4,553",122
2026-09-05 08:31:53,16,아버지의 집밥,2026-09-09,0.6%,"4,454",231
2026-09-05 08:31:53,17,모모와 다락방의 수상한 요괴들,재개봉일 : 2026-09-02 2012-07-05,0.5%,"3,699","305,708"
2026-09-05 08:31:53,18,아이유 콘서트 : 더 위닝,재개봉일 : 2026-09-16 2025-01-24,0.5%,"3,599","75,872"
2026-09-05 08:31:53,19,고스트밴드,2026-08-26,0.4%,"3,340","15,208"
2026-09-05 08:31:53,20,연옥: 살인마들의 자치구역,2026-09-09,0.4%,"3,284","1,054"
2026-09-05 08:31:53,21,네 얼굴로는 울 수 없어,2026-09-09,0.4%,"2,971",0
2026-09-05 08:31:53,22,오아시스: 돈 룩 백 인 앵거,2026-09-09,0.4%,"2,748",0
2026-09-05 08:31:53,23,포가튼 아일랜드,2026-09-23,0.4%,"2,669",0
2026-09-05 08:31:53,24,명탐정 코난: 하이웨이의 타천사,2026-08-12,0.3%,"2,379","414,524"
2026-09-05 08:31:53,25,오크 스트리트의 마지막 날,2026-08-26,0.3%,"2,377","125,222"
2026-09-05 09:21:07,1,오디세이,2026-08-05,53.9%,"395,661","9,467,013"
2026-09-05 09:21:07,2,암살자(들),2026-09-23,6.6%,"48,301",145
2026-09-05 09:21:07,3,인턴,2026-09-16,6.2%,"45,778","8,610"
2026-09-05 09:21:07,4,스파이더맨: 브랜드 뉴 데이,2026-07-29,5.9%,"43,259","8,673,477"
2026-09-05 09:21:07,5,옵세션,2026-09-02,4.4%,"31,964","78,217"
2026-09-05 09:21:07,6,경주기행,2026-08-26,2.2%,"16,021","260,119"
2026-09-05 09:21:07,7,비광,2026-09-02,2.2%,"15,811","41,099"
2026-09-05 09:21:07,8,싱 어게인,2026-09-02,2.0%,"14,475","30,645"
2026-09-05 09:21:07,9,호프,2026-07-15,1.6%,"11,941","4,539,028"
2026-09-05 09:21:07,10,타짜: 벨제붑의 노래,2026-09-23,1.3%,"9,609",0
2026-09-05 09:21:07,11,더 드라마,2026-09-09,1.2%,"8,640","1,615"
2026-09-05 09:21:07,12,딥 워터,2026-09-09,0.8%,"5,511",126
2026-09-05 09:21:07,13,사랑의 하츄핑: 고래보석의 전설,2026-08-05,0.7%,"5,173","842,731"
2026-09-05 09:21:07,14,아이유 콘서트 : 더 골든 아워,재개봉일 : 2026-09-09 2023-09-13,0.7%,"4,783","87,628"
2026-09-05 09:21:07,15,이누야샤 극장판: 시대를 초월한 마음,2026-09-09,0.6%,"4,580",122
2026-09-05 09:21:07,16,아버지의 집밥,2026-09-09,0.6%,"4,458",231
2026-09-05 09:21:07,17,모모와 다락방의 수상한 요괴들,재개봉일 : 2026-09-02 2012-07-05,0.5%,"3,671","305,708"
2026-09-05 09:21:07,18,아이유 콘서트 : 더 위닝,재개봉일 : 2026-09-16 2025-01-24,0.5%,"3,608","75,872"
2026-09-05 09:21:07,19,연옥: 살인마들의 자치구역,2026-09-09,0.4%,"3,292","1,054"
2026-09-05 09:21:07,20,고스트밴드,2026-08-26,0.4%,"3,190","15,208"
2026-09-05 09:21:07,21,네 얼굴로는 울 수 없어,2026-09-09,0.4%,"2,971",0
2026-09-05 09:21:07,22,오아시스: 돈 룩 백 인 앵거,2026-09-09,0.4%,"2,797",0
2026-09-05 09:21:07,23,포가튼 아일랜드,2026-09-23,0.4%,"2,669",0
2026-09-05 09:21:07,24,명탐정 코난: 하이웨이의 타천사,2026-08-12,0.3%,"2,373","414,524"
2026-09-05 09:21:07,25,오크 스트리트의 마지막 날,2026-08-26,0.3%,"2,338","125,222"
2026-09-05 09:31:52,1,오디세이,2026-08-05,53.8%,"394,962","9,467,013"
2026-09-05 09:31:52,2,암살자(들),2026-09-23,6.6%,"48,300",145
2026-09-05 09:31:52,3,인턴,2026-09-16,6.2%,"45,798","8,610"
2026-09-05 09:31:52,4,스파이더맨: 브랜드 뉴 데이,2026-07-29,5.9%,"43,420","8,673,477"
2026-09-05 09:31:52,5,옵세션,2026-09-02,4.3%,"31,886","78,217"
2026-09-05 09:31:52,6,경주기행,2026-08-26,2.2%,"16,027","260,119"
2026-09-05 09:31:52,7,비광,2026-09-02,2.1%,"15,588","41,099"
2026-09-05 09:31:52,8,싱 어게인,2026-09-02,2.0%,"14,472","30,645"
2026-09-05 09:31:52,9,호프,2026-07-15,1.6%,"11,993","4,539,028"
2026-09-05 09:31:52,10,타짜: 벨제붑의 노래,2026-09-23,1.3%,"9,630",0
2026-09-05 09:31:52,11,더 드라마,2026-09-09,1.2%,"8,642","1,615"
2026-09-05 09:31:52,12,딥 워터,2026-09-09,0.8%,"5,512",126
2026-09-05 09:31:52,13,사랑의 하츄핑: 고래보석의 전설,2026-08-05,0.7%,"5,202","842,731"
2026-09-05 09:31:52,14,아이유 콘서트 : 더 골든 아워,재개봉일 : 2026-09-09 2023-09-13,0.7%,"4,784","87,628"
2026-09-05 09:31:52,15,이누야샤 극장판: 시대를 초월한 마음,2026-09-09,0.6%,"4,589",122
2026-09-05 09:31:52,16,아버지의 집밥,2026-09-09,0.6%,"4,458",231
2026-09-05 09:31:52,17,모모와 다락방의 수상한 요괴들,재개봉일 : 2026-09-02 2012-07-05,0.5%,"3,633","305,708"
2026-09-05 09:31:52,18,아이유 콘서트 : 더 위닝,재개봉일 : 2026-09-16 2025-01-24,0.5%,"3,608","75,872"
2026-09-05 09:31:52,19,연옥: 살인마들의 자치구역,2026-09-09,0.4%,"3,292","1,054"
2026-09-05 09:31:52,20,고스트밴드,2026-08-26,0.4%,"3,191","15,208"
2026-09-05 09:31:52,21,네 얼굴로는 울 수 없어,2026-09-09,0.4%,"2,972",0
2026-09-05 09:31:52,22,오아시스: 돈 룩 백 인 앵거,2026-09-09,0.4%,"2,805",0
2026-09-05 09:31:52,23,포가튼 아일랜드,2026-09-23,0.4%,"2,669",0
2026-09-05 09:31:52,24,명탐정 코난: 하이웨이의 타천사,2026-08-12,0.3%,"2,366","414,524"
2026-09-05 09:31:52,25,오크 스트리트의 마지막 날,2026-08-26,0.3%,"2,356","125,222"
2026-09-05 10:21:07,1,오디세이,2026-08-05,54.1%,"394,957","9,467,013"
2026-09-05 10:21:07,2,암살자(들),2026-09-23,6.6%,"48,314",145
2026-09-05 10:21:07,3,인턴,2026-09-16,6.3%,"45,873","8,610"
2026-09-05 10:21:07,4,스파이더맨: 브랜드 뉴 데이,2026-07-29,5.9%,"43,122","8,673,477"
2026-09-05 10:21:07,5,옵세션,2026-09-02,4.4%,"32,086","78,217"
2026-09-05 10:21:07,6,경주기행,2026-08-26,2.2%,"15,726","260,119"
2026-09-05 10:21:07,7,비광,2026-09-02,2.0%,"14,551","41,099"
2026-09-05 10:21:07,8,싱 어게인,2026-09-02,1.9%,"14,085","30,645"
2026-09-05 10:21:07,9,호프,2026-07-15,1.7%,"12,114","4,539,028"
2026-09-05 10:21:07,10,타짜: 벨제붑의 노래,2026-09-23,1.3%,"9,664",0
2026-09-05 10:21:07,11,더 드라마,2026-09-09,1.2%,"8,577","1,615"
2026-09-05 10:21:07,12,딥 워터,2026-09-09,0.8%,"5,511",126
2026-09-05 10:21:07,13,사랑의 하츄핑: 고래보석의 전설,2026-08-05,0.7%,"4,858","842,731"
2026-09-05 10:21:07,14,아이유 콘서트 : 더 골든 아워,재개봉일 : 2026-09-09 2023-09-13,0.7%,"4,797","87,628"
2026-09-05 10:21:07,15,이누야샤 극장판: 시대를 초월한 마음,2026-09-09,0.6%,"4,638",122
2026-09-05 10:21:07,16,아버지의 집밥,2026-09-09,0.6%,"4,456",231
2026-09-05 10:21:07,17,아이유 콘서트 : 더 위닝,재개봉일 : 2026-09-16 2025-01-24,0.5%,"3,609","75,872"
2026-09-05 10:21:07,18,연옥: 살인마들의 자치구역,2026-09-09,0.5%,"3,295","1,054"
2026-09-05 10:21:07,19,모모와 다락방의 수상한 요괴들,재개봉일 : 2026-09-02 2012-07-05,0.4%,"3,259","305,708"
2026-09-05 10:21:07,20,고스트밴드,2026-08-26,0.4%,"3,006","15,208"
2026-09-05 10:21:07,21,네 얼굴로는 울 수 없어,2026-09-09,0.4%,"2,973",0
2026-09-05 10:21:07,22,오아시스: 돈 룩 백 인 앵거,2026-09-09,0.4%,"2,842",0
2026-09-05 10:21:07,23,포가튼 아일랜드,2026-09-23,0.4%,"2,669",0
2026-09-05 10:21:07,24,명탐정 코난: 하이웨이의 타천사,2026-08-12,0.3%,"2,315","414,524"
2026-09-05 10:21:07,25,오크 스트리트의 마지막 날,2026-08-26,0.3%,"2,296","125,222"
2026-09-05 10:31:55,1,오디세이,2026-08-05,54.0%,"392,234","9,467,013"
2026-09-05 10:31:55,2,암살자(들),2026-09-23,6.6%,"48,315",145
2026-09-05 10:31:55,3,인턴,2026-09-16,6.3%,"45,890","8,610"
2026-09-05 10:31:55,4,스파이더맨: 브랜드 뉴 데이,2026-07-29,5.9%,"43,090","8,673,477"
2026-09-05 10:31:55,5,옵세션,2026-09-02,4.4%,"31,975","78,217"
2026-09-05 10:31:55,6,경주기행,2026-08-26,2.1%,"15,613","260,119"
2026-09-05 10:31:55,7,비광,2026-09-02,2.0%,"14,480","41,099"
2026-09-05 10:31:55,8,싱 어게인,2026-09-02,1.9%,"13,952","30,645"
2026-09-05 10:31:55,9,호프,2026-07-15,1.7%,"12,140","4,539,028"
2026-09-05 10:31:55,10,타짜: 벨제붑의 노래,2026-09-23,1.3%,"9,680",0
2026-09-05 10:31:55,11,더 드라마,2026-09-09,1.2%,"8,524","1,615"
2026-09-05 10:31:55,12,딥 워터,2026-09-09,0.8%,"5,511",126
2026-09-05 10:31:55,13,사랑의 하츄핑: 고래보석의 전설,2026-08-05,0.7%,"4,807","842,731"
2026-09-05 10:31:55,14,아이유 콘서트 : 더 골든 아워,재개봉일 : 2026-09-09 2023-09-13,0.7%,"4,797","87,628"
2026-09-05 10:31:55,15,이누야샤 극장판: 시대를 초월한 마음,2026-09-09,0.6%,"4,643",122
2026-09-05 10:31:55,16,아버지의 집밥,2026-09-09,0.6%,"4,457",231
2026-09-05 10:31:55,17,아이유 콘서트 : 더 위닝,재개봉일 : 2026-09-16 2025-01-24,0.5%,"3,615","75,872"
2026-09-05 10:31:55,18,연옥: 살인마들의 자치구역,2026-09-09,0.5%,"3,296","1,054"
2026-09-05 10:31:55,19,모모와 다락방의 수상한 요괴들,재개봉일 : 2026-09-02 2012-07-05,0.4%,"3,226","305,708"
2026-09-05 10:31:55,20,고스트밴드,2026-08-26,0.4%,"2,992","15,208"
2026-09-05 10:31:55,21,네 얼굴로는 울 수 없어,2026-09-09,0.4%,"2,975",0
2026-09-05 10:31:55,22,오아시스: 돈 룩 백 인 앵거,2026-09-09,0.4%,"2,863",0
2026-09-05 10:31:55,23,포가튼 아일랜드,2026-09-23,0.4%,"2,669",0
2026-09-05 10:31:55,24,오크 스트리트의 마지막 날,2026-08-26,0.3%,"2,307","125,222"
2026-09-05 10:31:55,25,명탐정 코난: 하이웨이의 타천사,2026-08-12,0.3%,"2,231","414,524"
2026-09-05 11:21:07,1,오디세이,2026-08-05,53.9%,"385,601","9,467,013"
2026-09-05 11:21:07,2,암살자(들),2026-09-23,6.8%,"48,344",145
2026-09-05 11:21:07,3,인턴,2026-09-16,6.4%,"45,981","8,610"
2026-09-05 11:21:07,4,스파이더맨: 브랜드 뉴 데이,2026-07-29,5.8%,"41,630","8,673,477"
2026-09-05 11:21:07,5,옵세션,2026-09-02,4.5%,"31,951","78,217"
2026-09-05 11:21:07,6,경주기행,2026-08-26,2.1%,"15,051","260,119"
2026-09-05 11:21:07,7,비광,2026-09-02,2.0%,"14,417","41,099"
2026-09-05 11:21:07,8,싱 어게인,2026-09-02,1.9%,"13,559","30,645"
2026-09-05 11:21:07,9,호프,2026-07-15,1.7%,"12,190","4,539,028"
2026-09-05 11:21:07,10,타짜: 벨제붑의 노래,2026-09-23,1.4%,"9,724",0
2026-09-05 11:21:07,11,더 드라마,2026-09-09,1.2%,"8,505","1,615"
2026-09-05 11:21:07,12,딥 워터,2026-09-09,0.8%,"5,520",126
2026-09-05 11:21:07,13,아이유 콘서트 : 더 골든 아워,재개봉일 : 2026-09-09 2023-09-13,0.7%,"4,815","87,628"
2026-09-05 11:21:07,14,이누야샤 극장판: 시대를 초월한 마음,2026-09-09,0.7%,"4,672",122
2026-09-05 11:21:07,15,아버지의 집밥,2026-09-09,0.6%,"4,460",231
2026-09-05 11:21:07,16,사랑의 하츄핑: 고래보석의 전설,2026-08-05,0.6%,"4,433","842,731"
2026-09-05 11:21:07,17,아이유 콘서트 : 더 위닝,재개봉일 : 2026-09-16 2025-01-24,0.5%,"3,622","75,872"
2026-09-05 11:21:07,18,연옥: 살인마들의 자치구역,2026-09-09,0.5%,"3,296","1,054"
2026-09-05 11:21:07,19,네 얼굴로는 울 수 없어,2026-09-09,0.4%,"2,975",0
2026-09-05 11:21:07,20,오아시스: 돈 룩 백 인 앵거,2026-09-09,0.4%,"2,911",0
2026-09-05 11:21:07,21,모모와 다락방의 수상한 요괴들,재개봉일 : 2026-09-02 2012-07-05,0.4%,"2,893","305,708"
2026-09-05 11:21:07,22,고스트밴드,2026-08-26,0.4%,"2,798","15,208"
2026-09-05 11:21:07,23,포가튼 아일랜드,2026-09-23,0.4%,"2,669",0
2026-09-05 11:21:07,24,오크 스트리트의 마지막 날,2026-08-26,0.3%,"2,263","125,222"
2026-09-05 11:21:07,25,명탐정 코난: 하이웨이의 타천사,2026-08-12,0.3%,"2,028","414,524"
2026-09-05 11:31:55,1,오디세이,2026-08-05,53.7%,"382,993","9,467,013"
2026-09-05 11:31:55,2,암살자(들),2026-09-23,6.8%,"48,350",145
2026-09-05 11:31:55,3,인턴,2026-09-16,6.5%,"46,002","8,610"
2026-09-05 11:31:55,4,스파이더맨: 브랜드 뉴 데이,2026-07-29,5.8%,"41,578","8,673,477"
2026-09-05 11:31:55,5,옵세션,2026-09-02,4.5%,"31,919","78,217"
2026-09-05 11:31:55,6,경주기행,2026-08-26,2.1%,"15,054","260,119"
2026-09-05 11:31:55,7,비광,2026-09-02,2.0%,"14,414","41,099"
2026-09-05 11:31:55,8,싱 어게인,2026-09-02,1.9%,"13,580","30,645"
2026-09-05 11:31:55,9,호프,2026-07-15,1.7%,"12,208","4,539,028"
2026-09-05 11:31:55,10,타짜: 벨제붑의 노래,2026-09-23,1.4%,"9,741",0
2026-09-05 11:31:55,11,더 드라마,2026-09-09,1.2%,"8,509","1,615"
2026-09-05 11:31:55,12,딥 워터,2026-09-09,0.8%,"5,520",126
2026-09-05 11:31:55,13,아이유 콘서트 : 더 골든 아워,재개봉일 : 2026-09-09 2023-09-13,0.7%,"4,816","87,628"
2026-09-05 11:31:55,14,이누야샤 극장판: 시대를 초월한 마음,2026-09-09,0.7%,"4,674",122
2026-09-05 11:31:55,15,아버지의 집밥,2026-09-09,0.6%,"4,460",231
2026-09-05 11:31:55,16,사랑의 하츄핑: 고래보석의 전설,2026-08-05,0.6%,"4,356","842,731"
2026-09-05 11:31:55,17,아이유 콘서트 : 더 위닝,재개봉일 : 2026-09-16 2025-01-24,0.5%,"3,625","75,872"
2026-09-05 11:31:55,18,연옥: 살인마들의 자치구역,2026-09-09,0.5%,"3,296","1,054"
2026-09-05 11:31:55,19,네 얼굴로는 울 수 없어,2026-09-09,0.4%,"2,976",0
2026-09-05 11:31:55,20,오아시스: 돈 룩 백 인 앵거,2026-09-09,0.4%,"2,924",0
2026-09-05 11:31:55,21,모모와 다락방의 수상한 요괴들,재개봉일 : 2026-09-02 2012-07-05,0.4%,"2,880","305,708"
2026-09-05 11:31:55,22,고스트밴드,2026-08-26,0.4%,"2,796","15,208"
2026-09-05 11:31:55,23,포가튼 아일랜드,2026-09-23,0.4%,"2,669",0
2026-09-05 11:31:55,24,오크 스트리트의 마지막 날,2026-08-26,0.3%,"2,266","125,222"
2026-09-05 11:31:55,25,명탐정 코난: 하이웨이의 타천사,2026-08-12,0.3%,"2,018","414,524"
2026-09-05 12:21:07,1,오디세이,2026-08-05,53.6%,"373,960","9,467,013"
2026-09-05 12:21:07,2,암살자(들),2026-09-23,6.9%,"48,367",145
2026-09-05 12:21:07,3,인턴,2026-09-16,6.4%,"44,996","8,610"
2026-09-05 12:21:07,4,스파이더맨: 브랜드 뉴 데이,2026-07-29,5.8%,"40,635","8,673,477"
2026-09-05 12:21:07,5,옵세션,2026-09-02,4.6%,"31,810","78,217"
2026-09-05 12:21:07,6,경주기행,2026-08-26,2.1%,"14,891","260,119"
2026-09-05 12:21:07,7,비광,2026-09-02,2.0%,"13,795","41,099"
2026-09-05 12:21:07,8,싱 어게인,2026-09-02,1.9%,"13,130","30,645"
2026-09-05 12:21:07,9,호프,2026-07-15,1.8%,"12,224","4,539,028"
2026-09-05 12:21:07,10,타짜: 벨제붑의 노래,2026-09-23,1.4%,"9,801",0
2026-09-05 12:21:07,11,더 드라마,2026-09-09,1.2%,"8,185","1,615"
2026-09-05 12:21:07,12,딥 워터,2026-09-09,0.8%,"5,524",126
2026-09-05 12:21:07,13,아이유 콘서트 : 더 골든 아워,재개봉일 : 2026-09-09 2023-09-13,0.7%,"4,833","87,628"
2026-09-05 12:21:07,14,이누야샤 극장판: 시대를 초월한 마음,2026-09-09,0.7%,"4,733",122
2026-09-05 12:21:07,15,아버지의 집밥,2026-09-09,0.6%,"4,471",231
2026-09-05 12:21:07,16,아이유 콘서트 : 더 위닝,재개봉일 : 2026-09-16 2025-01-24,0.5%,"3,635","75,872"
2026-09-05 12:21:07,17,사랑의 하츄핑: 고래보석의 전설,2026-08-05,0.5%,"3,570","842,731"
2026-09-05 12:21:07,18,연옥: 살인마들의 자치구역,2026-09-09,0.5%,"3,303","1,054"
2026-09-05 12:21:07,19,오아시스: 돈 룩 백 인 앵거,2026-09-09,0.4%,"2,984",0
2026-09-05 12:21:07,20,네 얼굴로는 울 수 없어,2026-09-09,0.4%,"2,978",0
2026-09-05 12:21:07,21,모모와 다락방의 수상한 요괴들,재개봉일 : 2026-09-02 2012-07-05,0.4%,"2,805","305,708"
2026-09-05 12:21:07,22,포가튼 아일랜드,2026-09-23,0.4%,"2,669",0
2026-09-05 12:21:07,23,고스트밴드,2026-08-26,0.3%,"2,377","15,208"
2026-09-05 12:21:07,24,오크 스트리트의 마지막 날,2026-08-26,0.3%,"2,040","125,222"
2026-09-05 12:21:07,25,명탐정 코난: 하이웨이의 타천사,2026-08-12,0.3%,"1,809","414,524"
2026-09-05 12:31:53,1,오디세이,2026-08-05,53.4%,"370,938","9,467,013"
2026-09-05 12:31:53,2,암살자(들),2026-09-23,7.0%,"48,375",145
2026-09-05 12:31:53,3,인턴,2026-09-16,6.5%,"45,012","8,610"
2026-09-05 12:31:53,4,스파이더맨: 브랜드 뉴 데이,2026-07-29,5.8%,"40,513","8,673,477"
2026-09-05 12:31:53,5,옵세션,2026-09-02,4.6%,"32,058","78,217"
2026-09-05 12:31:53,6,경주기행,2026-08-26,2.1%,"14,563","260,119"
2026-09-05 12:31:53,7,비광,2026-09-02,2.0%,"13,865","41,099"
2026-09-05 12:31:53,8,싱 어게인,2026-09-02,1.9%,"12,921","30,645"
2026-09-05 12:31:53,9,호프,2026-07-15,1.8%,"12,223","4,539,028"
2026-09-05 12:31:53,10,타짜: 벨제붑의 노래,2026-09-23,1.4%,"9,806",0
2026-09-05 12:31:53,11,더 드라마,2026-09-09,1.2%,"8,022","1,615"
2026-09-05 12:31:53,12,딥 워터,2026-09-09,0.8%,"5,524",126
2026-09-05 12:31:53,13,아이유 콘서트 : 더 골든 아워,재개봉일 : 2026-09-09 2023-09-13,0.7%,"4,837","87,628"
2026-09-05 12:31:53,14,이누야샤 극장판: 시대를 초월한 마음,2026-09-09,0.7%,"4,746",122
2026-09-05 12:31:53,15,아버지의 집밥,2026-09-09,0.6%,"4,472",231
2026-09-05 12:31:53,16,아이유 콘서트 : 더 위닝,재개봉일 : 2026-09-16 2025-01-24,0.5%,"3,638","75,872"
2026-09-05 12:31:53,17,사랑의 하츄핑: 고래보석의 전설,2026-08-05,0.5%,"3,542","842,731"
2026-09-05 12:31:53,18,연옥: 살인마들의 자치구역,2026-09-09,0.5%,"3,303","1,054"
2026-09-05 12:31:53,19,오아시스: 돈 룩 백 인 앵거,2026-09-09,0.4%,"3,002",0
2026-09-05 12:31:53,20,네 얼굴로는 울 수 없어,2026-09-09,0.4%,"2,978",0
2026-09-05 12:31:53,21,모모와 다락방의 수상한 요괴들,재개봉일 : 2026-09-02 2012-07-05,0.4%,"2,729","305,708"
2026-09-05 12:31:53,22,포가튼 아일랜드,2026-09-23,0.4%,"2,669",0
2026-09-05 12:31:53,23,고스트밴드,2026-08-26,0.3%,"2,346","15,208"
2026-09-05 12:31:53,24,오크 스트리트의 마지막 날,2026-08-26,0.3%,"2,026","125,222"
2026-09-05 12:31:53,25,명탐정 코난: 하이웨이의 타천사,2026-08-12,0.3%,"1,802","414,524"
2026-09-05 13:21:07,1,오디세이,2026-08-05,53.4%,"363,242","9,467,013"
2026-09-05 13:21:07,2,암살자(들),2026-09-23,7.1%,"48,394",145
2026-09-05 13:21:07,3,인턴,2026-09-16,6.6%,"45,062","8,610"
2026-09-05 13:21:07,4,스파이더맨: 브랜드 뉴 데이,2026-07-29,5.5%,"37,574","8,673,477"
2026-09-05 13:21:07,5,옵세션,2026-09-02,4.7%,"31,636","78,217"
2026-09-05 13:21:07,6,경주기행,2026-08-26,2.0%,"13,882","260,119"
2026-09-05 13:21:07,7,비광,2026-09-02,1.9%,"13,104","41,099"
2026-09-05 13:21:07,8,싱 어게인,2026-09-02,1.9%,"12,619","30,645"
2026-09-05 13:21:07,9,호프,2026-07-15,1.8%,"12,244","4,539,028"
2026-09-05 13:21:07,10,타짜: 벨제붑의 노래,2026-09-23,1.4%,"9,847",0
2026-09-05 13:21:07,11,더 드라마,2026-09-09,1.2%,"8,061","1,615"
2026-09-05 13:21:07,12,딥 워터,2026-09-09,0.8%,"5,525",126
2026-09-05 13:21:07,13,아이유 콘서트 : 더 골든 아워,재개봉일 : 2026-09-09 2023-09-13,0.7%,"4,857","87,628"
2026-09-05 13:21:07,14,이누야샤 극장판: 시대를 초월한 마음,2026-09-09,0.7%,"4,785",122
2026-09-05 13:21:07,15,아버지의 집밥,2026-09-09,0.7%,"4,471",231
2026-09-05 13:21:07,16,아이유 콘서트 : 더 위닝,재개봉일 : 2026-09-16 2025-01-24,0.5%,"3,641","75,872"
2026-09-05 13:21:07,17,연옥: 살인마들의 자치구역,2026-09-09,0.5%,"3,308","1,054"
2026-09-05 13:21:07,18,오아시스: 돈 룩 백 인 앵거,2026-09-09,0.5%,"3,069",0
2026-09-05 13:21:07,19,네 얼굴로는 울 수 없어,2026-09-09,0.4%,"2,980",0
2026-09-05 13:21:07,20,사랑의 하츄핑: 고래보석의 전설,2026-08-05,0.4%,"2,772","842,731"
2026-09-05 13:21:07,21,포가튼 아일랜드,2026-09-23,0.4%,"2,669",0
2026-09-05 13:21:07,22,모모와 다락방의 수상한 요괴들,재개봉일 : 2026-09-02 2012-07-05,0.4%,"2,637","305,708"
2026-09-05 13:21:07,23,고스트밴드,2026-08-26,0.3%,"2,071","15,208"
2026-09-05 13:21:07,24,오크 스트리트의 마지막 날,2026-08-26,0.3%,"1,941","125,222"
2026-09-05 13:21:07,25,명탐정 코난: 하이웨이의 타천사,2026-08-12,0.3%,"1,766","414,524"
2026-09-05 13:31:52,1,오디세이,2026-08-05,53.3%,"360,364","9,467,013"
2026-09-05 13:31:52,2,암살자(들),2026-09-23,7.2%,"48,414",145
2026-09-05 13:31:52,3,인턴,2026-09-16,6.7%,"45,086","8,610"
2026-09-05 13:31:52,4,스파이더맨: 브랜드 뉴 데이,2026-07-29,5.5%,"37,343","8,673,477"
2026-09-05 13:31:52,5,옵세션,2026-09-02,4.7%,"31,604","78,217"
2026-09-05 13:31:52,6,경주기행,2026-08-26,2.0%,"13,625","260,119"
2026-09-05 13:31:52,7,비광,2026-09-02,1.9%,"13,088","41,099"
2026-09-05 13:31:52,8,싱 어게인,2026-09-02,1.9%,"12,698","30,645"
2026-09-05 13:31:52,9,호프,2026-07-15,1.8%,"12,257","4,539,028"
2026-09-05 13:31:52,10,타짜: 벨제붑의 노래,2026-09-23,1.5%,"9,848",0
2026-09-05 13:31:52,11,더 드라마,2026-09-09,1.2%,"8,053","1,615"
2026-09-05 13:31:52,12,딥 워터,2026-09-09,0.8%,"5,525",126
2026-09-05 13:31:52,13,아이유 콘서트 : 더 골든 아워,재개봉일 : 2026-09-09 2023-09-13,0.7%,"4,862","87,628"
2026-09-05 13:31:52,14,이누야샤 극장판: 시대를 초월한 마음,2026-09-09,0.7%,"4,794",122
2026-09-05 13:31:52,15,아버지의 집밥,2026-09-09,0.7%,"4,471",231
2026-09-05 13:31:52,16,아이유 콘서트 : 더 위닝,재개봉일 : 2026-09-16 2025-01-24,0.5%,"3,644","75,872"
2026-09-05 13:31:52,17,연옥: 살인마들의 자치구역,2026-09-09,0.5%,"3,308","1,054"
2026-09-05 13:31:52,18,오아시스: 돈 룩 백 인 앵거,2026-09-09,0.5%,"3,081",0
2026-09-05 13:31:52,19,네 얼굴로는 울 수 없어,2026-09-09,0.4%,"2,980",0
2026-09-05 13:31:52,20,포가튼 아일랜드,2026-09-23,0.4%,"2,669",0
2026-09-05 13:31:52,21,모모와 다락방의 수상한 요괴들,재개봉일 : 2026-09-02 2012-07-05,0.4%,"2,630","305,708"
2026-09-05 13:31:52,22,사랑의 하츄핑: 고래보석의 전설,2026-08-05,0.4%,"2,619","842,731"
2026-09-05 13:31:52,23,고스트밴드,2026-08-26,0.3%,"2,072","15,208"
2026-09-05 13:31:52,24,오크 스트리트의 마지막 날,2026-08-26,0.3%,"1,928","125,222"
2026-09-05 13:31:52,25,명탐정 코난: 하이웨이의 타천사,2026-08-12,0.3%,"1,785","414,524"
2026-09-05 14:21:07,1,오디세이,2026-08-05,53.1%,"350,295","9,467,013"
2026-09-05 14:21:07,2,암살자(들),2026-09-23,7.3%,"48,443",145
2026-09-05 14:21:07,3,인턴,2026-09-16,6.8%,"45,126","8,610"
2026-09-05 14:21:07,4,스파이더맨: 브랜드 뉴 데이,2026-07-29,5.3%,"34,850","8,673,477"
2026-09-05 14:21:07,5,옵세션,2026-09-02,4.7%,"31,130","78,217"
2026-09-05 14:21:07,6,비광,2026-09-02,1.9%,"12,557","41,099"
2026-09-05 14:21:07,7,경주기행,2026-08-26,1.9%,"12,537","260,119"
2026-09-05 14:21:07,8,싱 어게인,2026-09-02,1.9%,"12,418","30,645"
2026-09-05 14:21:07,9,호프,2026-07-15,1.9%,"12,249","4,539,028"
2026-09-05 14:21:07,10,타짜: 벨제붑의 노래,2026-09-23,1.5%,"9,911",0
2026-09-05 14:21:07,11,더 드라마,2026-09-09,1.2%,"8,079","1,615"
2026-09-05 14:21:07,12,딥 워터,2026-09-09,0.8%,"5,526",126
2026-09-05 14:21:07,13,아이유 콘서트 : 더 골든 아워,재개봉일 : 2026-09-09 2023-09-13,0.7%,"4,862","87,628"
2026-09-05 14:21:07,14,이누야샤 극장판: 시대를 초월한 마음,2026-09-09,0.7%,"4,857",122
2026-09-05 14:21:07,15,아버지의 집밥,2026-09-09,0.7%,"4,471",231
2026-09-05 14:21:07,16,아이유 콘서트 : 더 위닝,재개봉일 : 2026-09-16 2025-01-24,0.6%,"3,652","75,872"
2026-09-05 14:21:07,17,연옥: 살인마들의 자치구역,2026-09-09,0.5%,"3,316","1,054"
2026-09-05 14:21:07,18,오아시스: 돈 룩 백 인 앵거,2026-09-09,0.5%,"3,141",0
2026-09-05 14:21:07,19,네 얼굴로는 울 수 없어,2026-09-09,0.5%,"2,981",0
2026-09-05 14:21:07,20,포가튼 아일랜드,2026-09-23,0.4%,"2,669",0
2026-09-05 14:21:07,21,모모와 다락방의 수상한 요괴들,재개봉일 : 2026-09-02 2012-07-05,0.4%,"2,478","305,708"
2026-09-05 14:21:07,22,사랑의 하츄핑: 고래보석의 전설,2026-08-05,0.4%,"2,352","842,731"
2026-09-05 14:21:07,23,고스트밴드,2026-08-26,0.3%,"2,030","15,208"
2026-09-05 14:21:07,24,오크 스트리트의 마지막 날,2026-08-26,0.3%,"1,840","125,222"
2026-09-05 14:21:07,25,내 이름은,2026-04-15,0.3%,"1,684","222,164"
2026-09-05 14:31:54,1,오디세이,2026-08-05,53.0%,"348,679","9,467,013"
2026-09-05 14:31:54,2,암살자(들),2026-09-23,7.4%,"48,451",145
2026-09-05 14:31:54,3,인턴,2026-09-16,6.9%,"45,134","8,610"
2026-09-05 14:31:54,4,스파이더맨: 브랜드 뉴 데이,2026-07-29,5.3%,"34,842","8,673,477"
2026-09-05 14:31:54,5,옵세션,2026-09-02,4.7%,"31,128","78,217"
2026-09-05 14:31:54,6,비광,2026-09-02,1.9%,"12,397","41,099"
2026-09-05 14:31:54,7,경주기행,2026-08-26,1.9%,"12,343","260,119"
2026-09-05 14:31:54,8,싱 어게인,2026-09-02,1.9%,"12,320","30,645"
2026-09-05 14:31:54,9,호프,2026-07-15,1.9%,"12,267","4,539,028"
2026-09-05 14:31:54,10,타짜: 벨제붑의 노래,2026-09-23,1.5%,"9,925",0
2026-09-05 14:31:54,11,더 드라마,2026-09-09,1.2%,"8,086","1,615"
2026-09-05 14:31:54,12,딥 워터,2026-09-09,0.8%,"5,526",126
2026-09-05 14:31:54,13,아이유 콘서트 : 더 골든 아워,재개봉일 : 2026-09-09 2023-09-13,0.7%,"4,865","87,628"
2026-09-05 14:31:54,14,이누야샤 극장판: 시대를 초월한 마음,2026-09-09,0.7%,"4,864",122
2026-09-05 14:31:54,15,아버지의 집밥,2026-09-09,0.7%,"4,470",231
2026-09-05 14:31:54,16,아이유 콘서트 : 더 위닝,재개봉일 : 2026-09-16 2025-01-24,0.6%,"3,654","75,872"
2026-09-05 14:31:54,17,연옥: 살인마들의 자치구역,2026-09-09,0.5%,"3,318","1,054"
2026-09-05 14:31:54,18,오아시스: 돈 룩 백 인 앵거,2026-09-09,0.5%,"3,148",0
2026-09-05 14:31:54,19,네 얼굴로는 울 수 없어,2026-09-09,0.5%,"2,981",0
2026-09-05 14:31:54,20,포가튼 아일랜드,2026-09-23,0.4%,"2,669",0
2026-09-05 14:31:54,21,모모와 다락방의 수상한 요괴들,재개봉일 : 2026-09-02 2012-07-05,0.4%,"2,481","305,708"
2026-09-05 14:31:54,22,사랑의 하츄핑: 고래보석의 전설,2026-08-05,0.3%,"2,286","842,731"
2026-09-05 14:31:54,23,고스트밴드,2026-08-26,0.3%,"2,044","15,208"
2026-09-05 14:31:54,24,오크 스트리트의 마지막 날,2026-08-26,0.3%,"1,851","125,222"
2026-09-05 14:31:54,25,내 이름은,2026-04-15,0.3%,"1,684","222,164"
2026-09-05 15:21:07,1,오디세이,2026-08-05,53.0%,"342,867","9,467,013"
2026-09-05 15:21:07,2,암살자(들),2026-09-23,7.5%,"48,867",145
2026-09-05 15:21:07,3,인턴,2026-09-16,7.0%,"45,406","8,610"
2026-09-05 15:21:07,4,스파이더맨: 브랜드 뉴 데이,2026-07-29,5.1%,"32,984","8,673,474"
2026-09-05 15:21:07,5,옵세션,2026-09-02,4.6%,"29,821","78,217"
2026-09-05 15:21:07,6,호프,2026-07-15,1.9%,"12,326","4,539,028"
2026-09-05 15:21:07,7,비광,2026-09-02,1.8%,"11,874","41,099"
2026-09-05 15:21:07,8,경주기행,2026-08-26,1.8%,"11,776","260,119"
2026-09-05 15:21:07,9,싱 어게인,2026-09-02,1.8%,"11,739","30,645"
2026-09-05 15:21:07,10,타짜: 벨제붑의 노래,2026-09-23,1.6%,"10,372",0
2026-09-05 15:21:07,11,더 드라마,2026-09-09,1.3%,"8,144","1,615"
2026-09-05 15:21:07,12,딥 워터,2026-09-09,0.9%,"5,530",126
2026-09-05 15:21:07,13,아이유 콘서트 : 더 골든 아워,재개봉일 : 2026-09-09 2023-09-13,0.8%,"4,878","87,628"
2026-09-05 15:21:07,14,이누야샤 극장판: 시대를 초월한 마음,2026-09-09,0.7%,"4,851",122
2026-09-05 15:21:07,15,아버지의 집밥,2026-09-09,0.7%,"4,472",231
2026-09-05 15:21:07,16,아이유 콘서트 : 더 위닝,재개봉일 : 2026-09-16 2025-01-24,0.6%,"3,663","75,872"
2026-09-05 15:21:07,17,연옥: 살인마들의 자치구역,2026-09-09,0.5%,"3,319","1,054"
2026-09-05 15:21:07,18,오아시스: 돈 룩 백 인 앵거,2026-09-09,0.5%,"3,205",0
2026-09-05 15:21:07,19,네 얼굴로는 울 수 없어,2026-09-09,0.5%,"2,982",0
2026-09-05 15:21:07,20,포가튼 아일랜드,2026-09-23,0.4%,"2,669",0
2026-09-05 15:21:07,21,사랑의 하츄핑: 고래보석의 전설,2026-08-05,0.4%,"2,342","842,731"
2026-09-05 15:21:07,22,모모와 다락방의 수상한 요괴들,재개봉일 : 2026-09-02 2012-07-05,0.3%,"2,182","305,708"
2026-09-05 15:21:07,23,고스트밴드,2026-08-26,0.3%,"2,040","15,208"
2026-09-05 15:21:07,24,오크 스트리트의 마지막 날,2026-08-26,0.3%,"1,872","125,222"
2026-09-05 15:21:07,25,내 이름은,2026-04-15,0.3%,"1,684","222,164"
2026-09-05 15:31:54,1,오디세이,2026-08-05,52.9%,"342,030","9,467,013"
2026-09-05 15:31:54,2,암살자(들),2026-09-23,7.6%,"48,871",145
2026-09-05 15:31:54,3,인턴,2026-09-16,7.0%,"45,411","8,610"
2026-09-05 15:31:54,4,스파이더맨: 브랜드 뉴 데이,2026-07-29,5.1%,"33,115","8,673,474"
2026-09-05 15:31:54,5,옵세션,2026-09-02,4.6%,"29,978","78,217"
2026-09-05 15:31:54,6,호프,2026-07-15,1.9%,"12,260","4,539,028"
2026-09-05 15:31:54,7,비광,2026-09-02,1.8%,"11,861","41,099"
2026-09-05 15:31:54,8,경주기행,2026-08-26,1.8%,"11,754","260,119"
2026-09-05 15:31:54,9,싱 어게인,2026-09-02,1.8%,"11,531","30,645"
2026-09-05 15:31:54,10,타짜: 벨제붑의 노래,2026-09-23,1.6%,"10,393",0
2026-09-05 15:31:54,11,더 드라마,2026-09-09,1.3%,"8,156","1,615"
2026-09-05 15:31:54,12,딥 워터,2026-09-09,0.9%,"5,529",126
2026-09-05 15:31:54,13,아이유 콘서트 : 더 골든 아워,재개봉일 : 2026-09-09 2023-09-13,0.8%,"4,886","87,628"
2026-09-05 15:31:54,14,이누야샤 극장판: 시대를 초월한 마음,2026-09-09,0.8%,"4,865",122
2026-09-05 15:31:54,15,아버지의 집밥,2026-09-09,0.7%,"4,475",231
2026-09-05 15:31:54,16,아이유 콘서트 : 더 위닝,재개봉일 : 2026-09-16 2025-01-24,0.6%,"3,663","75,872"
2026-09-05 15:31:54,17,연옥: 살인마들의 자치구역,2026-09-09,0.5%,"3,319","1,054"
2026-09-05 15:31:54,18,오아시스: 돈 룩 백 인 앵거,2026-09-09,0.5%,"3,218",0
2026-09-05 15:31:54,19,네 얼굴로는 울 수 없어,2026-09-09,0.5%,"2,982",0
2026-09-05 15:31:54,20,포가튼 아일랜드,2026-09-23,0.4%,"2,669",0
2026-09-05 15:31:54,21,사랑의 하츄핑: 고래보석의 전설,2026-08-05,0.4%,"2,346","842,731"
2026-09-05 15:31:54,22,모모와 다락방의 수상한 요괴들,재개봉일 : 2026-09-02 2012-07-05,0.3%,"2,184","305,708"
2026-09-05 15:31:54,23,고스트밴드,2026-08-26,0.3%,"2,036","15,208"
2026-09-05 15:31:54,24,오크 스트리트의 마지막 날,2026-08-26,0.3%,"1,854","125,222"
2026-09-05 15:31:54,25,내 이름은,2026-04-15,0.3%,"1,684","222,164"
2026-09-05 16:21:07,1,오디세이,2026-08-05,52.8%,"335,412","9,467,013"
2026-09-05 16:21:07,2,암살자(들),2026-09-23,7.7%,"48,916",145
2026-09-05 16:21:07,3,인턴,2026-09-16,7.2%,"45,462","8,610"
2026-09-05 16:21:07,4,스파이더맨: 브랜드 뉴 데이,2026-07-29,5.0%,"31,821","8,673,474"
2026-09-05 16:21:07,5,옵세션,2026-09-02,4.5%,"28,376","78,217"
2026-09-05 16:21:07,6,호프,2026-07-15,1.9%,"12,311","4,539,028"
2026-09-05 16:21:07,7,경주기행,2026-08-26,1.8%,"11,562","260,119"
2026-09-05 16:21:07,8,비광,2026-09-02,1.8%,"11,536","41,099"
2026-09-05 16:21:07,9,싱 어게인,2026-09-02,1.7%,"11,028","30,645"
2026-09-05 16:21:07,10,타짜: 벨제붑의 노래,2026-09-23,1.6%,"10,425",0
2026-09-05 16:21:07,11,더 드라마,2026-09-09,1.3%,"8,120","1,615"
2026-09-05 16:21:07,12,딥 워터,2026-09-09,0.9%,"5,525",126
2026-09-05 16:21:07,13,아이유 콘서트 : 더 골든 아워,재개봉일 : 2026-09-09 2023-09-13,0.8%,"4,915","87,628"
2026-09-05 16:21:07,14,이누야샤 극장판: 시대를 초월한 마음,2026-09-09,0.8%,"4,894",122
2026-09-05 16:21:07,15,아버지의 집밥,2026-09-09,0.7%,"4,475",231
2026-09-05 16:21:07,16,아이유 콘서트 : 더 위닝,재개봉일 : 2026-09-16 2025-01-24,0.6%,"3,671","75,872"
2026-09-05 16:21:07,17,연옥: 살인마들의 자치구역,2026-09-09,0.5%,"3,321","1,054"
2026-09-05 16:21:07,18,오아시스: 돈 룩 백 인 앵거,2026-09-09,0.5%,"3,274",0
2026-09-05 16:21:07,19,네 얼굴로는 울 수 없어,2026-09-09,0.5%,"2,982",0
2026-09-05 16:21:07,20,포가튼 아일랜드,2026-09-23,0.4%,"2,669",0
2026-09-05 16:21:07,21,사랑의 하츄핑: 고래보석의 전설,2026-08-05,0.4%,"2,412","842,731"
2026-09-05 16:21:07,22,고스트밴드,2026-08-26,0.3%,"2,039","15,208"
2026-09-05 16:21:07,23,모모와 다락방의 수상한 요괴들,재개봉일 : 2026-09-02 2012-07-05,0.3%,"2,030","305,708"
2026-09-05 16:21:07,24,오크 스트리트의 마지막 날,2026-08-26,0.3%,"1,837","125,222"
2026-09-05 16:21:07,25,내 이름은,2026-04-15,0.3%,"1,684","222,164"
2026-09-05 16:31:53,1,오디세이,2026-08-05,52.8%,"334,700","9,467,013"
2026-09-05 16:31:53,2,암살자(들),2026-09-23,7.7%,"48,930",145
2026-09-05 16:31:53,3,인턴,2026-09-16,7.2%,"45,475","8,610"
2026-09-05 16:31:53,4,스파이더맨: 브랜드 뉴 데이,2026-07-29,5.0%,"31,782","8,673,474"
2026-09-05 16:31:53,5,옵세션,2026-09-02,4.4%,"28,196","78,217"
2026-09-05 16:31:53,6,호프,2026-07-15,1.9%,"12,300","4,539,028"
2026-09-05 16:31:53,7,비광,2026-09-02,1.8%,"11,519","41,099"
2026-09-05 16:31:53,8,경주기행,2026-08-26,1.8%,"11,436","260,119"
2026-09-05 16:31:53,9,싱 어게인,2026-09-02,1.7%,"10,974","30,645"
2026-09-05 16:31:53,10,타짜: 벨제붑의 노래,2026-09-23,1.6%,"10,433",0
2026-09-05 16:31:53,11,더 드라마,2026-09-09,1.2%,"7,894","1,615"
2026-09-05 16:31:53,12,딥 워터,2026-09-09,0.9%,"5,529",126
2026-09-05 16:31:53,13,아이유 콘서트 : 더 골든 아워,재개봉일 : 2026-09-09 2023-09-13,0.8%,"4,920","87,628"
2026-09-05 16:31:53,14,이누야샤 극장판: 시대를 초월한 마음,2026-09-09,0.8%,"4,898",122
2026-09-05 16:31:53,15,아버지의 집밥,2026-09-09,0.7%,"4,475",231
2026-09-05 16:31:53,16,아이유 콘서트 : 더 위닝,재개봉일 : 2026-09-16 2025-01-24,0.6%,"3,672","75,872"
2026-09-05 16:31:53,17,연옥: 살인마들의 자치구역,2026-09-09,0.5%,"3,321","1,054"
2026-09-05 16:31:53,18,오아시스: 돈 룩 백 인 앵거,2026-09-09,0.5%,"3,265",0
2026-09-05 16:31:53,19,네 얼굴로는 울 수 없어,2026-09-09,0.5%,"2,982",0
2026-09-05 16:31:53,20,포가튼 아일랜드,2026-09-23,0.4%,"2,669",0
2026-09-05 16:31:53,21,사랑의 하츄핑: 고래보석의 전설,2026-08-05,0.4%,"2,419","842,731"
2026-09-05 16:31:53,22,고스트밴드,2026-08-26,0.3%,"2,031","15,208"
2026-09-05 16:31:53,23,모모와 다락방의 수상한 요괴들,재개봉일 : 2026-09-02 2012-07-05,0.3%,"2,020","305,708"
2026-09-05 16:31:53,24,오크 스트리트의 마지막 날,2026-08-26,0.3%,"1,835","125,222"
2026-09-05 16:31:53,25,내 이름은,2026-04-15,0.3%,"1,684","222,164"
2026-09-05 17:21:07,1,오디세이,2026-08-05,52.6%,"324,642","9,467,012"
2026-09-05 17:21:07,2,암살자(들),2026-09-23,7.9%,"48,955",145
2026-09-05 17:21:07,3,인턴,2026-09-16,7.4%,"45,541","8,610"
2026-09-05 17:21:07,4,스파이더맨: 브랜드 뉴 데이,2026-07-29,4.9%,"30,034","8,673,474"
2026-09-05 17:21:07,5,옵세션,2026-09-02,4.4%,"26,860","78,217"
2026-09-05 17:21:07,6,호프,2026-07-15,2.0%,"12,324","4,539,028"
2026-09-05 17:21:07,7,비광,2026-09-02,1.8%,"11,013","41,099"
2026-09-05 17:21:07,8,경주기행,2026-08-26,1.7%,"10,701","260,119"
2026-09-05 17:21:07,9,싱 어게인,2026-09-02,1.7%,"10,673","30,645"
2026-09-05 17:21:07,10,타짜: 벨제붑의 노래,2026-09-23,1.7%,"10,464",0
2026-09-05 17:21:07,11,더 드라마,2026-09-09,1.3%,"7,849","1,615"
2026-09-05 17:21:07,12,딥 워터,2026-09-09,0.9%,"5,532",126
2026-09-05 17:21:07,13,이누야샤 극장판: 시대를 초월한 마음,2026-09-09,0.8%,"4,945",122
2026-09-05 17:21:07,14,아이유 콘서트 : 더 골든 아워,재개봉일 : 2026-09-09 2023-09-13,0.8%,"4,934","87,628"
2026-09-05 17:21:07,15,아버지의 집밥,2026-09-09,0.7%,"4,478",231
2026-09-05 17:21:07,16,아이유 콘서트 : 더 위닝,재개봉일 : 2026-09-16 2025-01-24,0.6%,"3,676","75,872"
2026-09-05 17:21:07,17,연옥: 살인마들의 자치구역,2026-09-09,0.5%,"3,326","1,054"
2026-09-05 17:21:07,18,오아시스: 돈 룩 백 인 앵거,2026-09-09,0.5%,"3,323",0
2026-09-05 17:21:07,19,네 얼굴로는 울 수 없어,2026-09-09,0.5%,"2,984",0
2026-09-05 17:21:07,20,사랑의 하츄핑: 고래보석의 전설,2026-08-05,0.4%,"2,492","842,731"
2026-09-05 17:21:07,21,고스트밴드,2026-08-26,0.3%,"2,026","15,208"
2026-09-05 17:21:07,22,모모와 다락방의 수상한 요괴들,재개봉일 : 2026-09-02 2012-07-05,0.3%,"1,990","305,708"
2026-09-05 17:21:07,23,오크 스트리트의 마지막 날,2026-08-26,0.3%,"1,704","125,222"
2026-09-05 17:21:07,24,내 이름은,2026-04-15,0.3%,"1,684","222,164"
2026-09-05 17:21:07,26,명탐정 코난: 하이웨이의 타천사,2026-08-12,0.2%,"1,457","414,524"
2026-09-05 17:32:01,1,오디세이,2026-08-05,52.7%,"324,836","9,467,012"
2026-09-05 17:32:01,2,암살자(들),2026-09-23,7.9%,"48,962",145
2026-09-05 17:32:01,3,인턴,2026-09-16,7.4%,"45,553","8,610"
2026-09-05 17:32:01,4,스파이더맨: 브랜드 뉴 데이,2026-07-29,4.9%,"30,054","8,673,474"
2026-09-05 17:32:01,5,옵세션,2026-09-02,4.2%,"26,163","78,217"
2026-09-05 17:32:01,6,호프,2026-07-15,2.0%,"12,335","4,539,028"
2026-09-05 17:32:01,7,비광,2026-09-02,1.8%,"10,922","41,099"
2026-09-05 17:32:01,8,경주기행,2026-08-26,1.7%,"10,695","260,119"
2026-09-05 17:32:01,9,싱 어게인,2026-09-02,1.7%,"10,543","30,645"
2026-09-05 17:32:01,10,타짜: 벨제붑의 노래,2026-09-23,1.7%,"10,473",0
2026-09-05 17:32:01,11,더 드라마,2026-09-09,1.3%,"7,857","1,615"
2026-09-05 17:32:01,12,딥 워터,2026-09-09,0.9%,"5,531",126
2026-09-05 17:32:01,13,이누야샤 극장판: 시대를 초월한 마음,2026-09-09,0.8%,"4,953",122
2026-09-05 17:32:01,14,아이유 콘서트 : 더 골든 아워,재개봉일 : 2026-09-09 2023-09-13,0.8%,"4,940","87,628"
2026-09-05 17:32:01,15,아버지의 집밥,2026-09-09,0.7%,"4,478",231
2026-09-05 17:32:01,16,아이유 콘서트 : 더 위닝,재개봉일 : 2026-09-16 2025-01-24,0.6%,"3,678","75,872"
2026-09-05 17:32:01,17,오아시스: 돈 룩 백 인 앵거,2026-09-09,0.5%,"3,330",0
2026-09-05 17:32:01,18,연옥: 살인마들의 자치구역,2026-09-09,0.5%,"3,326","1,054"
2026-09-05 17:32:01,19,네 얼굴로는 울 수 없어,2026-09-09,0.5%,"2,983",0
2026-09-05 17:32:01,20,사랑의 하츄핑: 고래보석의 전설,2026-08-05,0.4%,"2,520","842,731"
2026-09-05 17:32:01,21,고스트밴드,2026-08-26,0.3%,"2,029","15,208"
2026-09-05 17:32:01,22,모모와 다락방의 수상한 요괴들,재개봉일 : 2026-09-02 2012-07-05,0.3%,"1,995","305,708"
2026-09-05 17:32:01,23,오크 스트리트의 마지막 날,2026-08-26,0.3%,"1,700","125,222"
2026-09-05 17:32:01,24,내 이름은,2026-04-15,0.3%,"1,684","222,164"
2026-09-05 17:32:01,26,명탐정 코난: 하이웨이의 타천사,2026-08-12,0.2%,"1,459","414,524"
2026-09-05 18:21:07,1,오디세이,2026-08-05,52.1%,"314,052","9,467,012"
2026-09-05 18:21:07,2,암살자(들),2026-09-23,8.2%,"49,421",145
2026-09-05 18:21:07,3,인턴,2026-09-16,7.6%,"45,865","8,610"
2026-09-05 18:21:07,4,스파이더맨: 브랜드 뉴 데이,2026-07-29,4.7%,"28,311","8,673,474"
2026-09-05 18:21:07,5,옵세션,2026-09-02,4.1%,"24,870","78,217"
2026-09-05 18:21:07,6,호프,2026-07-15,2.1%,"12,381","4,539,028"
2026-09-05 18:21:07,7,타짜: 벨제붑의 노래,2026-09-23,1.8%,"10,800",0
2026-09-05 18:21:07,8,비광,2026-09-02,1.7%,"10,462","41,099"
2026-09-05 18:21:07,9,경주기행,2026-08-26,1.7%,"10,432","260,119"
2026-09-05 18:21:07,10,싱 어게인,2026-09-02,1.7%,"10,359","30,645"
2026-09-05 18:21:07,11,더 드라마,2026-09-09,1.3%,"7,874","1,615"
2026-09-05 18:21:07,12,딥 워터,2026-09-09,0.9%,"5,537",126
2026-09-05 18:21:07,13,이누야샤 극장판: 시대를 초월한 마음,2026-09-09,0.8%,"4,976",122
2026-09-05 18:21:07,14,아이유 콘서트 : 더 골든 아워,재개봉일 : 2026-09-09 2023-09-13,0.8%,"4,959","87,628"
2026-09-05 18:21:07,15,아버지의 집밥,2026-09-09,0.7%,"4,479",231
2026-09-05 18:21:07,16,아이유 콘서트 : 더 위닝,재개봉일 : 2026-09-16 2025-01-24,0.6%,"3,679","75,872"
2026-09-05 18:21:07,17,오아시스: 돈 룩 백 인 앵거,2026-09-09,0.6%,"3,392",0
2026-09-05 18:21:07,18,연옥: 살인마들의 자치구역,2026-09-09,0.6%,"3,328","1,054"
2026-09-05 18:21:07,19,네 얼굴로는 울 수 없어,2026-09-09,0.5%,"2,998",0
2026-09-05 18:21:07,20,사랑의 하츄핑: 고래보석의 전설,2026-08-05,0.4%,"2,636","842,731"
2026-09-05 18:21:07,21,고스트밴드,2026-08-26,0.3%,"2,026","15,208"
2026-09-05 18:21:07,22,모모와 다락방의 수상한 요괴들,재개봉일 : 2026-09-02 2012-07-05,0.3%,"1,957","305,708"
2026-09-05 18:21:07,23,내 이름은,2026-04-15,0.3%,"1,684","222,164"
2026-09-05 18:21:07,24,오크 스트리트의 마지막 날,2026-08-26,0.3%,"1,665","125,222"
2026-09-05 18:21:07,26,명탐정 코난: 하이웨이의 타천사,2026-08-12,0.2%,"1,415","414,524"
2026-09-05 18:31:51,1,오디세이,2026-08-05,52.1%,"313,815","9,467,012"
2026-09-05 18:31:51,2,암살자(들),2026-09-23,8.2%,"49,429",145
2026-09-05 18:31:51,3,인턴,2026-09-16,7.6%,"45,872","8,610"
2026-09-05 18:31:51,4,스파이더맨: 브랜드 뉴 데이,2026-07-29,4.7%,"28,355","8,673,474"
2026-09-05 18:31:51,5,옵세션,2026-09-02,4.1%,"24,551","78,217"
2026-09-05 18:31:51,6,호프,2026-07-15,2.1%,"12,392","4,539,028"
2026-09-05 18:31:51,7,타짜: 벨제붑의 노래,2026-09-23,1.8%,"10,816",0
2026-09-05 18:31:51,8,비광,2026-09-02,1.7%,"10,437","41,099"
2026-09-05 18:31:51,9,경주기행,2026-08-26,1.7%,"10,410","260,119"
2026-09-05 18:31:51,10,싱 어게인,2026-09-02,1.7%,"10,338","30,645"
2026-09-05 18:31:51,11,더 드라마,2026-09-09,1.3%,"7,885","1,615"
2026-09-05 18:31:51,12,딥 워터,2026-09-09,0.9%,"5,538",126
2026-09-05 18:31:51,13,이누야샤 극장판: 시대를 초월한 마음,2026-09-09,0.8%,"4,982",122
2026-09-05 18:31:51,14,아이유 콘서트 : 더 골든 아워,재개봉일 : 2026-09-09 2023-09-13,0.8%,"4,962","87,628"
2026-09-05 18:31:51,15,아버지의 집밥,2026-09-09,0.7%,"4,479",231
2026-09-05 18:31:51,16,아이유 콘서트 : 더 위닝,재개봉일 : 2026-09-16 2025-01-24,0.6%,"3,680","75,872"
2026-09-05 18:31:51,17,오아시스: 돈 룩 백 인 앵거,2026-09-09,0.6%,"3,415",0
2026-09-05 18:31:51,18,연옥: 살인마들의 자치구역,2026-09-09,0.6%,"3,328","1,054"
2026-09-05 18:31:51,19,네 얼굴로는 울 수 없어,2026-09-09,0.5%,"2,998",0
2026-09-05 18:31:51,20,사랑의 하츄핑: 고래보석의 전설,2026-08-05,0.4%,"2,649","842,731"
2026-09-05 18:31:51,21,고스트밴드,2026-08-26,0.3%,"2,026","15,208"
2026-09-05 18:31:51,22,모모와 다락방의 수상한 요괴들,재개봉일 : 2026-09-02 2012-07-05,0.3%,"1,962","305,708"
2026-09-05 18:31:51,23,내 이름은,2026-04-15,0.3%,"1,684","222,164"
2026-09-05 18:31:51,24,오크 스트리트의 마지막 날,2026-08-26,0.3%,"1,659","125,222"
2026-09-05 18:31:51,26,명탐정 코난: 하이웨이의 타천사,2026-08-12,0.2%,"1,432","414,524"
2026-09-05 19:21:07,1,오디세이,2026-08-05,51.9%,"307,431","9,467,012"
2026-09-05 19:21:07,2,암살자(들),2026-09-23,8.3%,"49,464",145
2026-09-05 19:21:07,3,인턴,2026-09-16,7.8%,"45,950","8,610"
2026-09-05 19:21:07,4,스파이더맨: 브랜드 뉴 데이,2026-07-29,4.6%,"27,486","8,673,474"
2026-09-05 19:21:07,5,옵세션,2026-09-02,3.8%,"22,697","78,217"
2026-09-05 19:21:07,6,호프,2026-07-15,2.1%,"12,396","4,539,028"
2026-09-05 19:21:07,7,타짜: 벨제붑의 노래,2026-09-23,1.8%,"10,859",0
2026-09-05 19:21:07,8,경주기행,2026-08-26,1.7%,"10,352","260,119"
2026-09-05 19:21:07,9,비광,2026-09-02,1.7%,"10,211","41,099"
2026-09-05 19:21:07,10,싱 어게인,2026-09-02,1.7%,"10,016","30,645"
2026-09-05 19:21:07,11,더 드라마,2026-09-09,1.3%,"7,926","1,615"
2026-09-05 19:21:07,12,딥 워터,2026-09-09,0.9%,"5,532",126
2026-09-05 19:21:07,13,이누야샤 극장판: 시대를 초월한 마음,2026-09-09,0.8%,"5,021",122
2026-09-05 19:21:07,14,아이유 콘서트 : 더 골든 아워,재개봉일 : 2026-09-09 2023-09-13,0.8%,"4,968","87,628"
2026-09-05 19:21:07,15,아버지의 집밥,2026-09-09,0.8%,"4,480",231
2026-09-05 19:21:07,16,아이유 콘서트 : 더 위닝,재개봉일 : 2026-09-16 2025-01-24,0.6%,"3,689","75,872"
2026-09-05 19:21:07,17,오아시스: 돈 룩 백 인 앵거,2026-09-09,0.6%,"3,451",0
2026-09-05 19:21:07,18,연옥: 살인마들의 자치구역,2026-09-09,0.6%,"3,330","1,054"
2026-09-05 19:21:07,19,네 얼굴로는 울 수 없어,2026-09-09,0.5%,"2,999",0
2026-09-05 19:21:07,20,사랑의 하츄핑: 고래보석의 전설,2026-08-05,0.5%,"2,751","842,731"
2026-09-05 19:21:07,21,고스트밴드,2026-08-26,0.3%,"2,033","15,208"
2026-09-05 19:21:07,22,모모와 다락방의 수상한 요괴들,재개봉일 : 2026-09-02 2012-07-05,0.3%,"1,951","305,708"
2026-09-05 19:21:07,23,내 이름은,2026-04-15,0.3%,"1,684","222,164"
2026-09-05 19:21:07,24,오크 스트리트의 마지막 날,2026-08-26,0.3%,"1,639","125,222"
2026-09-05 19:21:07,26,명탐정 코난: 하이웨이의 타천사,2026-08-12,0.2%,"1,477","414,524"
2026-09-05 19:31:53,1,오디세이,2026-08-05,51.9%,"307,286","9,467,012"
2026-09-05 19:31:53,2,암살자(들),2026-09-23,8.4%,"49,474",145
2026-09-05 19:31:53,3,인턴,2026-09-16,7.8%,"45,961","8,610"
2026-09-05 19:31:53,4,스파이더맨: 브랜드 뉴 데이,2026-07-29,4.6%,"27,290","8,673,474"
2026-09-05 19:31:53,5,옵세션,2026-09-02,3.8%,"22,409","78,217"
2026-09-05 19:31:53,6,호프,2026-07-15,2.1%,"12,387","4,539,028"
2026-09-05 19:31:53,7,타짜: 벨제붑의 노래,2026-09-23,1.8%,"10,852",0
2026-09-05 19:31:53,8,경주기행,2026-08-26,1.7%,"10,330","260,119"
2026-09-05 19:31:53,9,비광,2026-09-02,1.7%,"10,198","41,099"
2026-09-05 19:31:53,10,싱 어게인,2026-09-02,1.7%,"10,001","30,645"
2026-09-05 19:31:53,11,더 드라마,2026-09-09,1.3%,"7,936","1,615"
2026-09-05 19:31:53,12,딥 워터,2026-09-09,0.9%,"5,532",126
2026-09-05 19:31:53,13,이누야샤 극장판: 시대를 초월한 마음,2026-09-09,0.8%,"5,033",122
2026-09-05 19:31:53,14,아이유 콘서트 : 더 골든 아워,재개봉일 : 2026-09-09 2023-09-13,0.8%,"4,965","87,628"
2026-09-05 19:31:53,15,아버지의 집밥,2026-09-09,0.8%,"4,479",231
2026-09-05 19:31:53,16,아이유 콘서트 : 더 위닝,재개봉일 : 2026-09-16 2025-01-24,0.6%,"3,689","75,872"
2026-09-05 19:31:53,17,오아시스: 돈 룩 백 인 앵거,2026-09-09,0.6%,"3,457",0
2026-09-05 19:31:53,18,연옥: 살인마들의 자치구역,2026-09-09,0.6%,"3,330","1,054"
2026-09-05 19:31:53,19,네 얼굴로는 울 수 없어,2026-09-09,0.5%,"2,999",0
2026-09-05 19:31:53,20,사랑의 하츄핑: 고래보석의 전설,2026-08-05,0.5%,"2,765","842,731"
2026-09-05 19:31:53,21,고스트밴드,2026-08-26,0.3%,"2,037","15,208"
2026-09-05 19:31:53,22,모모와 다락방의 수상한 요괴들,재개봉일 : 2026-09-02 2012-07-05,0.3%,"1,972","305,708"
2026-09-05 19:31:53,23,내 이름은,2026-04-15,0.3%,"1,684","222,164"
2026-09-05 19:31:53,24,오크 스트리트의 마지막 날,2026-08-26,0.3%,"1,633","125,222"
2026-09-05 19:31:53,26,명탐정 코난: 하이웨이의 타천사,2026-08-12,0.3%,"1,482","414,524"
2026-09-05 20:21:07,1,오디세이,2026-08-05,51.9%,"305,379","9,467,012"
2026-09-05 20:21:07,2,암살자(들),2026-09-23,8.4%,"49,518",145
2026-09-05 20:21:07,3,인턴,2026-09-16,7.8%,"46,036","8,610"
2026-09-05 20:21:07,4,스파이더맨: 브랜드 뉴 데이,2026-07-29,4.5%,"26,560","8,673,474"
2026-09-05 20:21:07,5,옵세션,2026-09-02,3.5%,"20,658","78,217"
2026-09-05 20:21:07,6,호프,2026-07-15,2.1%,"12,388","4,539,028"
2026-09-05 20:21:07,7,타짜: 벨제붑의 노래,2026-09-23,1.9%,"10,889",0
2026-09-05 20:21:07,8,경주기행,2026-08-26,1.8%,"10,321","260,119"
2026-09-05 20:21:07,9,비광,2026-09-02,1.7%,"10,152","41,099"
2026-09-05 20:21:07,10,싱 어게인,2026-09-02,1.7%,"9,886","30,645"
2026-09-05 20:21:07,11,더 드라마,2026-09-09,1.4%,"7,992","1,615"
2026-09-05 20:21:07,12,딥 워터,2026-09-09,0.9%,"5,535",126
2026-09-05 20:21:07,13,이누야샤 극장판: 시대를 초월한 마음,2026-09-09,0.9%,"5,058",122
2026-09-05 20:21:07,14,아이유 콘서트 : 더 골든 아워,재개봉일 : 2026-09-09 2023-09-13,0.8%,"4,962","87,628"
2026-09-05 20:21:07,15,아버지의 집밥,2026-09-09,0.8%,"4,482",231
2026-09-05 20:21:07,16,아이유 콘서트 : 더 위닝,재개봉일 : 2026-09-16 2025-01-24,0.6%,"3,691","75,872"
2026-09-05 20:21:07,17,오아시스: 돈 룩 백 인 앵거,2026-09-09,0.6%,"3,495",0
2026-09-05 20:21:07,18,연옥: 살인마들의 자치구역,2026-09-09,0.6%,"3,333","1,054"
2026-09-05 20:21:07,19,네 얼굴로는 울 수 없어,2026-09-09,0.5%,"3,003",0
2026-09-05 20:21:07,20,사랑의 하츄핑: 고래보석의 전설,2026-08-05,0.5%,"2,952","842,731"
2026-09-05 20:21:07,21,고스트밴드,2026-08-26,0.3%,"2,058","15,208"
2026-09-05 20:21:07,22,모모와 다락방의 수상한 요괴들,재개봉일 : 2026-09-02 2012-07-05,0.3%,"1,991","305,708"
2026-09-05 20:21:07,23,내 이름은,2026-04-15,0.3%,"1,684","222,164"
2026-09-05 20:21:07,24,오크 스트리트의 마지막 날,2026-08-26,0.3%,"1,645","125,222"
2026-09-05 20:21:07,25,명탐정 코난: 하이웨이의 타천사,2026-08-12,0.3%,"1,525","414,524"
2026-09-05 20:31:56,1,오디세이,2026-08-05,51.9%,"305,675","9,467,012"
2026-09-05 20:31:56,2,암살자(들),2026-09-23,8.4%,"49,522",145
2026-09-05 20:31:56,3,인턴,2026-09-16,7.8%,"46,052","8,610"
2026-09-05 20:31:56,4,스파이더맨: 브랜드 뉴 데이,2026-07-29,4.5%,"26,730","8,673,474"
2026-09-05 20:31:56,5,옵세션,2026-09-02,3.5%,"20,562","78,217"
2026-09-05 20:31:56,6,호프,2026-07-15,2.1%,"12,392","4,539,028"
2026-09-05 20:31:56,7,타짜: 벨제붑의 노래,2026-09-23,1.9%,"10,901",0
2026-09-05 20:31:56,8,경주기행,2026-08-26,1.8%,"10,377","260,119"
2026-09-05 20:31:56,9,비광,2026-09-02,1.7%,"10,160","41,099"
2026-09-05 20:31:56,10,싱 어게인,2026-09-02,1.7%,"9,932","30,645"
2026-09-05 20:31:56,11,더 드라마,2026-09-09,1.4%,"8,007","1,615"
2026-09-05 20:31:56,12,딥 워터,2026-09-09,0.9%,"5,535",126
2026-09-05 20:31:56,13,이누야샤 극장판: 시대를 초월한 마음,2026-09-09,0.9%,"5,070",122
2026-09-05 20:31:56,14,아이유 콘서트 : 더 골든 아워,재개봉일 : 2026-09-09 2023-09-13,0.8%,"4,963","87,628"
2026-09-05 20:31:56,15,아버지의 집밥,2026-09-09,0.8%,"4,482",231
2026-09-05 20:31:56,16,아이유 콘서트 : 더 위닝,재개봉일 : 2026-09-16 2025-01-24,0.6%,"3,693","75,872"
2026-09-05 20:31:56,17,오아시스: 돈 룩 백 인 앵거,2026-09-09,0.6%,"3,502",0
2026-09-05 20:31:56,18,연옥: 살인마들의 자치구역,2026-09-09,0.6%,"3,333","1,054"
2026-09-05 20:31:56,19,네 얼굴로는 울 수 없어,2026-09-09,0.5%,"3,005",0
2026-09-05 20:31:56,20,사랑의 하츄핑: 고래보석의 전설,2026-08-05,0.5%,"2,998","842,731"
2026-09-05 20:31:56,21,고스트밴드,2026-08-26,0.4%,"2,064","15,208"
2026-09-05 20:31:56,22,모모와 다락방의 수상한 요괴들,재개봉일 : 2026-09-02 2012-07-05,0.3%,"1,990","305,708"
2026-09-05 20:31:56,23,내 이름은,2026-04-15,0.3%,"1,684","222,164"
2026-09-05 20:31:56,24,오크 스트리트의 마지막 날,2026-08-26,0.3%,"1,658","125,222"
2026-09-05 20:31:56,25,명탐정 코난: 하이웨이의 타천사,2026-08-12,0.3%,"1,544","414,524"
2026-09-05 21:21:07,1,오디세이,2026-08-05,51.9%,"305,890","9,467,012"
2026-09-05 21:21:07,2,암살자(들),2026-09-23,8.4%,"49,542",145
2026-09-05 21:21:07,3,인턴,2026-09-16,7.9%,"46,374","8,610"
2026-09-05 21:21:07,4,스파이더맨: 브랜드 뉴 데이,2026-07-29,4.6%,"26,811","8,673,474"
2026-09-05 21:21:07,5,옵세션,2026-09-02,3.3%,"19,381","78,217"
2026-09-05 21:21:07,6,호프,2026-07-15,2.1%,"12,417","4,539,028"
2026-09-05 21:21:07,7,타짜: 벨제붑의 노래,2026-09-23,1.9%,"10,925",0
2026-09-05 21:21:07,8,경주기행,2026-08-26,1.8%,"10,515","260,119"
2026-09-05 21:21:07,9,비광,2026-09-02,1.7%,"10,184","41,099"
2026-09-05 21:21:07,10,싱 어게인,2026-09-02,1.7%,"9,954","30,645"
2026-09-05 21:21:07,11,더 드라마,2026-09-09,1.4%,"8,066","1,615"
2026-09-05 21:21:07,12,딥 워터,2026-09-09,0.9%,"5,539",126
2026-09-05 21:21:07,13,이누야샤 극장판: 시대를 초월한 마음,2026-09-09,0.9%,"5,123",122
2026-09-05 21:21:07,14,아이유 콘서트 : 더 골든 아워,재개봉일 : 2026-09-09 2023-09-13,0.8%,"4,990","87,628"
2026-09-05 21:21:07,15,아버지의 집밥,2026-09-09,0.8%,"4,482",231
2026-09-05 21:21:07,16,아이유 콘서트 : 더 위닝,재개봉일 : 2026-09-16 2025-01-24,0.6%,"3,697","75,872"
2026-09-05 21:21:07,17,오아시스: 돈 룩 백 인 앵거,2026-09-09,0.6%,"3,534",0
2026-09-05 21:21:07,18,연옥: 살인마들의 자치구역,2026-09-09,0.6%,"3,333","1,054"
2026-09-05 21:21:07,19,사랑의 하츄핑: 고래보석의 전설,2026-08-05,0.5%,"3,180","842,731"
2026-09-05 21:21:07,20,네 얼굴로는 울 수 없어,2026-09-09,0.5%,"3,005",0
2026-09-05 21:21:07,21,고스트밴드,2026-08-26,0.4%,"2,084","15,208"
2026-09-05 21:21:07,22,모모와 다락방의 수상한 요괴들,재개봉일 : 2026-09-02 2012-07-05,0.3%,"1,998","305,708"
2026-09-05 21:21:07,23,내 이름은,2026-04-15,0.3%,"1,684","222,164"
2026-09-05 21:21:07,24,오크 스트리트의 마지막 날,2026-08-26,0.3%,"1,640","125,222"
2026-09-05 21:21:07,25,명탐정 코난: 하이웨이의 타천사,2026-08-12,0.3%,"1,601","414,524"
2026-09-05 21:31:55,1,오디세이,2026-08-05,52.0%,"306,770","9,467,012"
2026-09-05 21:31:55,2,암살자(들),2026-09-23,8.4%,"49,564",145
2026-09-05 21:31:55,3,인턴,2026-09-16,7.9%,"46,492","8,610"
2026-09-05 21:31:55,4,스파이더맨: 브랜드 뉴 데이,2026-07-29,4.6%,"26,961","8,673,474"
2026-09-05 21:31:55,5,옵세션,2026-09-02,3.3%,"19,290","78,217"
2026-09-05 21:31:55,6,호프,2026-07-15,2.1%,"12,425","4,539,028"
2026-09-05 21:31:55,7,타짜: 벨제붑의 노래,2026-09-23,1.9%,"10,934",0
2026-09-05 21:31:55,8,경주기행,2026-08-26,1.8%,"10,575","260,119"
2026-09-05 21:31:55,9,비광,2026-09-02,1.7%,"10,217","41,099"
2026-09-05 21:31:55,10,싱 어게인,2026-09-02,1.7%,"9,984","30,645"
2026-09-05 21:31:55,11,더 드라마,2026-09-09,1.4%,"8,070","1,615"
2026-09-05 21:31:55,12,딥 워터,2026-09-09,0.9%,"5,540",126
2026-09-05 21:31:55,13,이누야샤 극장판: 시대를 초월한 마음,2026-09-09,0.9%,"5,135",122
2026-09-05 21:31:55,14,아이유 콘서트 : 더 골든 아워,재개봉일 : 2026-09-09 2023-09-13,0.8%,"4,994","87,628"
2026-09-05 21:31:55,15,아버지의 집밥,2026-09-09,0.8%,"4,483",231
2026-09-05 21:31:55,16,아이유 콘서트 : 더 위닝,재개봉일 : 2026-09-16 2025-01-24,0.6%,"3,703","75,872"
2026-09-05 21:31:55,17,오아시스: 돈 룩 백 인 앵거,2026-09-09,0.6%,"3,538",0
2026-09-05 21:31:55,18,연옥: 살인마들의 자치구역,2026-09-09,0.6%,"3,333","1,054"
2026-09-05 21:31:55,19,사랑의 하츄핑: 고래보석의 전설,2026-08-05,0.5%,"3,229","842,731"
2026-09-05 21:31:55,20,네 얼굴로는 울 수 없어,2026-09-09,0.5%,"3,005",0
2026-09-05 21:31:55,21,고스트밴드,2026-08-26,0.4%,"2,094","15,208"
2026-09-05 21:31:55,22,모모와 다락방의 수상한 요괴들,재개봉일 : 2026-09-02 2012-07-05,0.3%,"2,000","305,708"
2026-09-05 21:31:55,23,내 이름은,2026-04-15,0.3%,"1,684","222,164"
2026-09-05 21:31:55,24,오크 스트리트의 마지막 날,2026-08-26,0.3%,"1,638","125,222"
2026-09-05 21:31:55,25,명탐정 코난: 하이웨이의 타천사,2026-08-12,0.3%,"1,629","414,524"
2026-09-05 22:21:07,1,오디세이,2026-08-05,52.1%,"311,929","9,467,012"
2026-09-05 22:21:07,2,암살자(들),2026-09-23,8.3%,"49,603",145
2026-09-05 22:21:07,3,인턴,2026-09-16,7.8%,"46,645","8,610"
2026-09-05 22:21:07,4,스파이더맨: 브랜드 뉴 데이,2026-07-29,4.7%,"28,017","8,673,474"
2026-09-05 22:21:07,5,옵세션,2026-09-02,3.3%,"19,536","78,217"
2026-09-05 22:21:07,6,호프,2026-07-15,2.1%,"12,475","4,539,028"
2026-09-05 22:21:07,7,타짜: 벨제붑의 노래,2026-09-23,1.8%,"10,957",0
2026-09-05 22:21:07,8,경주기행,2026-08-26,1.8%,"10,765","260,119"
2026-09-05 22:21:07,9,비광,2026-09-02,1.7%,"10,267","41,099"
2026-09-05 22:21:07,10,싱 어게인,2026-09-02,1.7%,"10,180","30,645"
2026-09-05 22:21:07,11,더 드라마,2026-09-09,1.4%,"8,141","1,615"
2026-09-05 22:21:07,12,딥 워터,2026-09-09,0.9%,"5,542",126
2026-09-05 22:21:07,13,이누야샤 극장판: 시대를 초월한 마음,2026-09-09,0.9%,"5,187",122
2026-09-05 22:21:07,14,아이유 콘서트 : 더 골든 아워,재개봉일 : 2026-09-09 2023-09-13,0.8%,"5,015","87,628"
2026-09-05 22:21:07,15,아버지의 집밥,2026-09-09,0.7%,"4,483",231
2026-09-05 22:21:07,16,아이유 콘서트 : 더 위닝,재개봉일 : 2026-09-16 2025-01-24,0.6%,"3,710","75,872"
2026-09-05 22:21:07,17,오아시스: 돈 룩 백 인 앵거,2026-09-09,0.6%,"3,591",0
2026-09-05 22:21:07,18,사랑의 하츄핑: 고래보석의 전설,2026-08-05,0.6%,"3,434","842,731"
2026-09-05 22:21:07,19,연옥: 살인마들의 자치구역,2026-09-09,0.6%,"3,338","1,054"
2026-09-05 22:21:07,20,네 얼굴로는 울 수 없어,2026-09-09,0.5%,"3,006",0
2026-09-05 22:21:07,21,고스트밴드,2026-08-26,0.4%,"2,119","15,208"
2026-09-05 22:21:07,22,모모와 다락방의 수상한 요괴들,재개봉일 : 2026-09-02 2012-07-05,0.3%,"2,005","305,708"
2026-09-05 22:21:07,23,명탐정 코난: 하이웨이의 타천사,2026-08-12,0.3%,"1,696","414,524"
2026-09-05 22:21:07,24,오크 스트리트의 마지막 날,2026-08-26,0.3%,"1,687","125,222"
2026-09-05 22:21:07,25,내 이름은,2026-04-15,0.3%,"1,684","222,164"
2026-09-05 22:31:55,1,오디세이,2026-08-05,52.2%,"313,015","9,467,012"
2026-09-05 22:31:55,2,암살자(들),2026-09-23,8.3%,"49,610",145
2026-09-05 22:31:55,3,인턴,2026-09-16,7.8%,"46,640","8,610"
2026-09-05 22:31:55,4,스파이더맨: 브랜드 뉴 데이,2026-07-29,4.7%,"28,279","8,673,474"
2026-09-05 22:31:55,5,옵세션,2026-09-02,3.3%,"19,572","78,217"
2026-09-05 22:31:55,6,호프,2026-07-15,2.1%,"12,493","4,539,028"
2026-09-05 22:31:55,7,타짜: 벨제붑의 노래,2026-09-23,1.8%,"10,959",0
2026-09-05 22:31:55,8,경주기행,2026-08-26,1.8%,"10,791","260,119"
2026-09-05 22:31:55,9,비광,2026-09-02,1.7%,"10,265","41,099"
2026-09-05 22:31:55,10,싱 어게인,2026-09-02,1.7%,"10,240","30,645"
2026-09-05 22:31:55,11,더 드라마,2026-09-09,1.4%,"8,148","1,615"
2026-09-05 22:31:55,12,딥 워터,2026-09-09,0.9%,"5,542",126
2026-09-05 22:31:55,13,이누야샤 극장판: 시대를 초월한 마음,2026-09-09,0.9%,"5,196",122
2026-09-05 22:31:55,14,아이유 콘서트 : 더 골든 아워,재개봉일 : 2026-09-09 2023-09-13,0.8%,"5,016","87,628"
2026-09-05 22:31:55,15,아버지의 집밥,2026-09-09,0.7%,"4,483",231
2026-09-05 22:31:55,16,아이유 콘서트 : 더 위닝,재개봉일 : 2026-09-16 2025-01-24,0.6%,"3,711","75,872"
2026-09-05 22:31:55,17,오아시스: 돈 룩 백 인 앵거,2026-09-09,0.6%,"3,596",0
2026-09-05 22:31:55,18,사랑의 하츄핑: 고래보석의 전설,2026-08-05,0.6%,"3,473","842,731"
2026-09-05 22:31:55,19,연옥: 살인마들의 자치구역,2026-09-09,0.6%,"3,338","1,054"
2026-09-05 22:31:55,20,네 얼굴로는 울 수 없어,2026-09-09,0.5%,"3,007",0
2026-09-05 22:31:55,21,고스트밴드,2026-08-26,0.4%,"2,130","15,208"
2026-09-05 22:31:55,22,모모와 다락방의 수상한 요괴들,재개봉일 : 2026-09-02 2012-07-05,0.3%,"2,007","305,708"
2026-09-05 22:31:55,23,명탐정 코난: 하이웨이의 타천사,2026-08-12,0.3%,"1,705","414,524"
2026-09-05 22:31:55,24,오크 스트리트의 마지막 날,2026-08-26,0.3%,"1,691","125,222"
2026-09-05 22:31:55,25,내 이름은,2026-04-15,0.3%,"1,684","222,164"
2026-09-05 23:21:07,1,오디세이,2026-08-05,52.1%,"315,834","9,467,012"
2026-09-05 23:21:07,2,암살자(들),2026-09-23,8.2%,"49,627",145
2026-09-05 23:21:07,3,인턴,2026-09-16,7.7%,"46,683","8,610"
2026-09-05 23:21:07,4,스파이더맨: 브랜드 뉴 데이,2026-07-29,4.9%,"29,439","8,673,474"
2026-09-05 23:21:07,5,옵세션,2026-09-02,3.4%,"20,630","78,217"
2026-09-05 23:21:07,6,호프,2026-07-15,2.1%,"12,534","4,539,028"
2026-09-05 23:21:07,7,타짜: 벨제붑의 노래,2026-09-23,1.8%,"11,031",0
2026-09-05 23:21:07,8,경주기행,2026-08-26,1.8%,"10,995","260,119"
2026-09-05 23:21:07,9,싱 어게인,2026-09-02,1.7%,"10,569","30,645"
2026-09-05 23:21:07,10,비광,2026-09-02,1.7%,"10,306","41,099"
2026-09-05 23:21:07,11,더 드라마,2026-09-09,1.3%,"8,187","1,615"
2026-09-05 23:21:07,12,딥 워터,2026-09-09,0.9%,"5,548",126
2026-09-05 23:21:07,13,이누야샤 극장판: 시대를 초월한 마음,2026-09-09,0.9%,"5,241",122
2026-09-05 23:21:07,14,아이유 콘서트 : 더 골든 아워,재개봉일 : 2026-09-09 2023-09-13,0.8%,"5,041","87,628"
2026-09-05 23:21:07,15,아버지의 집밥,2026-09-09,0.7%,"4,487",231
2026-09-05 23:21:07,16,아이유 콘서트 : 더 위닝,재개봉일 : 2026-09-16 2025-01-24,0.6%,"3,714","75,872"
2026-09-05 23:21:07,17,오아시스: 돈 룩 백 인 앵거,2026-09-09,0.6%,"3,652",0
2026-09-05 23:21:07,18,사랑의 하츄핑: 고래보석의 전설,2026-08-05,0.6%,"3,618","842,731"
2026-09-05 23:21:07,19,연옥: 살인마들의 자치구역,2026-09-09,0.6%,"3,338","1,054"
2026-09-05 23:21:07,20,네 얼굴로는 울 수 없어,2026-09-09,0.5%,"2,989",0
2026-09-05 23:21:07,21,고스트밴드,2026-08-26,0.4%,"2,139","15,208"
2026-09-05 23:21:07,22,모모와 다락방의 수상한 요괴들,재개봉일 : 2026-09-02 2012-07-05,0.3%,"2,023","305,708"
2026-09-05 23:21:07,23,명탐정 코난: 하이웨이의 타천사,2026-08-12,0.3%,"1,771","414,524"
2026-09-05 23:21:07,24,오크 스트리트의 마지막 날,2026-08-26,0.3%,"1,726","125,222"
2026-09-05 23:21:07,25,내 이름은,2026-04-15,0.3%,"1,684","222,164"
2026-09-05 23:31:58,1,오디세이,2026-08-05,52.1%,"316,812","9,467,012"
2026-09-05 23:31:58,2,암살자(들),2026-09-23,8.2%,"49,633",145
2026-09-05 23:31:58,3,인턴,2026-09-16,7.7%,"46,690","8,610"
2026-09-05 23:31:58,4,스파이더맨: 브랜드 뉴 데이,2026-07-29,4.9%,"29,647","8,673,474"
2026-09-05 23:31:58,5,옵세션,2026-09-02,3.4%,"20,845","78,217"
2026-09-05 23:31:58,6,호프,2026-07-15,2.1%,"12,538","4,539,028"
2026-09-05 23:31:58,7,타짜: 벨제붑의 노래,2026-09-23,1.8%,"11,033",0
2026-09-05 23:31:58,8,경주기행,2026-08-26,1.8%,"11,026","260,119"
2026-09-05 23:31:58,9,싱 어게인,2026-09-02,1.7%,"10,618","30,645"
2026-09-05 23:31:58,10,비광,2026-09-02,1.7%,"10,293","41,099"
2026-09-05 23:31:58,11,더 드라마,2026-09-09,1.3%,"8,193","1,615"
2026-09-05 23:31:58,12,딥 워터,2026-09-09,0.9%,"5,549",126
2026-09-05 23:31:58,13,이누야샤 극장판: 시대를 초월한 마음,2026-09-09,0.9%,"5,245",122
2026-09-05 23:31:58,14,아이유 콘서트 : 더 골든 아워,재개봉일 : 2026-09-09 2023-09-13,0.8%,"5,043","87,628"
2026-09-05 23:31:58,15,아버지의 집밥,2026-09-09,0.7%,"4,487",231
2026-09-05 23:31:58,16,아이유 콘서트 : 더 위닝,재개봉일 : 2026-09-16 2025-01-24,0.6%,"3,724","75,872"
2026-09-05 23:31:58,17,오아시스: 돈 룩 백 인 앵거,2026-09-09,0.6%,"3,663",0
2026-09-05 23:31:58,18,사랑의 하츄핑: 고래보석의 전설,2026-08-05,0.6%,"3,639","842,731"
2026-09-05 23:31:58,19,연옥: 살인마들의 자치구역,2026-09-09,0.5%,"3,337","1,054"
2026-09-05 23:31:58,20,네 얼굴로는 울 수 없어,2026-09-09,0.5%,"2,989",0
2026-09-05 23:31:58,21,고스트밴드,2026-08-26,0.4%,"2,141","15,208"
2026-09-05 23:31:58,22,모모와 다락방의 수상한 요괴들,재개봉일 : 2026-09-02 2012-07-05,0.3%,"2,020","305,708"
2026-09-05 23:31:58,23,명탐정 코난: 하이웨이의 타천사,2026-08-12,0.3%,"1,795","414,524"
2026-09-05 23:31:58,24,오크 스트리트의 마지막 날,2026-08-26,0.3%,"1,743","125,222"
2026-09-05 23:31:58,25,내 이름은,2026-04-15,0.3%,"1,684","222,164"
2026-09-06 00:21:07,1,오디세이,2026-08-05,52.2%,"320,568","9,768,166"
2026-09-06 00:21:07,2,암살자(들),2026-09-23,8.1%,"49,673",145
2026-09-06 00:21:07,3,인턴,2026-09-16,7.6%,"46,704","11,989"
2026-09-06 00:21:07,4,스파이더맨: 브랜드 뉴 데이,2026-07-29,4.9%,"30,339","8,737,128"
2026-09-06 00:21:07,5,옵세션,2026-09-02,3.6%,"21,822","133,532"
2026-09-06 00:21:07,6,호프,2026-07-15,2.1%,"12,631","4,540,106"
2026-09-06 00:21:07,7,경주기행,2026-08-26,1.8%,"11,124","279,741"
2026-09-06 00:21:07,8,타짜: 벨제붑의 노래,2026-09-23,1.8%,"11,043",0
2026-09-06 00:21:07,9,싱 어게인,2026-09-02,1.8%,"10,870","43,927"
2026-09-06 00:21:07,10,비광,2026-09-02,1.7%,"10,202","56,965"
2026-09-06 00:21:07,11,더 드라마,2026-09-09,1.3%,"8,219","3,015"
2026-09-06 00:21:07,12,딥 워터,2026-09-09,0.9%,"5,555",126
2026-09-06 00:21:07,13,이누야샤 극장판: 시대를 초월한 마음,2026-09-09,0.9%,"5,285",169
2026-09-06 00:21:07,14,아이유 콘서트 : 더 골든 아워,재개봉일 : 2026-09-09 2023-09-13,0.8%,"5,048","87,628"
2026-09-06 00:21:07,15,아버지의 집밥,2026-09-09,0.7%,"4,488",231
2026-09-06 00:21:07,16,사랑의 하츄핑: 고래보석의 전설,2026-08-05,0.6%,"3,734","850,677"
2026-09-06 00:21:07,17,아이유 콘서트 : 더 위닝,재개봉일 : 2026-09-16 2025-01-24,0.6%,"3,723","75,872"
2026-09-06 00:21:07,18,오아시스: 돈 룩 백 인 앵거,2026-09-09,0.6%,"3,713",0
2026-09-06 00:21:07,19,연옥: 살인마들의 자치구역,2026-09-09,0.5%,"3,338","1,054"
2026-09-06 00:21:07,20,네 얼굴로는 울 수 없어,2026-09-09,0.5%,"2,992",0
2026-09-06 00:21:07,21,고스트밴드,2026-08-26,0.4%,"2,165","17,198"
2026-09-06 00:21:07,22,모모와 다락방의 수상한 요괴들,재개봉일 : 2026-09-02 2012-07-05,0.3%,"2,016","308,139"
2026-09-06 00:21:07,23,명탐정 코난: 하이웨이의 타천사,2026-08-12,0.3%,"1,839","417,688"
2026-09-06 00:21:07,24,오크 스트리트의 마지막 날,2026-08-26,0.3%,"1,774","128,075"
2026-09-06 00:21:07,25,내 이름은,2026-04-15,0.3%,"1,684","222,166"
2026-09-06 00:32:03,1,오디세이,2026-08-05,52.2%,"321,152","9,768,169"
2026-09-06 00:32:03,2,암살자(들),2026-09-23,8.1%,"49,682",145
2026-09-06 00:32:03,3,인턴,2026-09-16,7.6%,"46,710","11,989"
2026-09-06 00:32:03,4,스파이더맨: 브랜드 뉴 데이,2026-07-29,5.0%,"30,492","8,737,124"
2026-09-06 00:32:03,5,옵세션,2026-09-02,3.6%,"22,008","133,568"
2026-09-06 00:32:03,6,호프,2026-07-15,2.1%,"12,643","4,540,106"
2026-09-06 00:32:03,7,경주기행,2026-08-26,1.8%,"11,177","279,743"
2026-09-06 00:32:03,8,타짜: 벨제붑의 노래,2026-09-23,1.8%,"11,061",0
2026-09-06 00:32:03,9,싱 어게인,2026-09-02,1.8%,"10,920","43,927"
2026-09-06 00:32:03,10,비광,2026-09-02,1.7%,"10,219","56,965"
2026-09-06 00:32:03,11,더 드라마,2026-09-09,1.3%,"8,233","3,015"
2026-09-06 00:32:03,12,딥 워터,2026-09-09,0.9%,"5,556",126
2026-09-06 00:32:03,13,이누야샤 극장판: 시대를 초월한 마음,2026-09-09,0.9%,"5,301",169
2026-09-06 00:32:03,14,아이유 콘서트 : 더 골든 아워,재개봉일 : 2026-09-09 2023-09-13,0.8%,"5,052","87,628"
2026-09-06 00:32:03,15,아버지의 집밥,2026-09-09,0.7%,"4,488",231
2026-09-06 00:32:03,16,사랑의 하츄핑: 고래보석의 전설,2026-08-05,0.6%,"3,741","850,677"
2026-09-06 00:32:03,17,오아시스: 돈 룩 백 인 앵거,2026-09-09,0.6%,"3,727",0
2026-09-06 00:32:03,18,아이유 콘서트 : 더 위닝,재개봉일 : 2026-09-16 2025-01-24,0.6%,"3,723","75,872"
2026-09-06 00:32:03,19,연옥: 살인마들의 자치구역,2026-09-09,0.5%,"3,340","1,054"
2026-09-06 00:32:03,20,네 얼굴로는 울 수 없어,2026-09-09,0.5%,"2,992",0
2026-09-06 00:32:03,21,고스트밴드,2026-08-26,0.4%,"2,170","17,198"
2026-09-06 00:32:03,22,모모와 다락방의 수상한 요괴들,재개봉일 : 2026-09-02 2012-07-05,0.3%,"2,023","308,139"
2026-09-06 00:32:03,23,명탐정 코난: 하이웨이의 타천사,2026-08-12,0.3%,"1,848","417,688"
2026-09-06 00:32:03,24,오크 스트리트의 마지막 날,2026-08-26,0.3%,"1,787","128,075"
2026-09-06 00:32:03,25,내 이름은,2026-04-15,0.3%,"1,684","222,166"
2026-09-06 01:21:07,1,오디세이,2026-08-05,52.1%,"323,394","9,768,205"
2026-09-06 01:21:07,2,암살자(들),2026-09-23,8.0%,"49,722",145
2026-09-06 01:21:07,3,인턴,2026-09-16,7.5%,"46,735","11,989"
2026-09-06 01:21:07,4,스파이더맨: 브랜드 뉴 데이,2026-07-29,5.0%,"30,969","8,737,130"
2026-09-06 01:21:07,5,옵세션,2026-09-02,3.7%,"22,837","133,627"
2026-09-06 01:21:07,6,호프,2026-07-15,2.0%,"12,672","4,540,106"
2026-09-06 01:21:07,7,경주기행,2026-08-26,1.8%,"11,291","279,745"
2026-09-06 01:21:07,8,싱 어게인,2026-09-02,1.8%,"11,078","43,927"
2026-09-06 01:21:07,9,타짜: 벨제붑의 노래,2026-09-23,1.8%,"11,073",0
2026-09-06 01:21:07,10,비광,2026-09-02,1.7%,"10,256","56,964"
2026-09-06 01:21:07,11,더 드라마,2026-09-09,1.3%,"8,285","3,015"
2026-09-06 01:21:07,12,딥 워터,2026-09-09,0.9%,"5,558",126
2026-09-06 01:21:07,13,이누야샤 극장판: 시대를 초월한 마음,2026-09-09,0.9%,"5,334",169
2026-09-06 01:21:07,14,아이유 콘서트 : 더 골든 아워,재개봉일 : 2026-09-09 2023-09-13,0.8%,"5,056","87,628"
2026-09-06 01:21:07,15,아버지의 집밥,2026-09-09,0.7%,"4,488",231
2026-09-06 01:21:07,16,사랑의 하츄핑: 고래보석의 전설,2026-08-05,0.6%,"3,812","850,677"
2026-09-06 01:21:07,17,오아시스: 돈 룩 백 인 앵거,2026-09-09,0.6%,"3,763",0
2026-09-06 01:21:07,18,아이유 콘서트 : 더 위닝,재개봉일 : 2026-09-16 2025-01-24,0.6%,"3,729","75,872"
2026-09-06 01:21:07,19,연옥: 살인마들의 자치구역,2026-09-09,0.5%,"3,341","1,054"
2026-09-06 01:21:07,20,네 얼굴로는 울 수 없어,2026-09-09,0.5%,"3,000",0
2026-09-06 01:21:07,21,고스트밴드,2026-08-26,0.3%,"2,169","17,198"
2026-09-06 01:21:07,22,모모와 다락방의 수상한 요괴들,재개봉일 : 2026-09-02 2012-07-05,0.3%,"2,047","308,139"
2026-09-06 01:21:07,23,명탐정 코난: 하이웨이의 타천사,2026-08-12,0.3%,"1,886","417,688"
2026-09-06 01:21:07,24,오크 스트리트의 마지막 날,2026-08-26,0.3%,"1,810","128,075"
2026-09-06 01:21:07,25,내 이름은,2026-04-15,0.3%,"1,684","222,166"
2026-09-06 01:32:03,1,오디세이,2026-08-05,52.1%,"323,736","9,768,210"
2026-09-06 01:32:03,2,암살자(들),2026-09-23,8.0%,"49,732",145
2026-09-06 01:32:03,3,인턴,2026-09-16,7.5%,"46,731","11,989"
2026-09-06 01:32:03,4,스파이더맨: 브랜드 뉴 데이,2026-07-29,5.0%,"31,018","8,737,133"
2026-09-06 01:32:03,5,옵세션,2026-09-02,3.7%,"22,954","133,632"
2026-09-06 01:32:03,6,호프,2026-07-15,2.0%,"12,682","4,540,106"
2026-09-06 01:32:03,7,경주기행,2026-08-26,1.8%,"11,307","279,749"
2026-09-06 01:32:03,8,싱 어게인,2026-09-02,1.8%,"11,110","43,927"
2026-09-06 01:32:03,9,타짜: 벨제붑의 노래,2026-09-23,1.8%,"11,088",0
2026-09-06 01:32:03,10,비광,2026-09-02,1.7%,"10,263","56,968"
2026-09-06 01:32:03,11,더 드라마,2026-09-09,1.3%,"8,297","3,015"
2026-09-06 01:32:03,12,딥 워터,2026-09-09,0.9%,"5,558",126
2026-09-06 01:32:03,13,이누야샤 극장판: 시대를 초월한 마음,2026-09-09,0.9%,"5,341",169
2026-09-06 01:32:03,14,아이유 콘서트 : 더 골든 아워,재개봉일 : 2026-09-09 2023-09-13,0.8%,"5,058","87,628"
2026-09-06 01:32:03,15,아버지의 집밥,2026-09-09,0.7%,"4,488",231
2026-09-06 01:32:03,16,사랑의 하츄핑: 고래보석의 전설,2026-08-05,0.6%,"3,813","850,677"
2026-09-06 01:32:03,17,오아시스: 돈 룩 백 인 앵거,2026-09-09,0.6%,"3,767",0
2026-09-06 01:32:03,18,아이유 콘서트 : 더 위닝,재개봉일 : 2026-09-16 2025-01-24,0.6%,"3,729","75,872"
2026-09-06 01:32:03,19,연옥: 살인마들의 자치구역,2026-09-09,0.5%,"3,341","1,054"
2026-09-06 01:32:03,20,네 얼굴로는 울 수 없어,2026-09-09,0.5%,"2,999",0
2026-09-06 01:32:03,21,고스트밴드,2026-08-26,0.3%,"2,168","17,198"
2026-09-06 01:32:03,22,모모와 다락방의 수상한 요괴들,재개봉일 : 2026-09-02 2012-07-05,0.3%,"2,053","308,139"
2026-09-06 01:32:03,23,명탐정 코난: 하이웨이의 타천사,2026-08-12,0.3%,"1,892","417,688"
2026-09-06 01:32:03,24,오크 스트리트의 마지막 날,2026-08-26,0.3%,"1,812","128,075"
2026-09-06 01:32:03,25,내 이름은,2026-04-15,0.3%,"1,684","222,166"
2026-09-06 02:21:07,1,오디세이,2026-08-05,52.1%,"324,959","9,768,215"
2026-09-06 02:21:07,2,암살자(들),2026-09-23,8.0%,"49,760",145
2026-09-06 02:21:07,3,인턴,2026-09-16,7.5%,"46,742","11,989"
2026-09-06 02:21:07,4,스파이더맨: 브랜드 뉴 데이,2026-07-29,5.0%,"31,260","8,737,137"
2026-09-06 02:21:07,5,옵세션,2026-09-02,3.8%,"23,475","133,636"
2026-09-06 02:21:07,6,호프,2026-07-15,2.0%,"12,715","4,540,106"
2026-09-06 02:21:07,7,경주기행,2026-08-26,1.8%,"11,357","279,749"
2026-09-06 02:21:07,8,싱 어게인,2026-09-02,1.8%,"11,226","43,927"
2026-09-06 02:21:07,9,타짜: 벨제붑의 노래,2026-09-23,1.8%,"11,083",0
2026-09-06 02:21:07,10,비광,2026-09-02,1.7%,"10,300","56,968"
2026-09-06 02:21:07,11,더 드라마,2026-09-09,1.3%,"8,333","3,015"
2026-09-06 02:21:07,12,딥 워터,2026-09-09,0.9%,"5,560",126
2026-09-06 02:21:07,13,이누야샤 극장판: 시대를 초월한 마음,2026-09-09,0.9%,"5,360",169
2026-09-06 02:21:07,14,아이유 콘서트 : 더 골든 아워,재개봉일 : 2026-09-09 2023-09-13,0.8%,"5,063","87,628"
2026-09-06 02:21:07,15,아버지의 집밥,2026-09-09,0.7%,"4,487",231
2026-09-06 02:21:07,16,사랑의 하츄핑: 고래보석의 전설,2026-08-05,0.6%,"3,837","850,677"
2026-09-06 02:21:07,17,오아시스: 돈 룩 백 인 앵거,2026-09-09,0.6%,"3,791",0
2026-09-06 02:21:07,18,아이유 콘서트 : 더 위닝,재개봉일 : 2026-09-16 2025-01-24,0.6%,"3,732","75,872"
2026-09-06 02:21:07,19,연옥: 살인마들의 자치구역,2026-09-09,0.5%,"3,345","1,054"
2026-09-06 02:21:07,20,네 얼굴로는 울 수 없어,2026-09-09,0.5%,"2,999",0
2026-09-06 02:21:07,21,고스트밴드,2026-08-26,0.3%,"2,168","17,198"
2026-09-06 02:21:07,22,모모와 다락방의 수상한 요괴들,재개봉일 : 2026-09-02 2012-07-05,0.3%,"2,057","308,139"
2026-09-06 02:21:07,23,명탐정 코난: 하이웨이의 타천사,2026-08-12,0.3%,"1,911","417,688"
2026-09-06 02:21:07,24,오크 스트리트의 마지막 날,2026-08-26,0.3%,"1,822","128,075"
2026-09-06 02:21:07,25,내 이름은,2026-04-15,0.3%,"1,684","222,166"
2026-09-06 02:31:54,1,오디세이,2026-08-05,52.1%,"325,071","9,768,215"
2026-09-06 02:31:54,2,암살자(들),2026-09-23,8.0%,"49,763",145
2026-09-06 02:31:54,3,인턴,2026-09-16,7.5%,"46,743","11,989"
2026-09-06 02:31:54,4,스파이더맨: 브랜드 뉴 데이,2026-07-29,5.0%,"31,299","8,737,137"
2026-09-06 02:31:54,5,옵세션,2026-09-02,3.8%,"23,551","133,636"
2026-09-06 02:31:54,6,호프,2026-07-15,2.0%,"12,721","4,540,106"
2026-09-06 02:31:54,7,경주기행,2026-08-26,1.8%,"11,367","279,749"
2026-09-06 02:31:54,8,싱 어게인,2026-09-02,1.8%,"11,233","43,927"
2026-09-06 02:31:54,9,타짜: 벨제붑의 노래,2026-09-23,1.8%,"11,091",0
2026-09-06 02:31:54,10,비광,2026-09-02,1.7%,"10,306","56,968"
2026-09-06 02:31:54,11,더 드라마,2026-09-09,1.3%,"8,327","3,015"
2026-09-06 02:31:54,12,딥 워터,2026-09-09,0.9%,"5,560",126
2026-09-06 02:31:54,13,이누야샤 극장판: 시대를 초월한 마음,2026-09-09,0.9%,"5,362",169
2026-09-06 02:31:54,14,아이유 콘서트 : 더 골든 아워,재개봉일 : 2026-09-09 2023-09-13,0.8%,"5,062","87,628"
2026-09-06 02:31:54,15,아버지의 집밥,2026-09-09,0.7%,"4,487",231
2026-09-06 02:31:54,16,사랑의 하츄핑: 고래보석의 전설,2026-08-05,0.6%,"3,842","850,677"
2026-09-06 02:31:54,17,오아시스: 돈 룩 백 인 앵거,2026-09-09,0.6%,"3,791",0
2026-09-06 02:31:54,18,아이유 콘서트 : 더 위닝,재개봉일 : 2026-09-16 2025-01-24,0.6%,"3,733","75,872"
2026-09-06 02:31:54,19,연옥: 살인마들의 자치구역,2026-09-09,0.5%,"3,345","1,054"
2026-09-06 02:31:54,20,네 얼굴로는 울 수 없어,2026-09-09,0.5%,"2,999",0
2026-09-06 02:31:54,21,고스트밴드,2026-08-26,0.3%,"2,168","17,198"
2026-09-06 02:31:54,22,모모와 다락방의 수상한 요괴들,재개봉일 : 2026-09-02 2012-07-05,0.3%,"2,060","308,139"
2026-09-06 02:31:54,23,명탐정 코난: 하이웨이의 타천사,2026-08-12,0.3%,"1,915","417,688"
2026-09-06 02:31:54,24,오크 스트리트의 마지막 날,2026-08-26,0.3%,"1,822","128,075"
2026-09-06 02:31:54,25,내 이름은,2026-04-15,0.3%,"1,684","222,166"
2026-09-06 03:21:07,1,오디세이,2026-08-05,52.1%,"325,573","9,768,215"
2026-09-06 03:21:07,2,암살자(들),2026-09-23,8.0%,"49,776",145
2026-09-06 03:21:07,3,인턴,2026-09-16,7.5%,"46,732","11,989"
2026-09-06 03:21:07,4,스파이더맨: 브랜드 뉴 데이,2026-07-29,5.0%,"31,409","8,737,137"
2026-09-06 03:21:07,5,옵세션,2026-09-02,3.8%,"23,863","133,636"
2026-09-06 03:21:07,6,호프,2026-07-15,2.0%,"12,730","4,540,106"
2026-09-06 03:21:07,7,경주기행,2026-08-26,1.8%,"11,375","279,749"
2026-09-06 03:21:07,8,싱 어게인,2026-09-02,1.8%,"11,267","43,927"
2026-09-06 03:21:07,9,타짜: 벨제붑의 노래,2026-09-23,1.8%,"11,091",0
2026-09-06 03:21:07,10,비광,2026-09-02,1.7%,"10,322","56,968"
2026-09-06 03:21:07,11,더 드라마,2026-09-09,1.3%,"8,362","3,015"
2026-09-06 03:21:07,12,딥 워터,2026-09-09,0.9%,"5,565",126
2026-09-06 03:21:07,13,이누야샤 극장판: 시대를 초월한 마음,2026-09-09,0.9%,"5,378",169
2026-09-06 03:21:07,14,아이유 콘서트 : 더 골든 아워,재개봉일 : 2026-09-09 2023-09-13,0.8%,"5,065","87,628"
2026-09-06 03:21:07,15,아버지의 집밥,2026-09-09,0.7%,"4,486",231
2026-09-06 03:21:07,16,사랑의 하츄핑: 고래보석의 전설,2026-08-05,0.6%,"3,855","850,677"
2026-09-06 03:21:07,17,오아시스: 돈 룩 백 인 앵거,2026-09-09,0.6%,"3,799",0
2026-09-06 03:21:07,18,아이유 콘서트 : 더 위닝,재개봉일 : 2026-09-16 2025-01-24,0.6%,"3,734","75,872"
2026-09-06 03:21:07,19,연옥: 살인마들의 자치구역,2026-09-09,0.5%,"3,345","1,054"
2026-09-06 03:21:07,20,네 얼굴로는 울 수 없어,2026-09-09,0.5%,"2,998",0
2026-09-06 03:21:07,21,고스트밴드,2026-08-26,0.3%,"2,168","17,198"
2026-09-06 03:21:07,22,모모와 다락방의 수상한 요괴들,재개봉일 : 2026-09-02 2012-07-05,0.3%,"2,067","308,139"
2026-09-06 03:21:07,23,명탐정 코난: 하이웨이의 타천사,2026-08-12,0.3%,"1,926","417,688"
2026-09-06 03:21:07,24,오크 스트리트의 마지막 날,2026-08-26,0.3%,"1,828","128,075"
2026-09-06 03:21:07,25,내 이름은,2026-04-15,0.3%,"1,684","222,166"
2026-09-06 03:31:59,1,오디세이,2026-08-05,52.1%,"325,648","9,768,215"
2026-09-06 03:31:59,2,암살자(들),2026-09-23,8.0%,"49,779",145
2026-09-06 03:31:59,3,인턴,2026-09-16,7.5%,"46,734","11,989"
2026-09-06 03:31:59,4,스파이더맨: 브랜드 뉴 데이,2026-07-29,5.0%,"31,410","8,737,137"
2026-09-06 03:31:59,5,옵세션,2026-09-02,3.8%,"23,900","133,636"
2026-09-06 03:31:59,6,호프,2026-07-15,2.0%,"12,731","4,540,106"
2026-09-06 03:31:59,7,경주기행,2026-08-26,1.8%,"11,374","279,749"
2026-09-06 03:31:59,8,싱 어게인,2026-09-02,1.8%,"11,270","43,927"
2026-09-06 03:31:59,9,타짜: 벨제붑의 노래,2026-09-23,1.8%,"11,097",0
2026-09-06 03:31:59,10,비광,2026-09-02,1.7%,"10,320","56,968"
2026-09-06 03:31:59,11,더 드라마,2026-09-09,1.3%,"8,366","3,015"
2026-09-06 03:31:59,12,딥 워터,2026-09-09,0.9%,"5,564",126
2026-09-06 03:31:59,13,이누야샤 극장판: 시대를 초월한 마음,2026-09-09,0.9%,"5,378",169
2026-09-06 03:31:59,14,아이유 콘서트 : 더 골든 아워,재개봉일 : 2026-09-09 2023-09-13,0.8%,"5,065","87,628"
2026-09-06 03:31:59,15,아버지의 집밥,2026-09-09,0.7%,"4,486",231
2026-09-06 03:31:59,16,사랑의 하츄핑: 고래보석의 전설,2026-08-05,0.6%,"3,857","850,677"
2026-09-06 03:31:59,17,오아시스: 돈 룩 백 인 앵거,2026-09-09,0.6%,"3,799",0
2026-09-06 03:31:59,18,아이유 콘서트 : 더 위닝,재개봉일 : 2026-09-16 2025-01-24,0.6%,"3,734","75,872"
2026-09-06 03:31:59,19,연옥: 살인마들의 자치구역,2026-09-09,0.5%,"3,345","1,054"
2026-09-06 03:31:59,20,네 얼굴로는 울 수 없어,2026-09-09,0.5%,"2,999",0
2026-09-06 03:31:59,21,고스트밴드,2026-08-26,0.3%,"2,168","17,198"
2026-09-06 03:31:59,22,모모와 다락방의 수상한 요괴들,재개봉일 : 2026-09-02 2012-07-05,0.3%,"2,067","308,139"
2026-09-06 03:31:59,23,명탐정 코난: 하이웨이의 타천사,2026-08-12,0.3%,"1,923","417,688"
2026-09-06 03:31:59,24,오크 스트리트의 마지막 날,2026-08-26,0.3%,"1,829","128,075"
2026-09-06 03:31:59,25,내 이름은,2026-04-15,0.3%,"1,684","222,166"
2026-09-06 04:21:07,1,오디세이,2026-08-05,52.1%,"325,930","9,768,215"
2026-09-06 04:21:07,2,암살자(들),2026-09-23,8.0%,"49,782",145
2026-09-06 04:21:07,3,인턴,2026-09-16,7.5%,"46,734","11,989"
2026-09-06 04:21:07,4,스파이더맨: 브랜드 뉴 데이,2026-07-29,5.0%,"31,458","8,737,137"
2026-09-06 04:21:07,5,옵세션,2026-09-02,3.8%,"24,081","133,636"
2026-09-06 04:21:07,6,호프,2026-07-15,2.0%,"12,744","4,540,106"
2026-09-06 04:21:07,7,경주기행,2026-08-26,1.8%,"11,382","279,749"
2026-09-06 04:21:07,8,싱 어게인,2026-09-02,1.8%,"11,273","43,927"
2026-09-06 04:21:07,9,타짜: 벨제붑의 노래,2026-09-23,1.8%,"11,104",0
2026-09-06 04:21:07,10,비광,2026-09-02,1.7%,"10,324","56,968"
2026-09-06 04:21:07,11,더 드라마,2026-09-09,1.3%,"8,377","3,015"
2026-09-06 04:21:07,12,딥 워터,2026-09-09,0.9%,"5,565",126
2026-09-06 04:21:07,13,이누야샤 극장판: 시대를 초월한 마음,2026-09-09,0.9%,"5,391",169
2026-09-06 04:21:07,14,아이유 콘서트 : 더 골든 아워,재개봉일 : 2026-09-09 2023-09-13,0.8%,"5,066","87,628"
2026-09-06 04:21:07,15,아버지의 집밥,2026-09-09,0.7%,"4,486",231
2026-09-06 04:21:07,16,사랑의 하츄핑: 고래보석의 전설,2026-08-05,0.6%,"3,860","850,677"
2026-09-06 04:21:07,17,오아시스: 돈 룩 백 인 앵거,2026-09-09,0.6%,"3,811",0
2026-09-06 04:21:07,18,아이유 콘서트 : 더 위닝,재개봉일 : 2026-09-16 2025-01-24,0.6%,"3,735","75,872"
2026-09-06 04:21:07,19,연옥: 살인마들의 자치구역,2026-09-09,0.5%,"3,345","1,054"
2026-09-06 04:21:07,20,네 얼굴로는 울 수 없어,2026-09-09,0.5%,"2,999",0
2026-09-06 04:21:07,21,고스트밴드,2026-08-26,0.3%,"2,165","17,198"
2026-09-06 04:21:07,22,모모와 다락방의 수상한 요괴들,재개봉일 : 2026-09-02 2012-07-05,0.3%,"2,067","308,139"
2026-09-06 04:21:07,23,명탐정 코난: 하이웨이의 타천사,2026-08-12,0.3%,"1,930","417,688"
2026-09-06 04:21:07,24,오크 스트리트의 마지막 날,2026-08-26,0.3%,"1,835","128,075"
2026-09-06 04:21:07,25,내 이름은,2026-04-15,0.3%,"1,684","222,166"
2026-09-06 04:31:56,1,오디세이,2026-08-05,52.1%,"325,994","9,768,215"
2026-09-06 04:31:56,2,암살자(들),2026-09-23,8.0%,"49,783",145
2026-09-06 04:31:56,3,인턴,2026-09-16,7.5%,"46,736","11,989"
2026-09-06 04:31:56,4,스파이더맨: 브랜드 뉴 데이,2026-07-29,5.0%,"31,465","8,737,137"
2026-09-06 04:31:56,5,옵세션,2026-09-02,3.9%,"24,107","133,636"
2026-09-06 04:31:56,6,호프,2026-07-15,2.0%,"12,748","4,540,106"
2026-09-06 04:31:56,7,경주기행,2026-08-26,1.8%,"11,387","279,749"
2026-09-06 04:31:56,8,싱 어게인,2026-09-02,1.8%,"11,280","43,927"
2026-09-06 04:31:56,9,타짜: 벨제붑의 노래,2026-09-23,1.8%,"11,104",0
2026-09-06 04:31:56,10,비광,2026-09-02,1.7%,"10,326","56,968"
2026-09-06 04:31:56,11,더 드라마,2026-09-09,1.3%,"8,381","3,015"
2026-09-06 04:31:56,12,딥 워터,2026-09-09,0.9%,"5,565",126
2026-09-06 04:31:56,13,이누야샤 극장판: 시대를 초월한 마음,2026-09-09,0.9%,"5,396",169
2026-09-06 04:31:56,14,아이유 콘서트 : 더 골든 아워,재개봉일 : 2026-09-09 2023-09-13,0.8%,"5,066","87,628"
2026-09-06 04:31:56,15,아버지의 집밥,2026-09-09,0.7%,"4,486",231
2026-09-06 04:31:56,16,사랑의 하츄핑: 고래보석의 전설,2026-08-05,0.6%,"3,860","850,677"
2026-09-06 04:31:56,17,오아시스: 돈 룩 백 인 앵거,2026-09-09,0.6%,"3,813",0
2026-09-06 04:31:56,18,아이유 콘서트 : 더 위닝,재개봉일 : 2026-09-16 2025-01-24,0.6%,"3,735","75,872"
2026-09-06 04:31:56,19,연옥: 살인마들의 자치구역,2026-09-09,0.5%,"3,345","1,054"
2026-09-06 04:31:56,20,네 얼굴로는 울 수 없어,2026-09-09,0.5%,"2,999",0
2026-09-06 04:31:56,21,고스트밴드,2026-08-26,0.3%,"2,165","17,198"
2026-09-06 04:31:56,22,모모와 다락방의 수상한 요괴들,재개봉일 : 2026-09-02 2012-07-05,0.3%,"2,068","308,139"
2026-09-06 04:31:56,23,명탐정 코난: 하이웨이의 타천사,2026-08-12,0.3%,"1,931","417,688"
2026-09-06 04:31:56,24,오크 스트리트의 마지막 날,2026-08-26,0.3%,"1,835","128,075"
2026-09-06 04:31:56,25,내 이름은,2026-04-15,0.3%,"1,684","222,166"
2026-09-06 05:21:07,1,오디세이,2026-08-05,52.0%,"325,317","9,768,246"
2026-09-06 05:21:07,2,암살자(들),2026-09-23,8.0%,"49,791",145
2026-09-06 05:21:07,3,인턴,2026-09-16,7.5%,"46,742","11,989"
2026-09-06 05:21:07,4,스파이더맨: 브랜드 뉴 데이,2026-07-29,5.0%,"31,485","8,737,144"
2026-09-06 05:21:07,5,옵세션,2026-09-02,3.9%,"24,187","133,638"
2026-09-06 05:21:07,6,호프,2026-07-15,2.0%,"12,755","4,540,106"
2026-09-06 05:21:07,7,경주기행,2026-08-26,1.8%,"11,400","279,761"
2026-09-06 05:21:07,8,싱 어게인,2026-09-02,1.8%,"11,277","43,927"
2026-09-06 05:21:07,9,타짜: 벨제붑의 노래,2026-09-23,1.8%,"11,096",0
2026-09-06 05:21:07,10,비광,2026-09-02,1.7%,"10,326","56,978"
2026-09-06 05:21:07,11,더 드라마,2026-09-09,1.3%,"8,384","3,015"
2026-09-06 05:21:07,12,딥 워터,2026-09-09,0.9%,"5,565",126
2026-09-06 05:21:07,13,이누야샤 극장판: 시대를 초월한 마음,2026-09-09,0.9%,"5,403",169
2026-09-06 05:21:07,14,아이유 콘서트 : 더 골든 아워,재개봉일 : 2026-09-09 2023-09-13,0.8%,"5,069","87,628"
2026-09-06 05:21:07,15,아버지의 집밥,2026-09-09,0.7%,"4,486",231
2026-09-06 05:21:07,16,사랑의 하츄핑: 고래보석의 전설,2026-08-05,0.6%,"3,862","850,678"
2026-09-06 05:21:07,17,오아시스: 돈 룩 백 인 앵거,2026-09-09,0.6%,"3,820",0
2026-09-06 05:21:07,18,아이유 콘서트 : 더 위닝,재개봉일 : 2026-09-16 2025-01-24,0.6%,"3,741","75,872"
2026-09-06 05:21:07,19,연옥: 살인마들의 자치구역,2026-09-09,0.5%,"3,345","1,054"
2026-09-06 05:21:07,20,네 얼굴로는 울 수 없어,2026-09-09,0.5%,"2,999",0
2026-09-06 05:21:07,21,고스트밴드,2026-08-26,0.3%,"2,165","17,198"
2026-09-06 05:21:07,22,모모와 다락방의 수상한 요괴들,재개봉일 : 2026-09-02 2012-07-05,0.3%,"2,069","308,139"
2026-09-06 05:21:07,23,명탐정 코난: 하이웨이의 타천사,2026-08-12,0.3%,"1,929","417,688"
2026-09-06 05:21:07,24,오크 스트리트의 마지막 날,2026-08-26,0.3%,"1,835","128,071"
2026-09-06 05:21:07,25,내 이름은,2026-04-15,0.3%,"1,684","222,166"
2026-09-06 05:31:56,1,오디세이,2026-08-05,52.0%,"325,330","9,768,246"
2026-09-06 05:31:56,2,암살자(들),2026-09-23,8.0%,"49,790",145
2026-09-06 05:31:56,3,인턴,2026-09-16,7.5%,"46,741","11,989"
2026-09-06 05:31:56,4,스파이더맨: 브랜드 뉴 데이,2026-07-29,5.0%,"31,489","8,737,144"
2026-09-06 05:31:56,5,옵세션,2026-09-02,3.9%,"24,216","133,638"
2026-09-06 05:31:56,6,호프,2026-07-15,2.0%,"12,755","4,540,106"
2026-09-06 05:31:56,7,경주기행,2026-08-26,1.8%,"11,407","279,761"
2026-09-06 05:31:56,8,싱 어게인,2026-09-02,1.8%,"11,281","43,927"
2026-09-06 05:31:56,9,타짜: 벨제붑의 노래,2026-09-23,1.8%,"11,097",0
2026-09-06 05:31:56,10,비광,2026-09-02,1.7%,"10,327","56,978"
2026-09-06 05:31:56,11,더 드라마,2026-09-09,1.3%,"8,385","3,015"
2026-09-06 05:31:56,12,딥 워터,2026-09-09,0.9%,"5,565",126
2026-09-06 05:31:56,13,이누야샤 극장판: 시대를 초월한 마음,2026-09-09,0.9%,"5,405",169
2026-09-06 05:31:56,14,아이유 콘서트 : 더 골든 아워,재개봉일 : 2026-09-09 2023-09-13,0.8%,"5,069","87,628"
2026-09-06 05:31:56,15,아버지의 집밥,2026-09-09,0.7%,"4,486",231
2026-09-06 05:31:56,16,사랑의 하츄핑: 고래보석의 전설,2026-08-05,0.6%,"3,864","850,678"
2026-09-06 05:31:56,17,오아시스: 돈 룩 백 인 앵거,2026-09-09,0.6%,"3,819",0
2026-09-06 05:31:56,18,아이유 콘서트 : 더 위닝,재개봉일 : 2026-09-16 2025-01-24,0.6%,"3,741","75,872"
2026-09-06 05:31:56,19,연옥: 살인마들의 자치구역,2026-09-09,0.5%,"3,345","1,054"
2026-09-06 05:31:56,20,네 얼굴로는 울 수 없어,2026-09-09,0.5%,"2,999",0
2026-09-06 05:31:56,21,고스트밴드,2026-08-26,0.3%,"2,163","17,198"
2026-09-06 05:31:56,22,모모와 다락방의 수상한 요괴들,재개봉일 : 2026-09-02 2012-07-05,0.3%,"2,070","308,139"
2026-09-06 05:31:56,23,명탐정 코난: 하이웨이의 타천사,2026-08-12,0.3%,"1,915","417,688"
2026-09-06 05:31:56,24,오크 스트리트의 마지막 날,2026-08-26,0.3%,"1,811","128,071"
2026-09-06 05:31:56,25,내 이름은,2026-04-15,0.3%,"1,684","222,166"
2026-09-06 06:21:07,1,오디세이,2026-08-05,51.8%,"321,692","9,768,246"
2026-09-06 06:21:07,2,암살자(들),2026-09-23,8.0%,"49,791",145
2026-09-06 06:21:07,3,인턴,2026-09-16,7.5%,"46,737","11,989"
2026-09-06 06:21:07,4,스파이더맨: 브랜드 뉴 데이,2026-07-29,5.0%,"31,161","8,737,144"
2026-09-06 06:21:07,5,옵세션,2026-09-02,3.9%,"24,247","133,638"
2026-09-06 06:21:07,6,호프,2026-07-15,2.1%,"12,751","4,540,106"
2026-09-06 06:21:07,7,경주기행,2026-08-26,1.8%,"11,419","279,761"
2026-09-06 06:21:07,8,싱 어게인,2026-09-02,1.8%,"11,183","43,927"
2026-09-06 06:21:07,9,타짜: 벨제붑의 노래,2026-09-23,1.8%,"11,100",0
2026-09-06 06:21:07,10,비광,2026-09-02,1.7%,"10,313","56,978"
2026-09-06 06:21:07,11,더 드라마,2026-09-09,1.4%,"8,389","3,015"
2026-09-06 06:21:07,12,딥 워터,2026-09-09,0.9%,"5,565",126
2026-09-06 06:21:07,13,이누야샤 극장판: 시대를 초월한 마음,2026-09-09,0.9%,"5,412",169
2026-09-06 06:21:07,14,아이유 콘서트 : 더 골든 아워,재개봉일 : 2026-09-09 2023-09-13,0.8%,"5,071","87,628"
2026-09-06 06:21:07,15,아버지의 집밥,2026-09-09,0.7%,"4,486",231
2026-09-06 06:21:07,16,사랑의 하츄핑: 고래보석의 전설,2026-08-05,0.6%,"3,875","850,678"
2026-09-06 06:21:07,17,오아시스: 돈 룩 백 인 앵거,2026-09-09,0.6%,"3,822",0
2026-09-06 06:21:07,18,아이유 콘서트 : 더 위닝,재개봉일 : 2026-09-16 2025-01-24,0.6%,"3,741","75,872"
2026-09-06 06:21:07,19,연옥: 살인마들의 자치구역,2026-09-09,0.5%,"3,345","1,054"
2026-09-06 06:21:07,20,네 얼굴로는 울 수 없어,2026-09-09,0.5%,"2,999",0
2026-09-06 06:21:07,21,고스트밴드,2026-08-26,0.3%,"2,162","17,198"
2026-09-06 06:21:07,22,모모와 다락방의 수상한 요괴들,재개봉일 : 2026-09-02 2012-07-05,0.3%,"2,067","308,139"
2026-09-06 06:21:07,23,명탐정 코난: 하이웨이의 타천사,2026-08-12,0.3%,"1,883","417,688"
2026-09-06 06:21:07,24,오크 스트리트의 마지막 날,2026-08-26,0.3%,"1,810","128,071"
2026-09-06 06:21:07,25,내 이름은,2026-04-15,0.3%,"1,684","222,166"
2026-09-06 06:31:53,1,오디세이,2026-08-05,51.8%,"321,436","9,768,246"
2026-09-06 06:31:53,2,암살자(들),2026-09-23,8.0%,"49,792",145
2026-09-06 06:31:53,3,인턴,2026-09-16,7.5%,"46,737","11,989"
2026-09-06 06:31:53,4,스파이더맨: 브랜드 뉴 데이,2026-07-29,5.0%,"31,144","8,737,144"
2026-09-06 06:31:53,5,옵세션,2026-09-02,3.9%,"24,252","133,638"
2026-09-06 06:31:53,6,호프,2026-07-15,2.1%,"12,752","4,540,106"
2026-09-06 06:31:53,7,경주기행,2026-08-26,1.8%,"11,426","279,761"
2026-09-06 06:31:53,8,싱 어게인,2026-09-02,1.8%,"11,164","43,927"
2026-09-06 06:31:53,9,타짜: 벨제붑의 노래,2026-09-23,1.8%,"11,101",0
2026-09-06 06:31:53,10,비광,2026-09-02,1.7%,"10,304","56,978"
2026-09-06 06:31:53,11,더 드라마,2026-09-09,1.4%,"8,389","3,015"
2026-09-06 06:31:53,12,딥 워터,2026-09-09,0.9%,"5,565",126
2026-09-06 06:31:53,13,이누야샤 극장판: 시대를 초월한 마음,2026-09-09,0.9%,"5,412",169
2026-09-06 06:31:53,14,아이유 콘서트 : 더 골든 아워,재개봉일 : 2026-09-09 2023-09-13,0.8%,"5,070","87,628"
2026-09-06 06:31:53,15,아버지의 집밥,2026-09-09,0.7%,"4,486",231
2026-09-06 06:31:53,16,사랑의 하츄핑: 고래보석의 전설,2026-08-05,0.6%,"3,878","850,678"
2026-09-06 06:31:53,17,오아시스: 돈 룩 백 인 앵거,2026-09-09,0.6%,"3,822",0
2026-09-06 06:31:53,18,아이유 콘서트 : 더 위닝,재개봉일 : 2026-09-16 2025-01-24,0.6%,"3,741","75,872"
2026-09-06 06:31:53,19,연옥: 살인마들의 자치구역,2026-09-09,0.5%,"3,345","1,054"
2026-09-06 06:31:53,20,네 얼굴로는 울 수 없어,2026-09-09,0.5%,"2,999",0
2026-09-06 06:31:53,21,고스트밴드,2026-08-26,0.3%,"2,162","17,198"
2026-09-06 06:31:53,22,모모와 다락방의 수상한 요괴들,재개봉일 : 2026-09-02 2012-07-05,0.3%,"2,072","308,139"
2026-09-06 06:31:53,23,명탐정 코난: 하이웨이의 타천사,2026-08-12,0.3%,"1,883","417,688"
2026-09-06 06:31:53,24,오크 스트리트의 마지막 날,2026-08-26,0.3%,"1,812","128,071"
2026-09-06 06:31:53,25,내 이름은,2026-04-15,0.3%,"1,684","222,166"
2026-09-06 07:21:07,1,오디세이,2026-08-05,51.1%,"311,163","9,768,246"
2026-09-06 07:21:07,2,암살자(들),2026-09-23,8.2%,"49,792",145
2026-09-06 07:21:07,3,인턴,2026-09-16,7.7%,"46,770","11,989"
2026-09-06 07:21:07,4,스파이더맨: 브랜드 뉴 데이,2026-07-29,5.0%,"30,198","8,737,144"
2026-09-06 07:21:07,5,옵세션,2026-09-02,4.0%,"24,112","133,638"
2026-09-06 07:21:07,6,호프,2026-07-15,2.1%,"12,741","4,540,106"
2026-09-06 07:21:07,7,경주기행,2026-08-26,1.9%,"11,280","279,761"
2026-09-06 07:21:07,8,타짜: 벨제붑의 노래,2026-09-23,1.8%,"11,107",0
2026-09-06 07:21:07,9,싱 어게인,2026-09-02,1.8%,"10,947","43,927"
2026-09-06 07:21:07,10,비광,2026-09-02,1.7%,"10,209","56,978"
2026-09-06 07:21:07,11,더 드라마,2026-09-09,1.4%,"8,402","3,015"
2026-09-06 07:21:07,12,딥 워터,2026-09-09,0.9%,"5,565",126
2026-09-06 07:21:07,13,이누야샤 극장판: 시대를 초월한 마음,2026-09-09,0.9%,"5,422",169
2026-09-06 07:21:07,14,아이유 콘서트 : 더 골든 아워,재개봉일 : 2026-09-09 2023-09-13,0.8%,"5,076","87,628"
2026-09-06 07:21:07,15,아버지의 집밥,2026-09-09,0.7%,"4,488",231
2026-09-06 07:21:07,16,오아시스: 돈 룩 백 인 앵거,2026-09-09,0.6%,"3,824",0
2026-09-06 07:21:07,17,사랑의 하츄핑: 고래보석의 전설,2026-08-05,0.6%,"3,816","850,678"
2026-09-06 07:21:07,18,아이유 콘서트 : 더 위닝,재개봉일 : 2026-09-16 2025-01-24,0.6%,"3,742","75,872"
2026-09-06 07:21:07,19,연옥: 살인마들의 자치구역,2026-09-09,0.6%,"3,347","1,054"
2026-09-06 07:21:07,20,네 얼굴로는 울 수 없어,2026-09-09,0.5%,"3,000",0
2026-09-06 07:21:07,21,고스트밴드,2026-08-26,0.3%,"2,084","17,198"
2026-09-06 07:21:07,22,모모와 다락방의 수상한 요괴들,재개봉일 : 2026-09-02 2012-07-05,0.3%,"2,059","308,139"
2026-09-06 07:21:07,23,명탐정 코난: 하이웨이의 타천사,2026-08-12,0.3%,"1,766","417,688"
2026-09-06 07:21:07,24,오크 스트리트의 마지막 날,2026-08-26,0.3%,"1,703","128,071"
2026-09-06 07:21:07,25,내 이름은,2026-04-15,0.3%,"1,684","222,166"
2026-09-06 07:31:56,1,오디세이,2026-08-05,51.1%,"310,269","9,768,246"
2026-09-06 07:31:56,2,암살자(들),2026-09-23,8.2%,"49,793",145
2026-09-06 07:31:56,3,인턴,2026-09-16,7.7%,"46,781","11,989"
2026-09-06 07:31:56,4,스파이더맨: 브랜드 뉴 데이,2026-07-29,4.9%,"29,840","8,737,144"
2026-09-06 07:31:56,5,옵세션,2026-09-02,4.0%,"24,059","133,638"
2026-09-06 07:31:56,6,호프,2026-07-15,2.1%,"12,735","4,540,106"
2026-09-06 07:31:56,7,경주기행,2026-08-26,1.8%,"11,220","279,761"
2026-09-06 07:31:56,8,타짜: 벨제붑의 노래,2026-09-23,1.8%,"11,112",0
2026-09-06 07:31:56,9,싱 어게인,2026-09-02,1.8%,"10,924","43,927"
2026-09-06 07:31:56,10,비광,2026-09-02,1.7%,"10,198","56,978"
2026-09-06 07:31:56,11,더 드라마,2026-09-09,1.4%,"8,409","3,015"
2026-09-06 07:31:56,12,딥 워터,2026-09-09,0.9%,"5,565",126
2026-09-06 07:31:56,13,이누야샤 극장판: 시대를 초월한 마음,2026-09-09,0.9%,"5,426",169
2026-09-06 07:31:56,14,아이유 콘서트 : 더 골든 아워,재개봉일 : 2026-09-09 2023-09-13,0.8%,"5,077","87,628"
2026-09-06 07:31:56,15,아버지의 집밥,2026-09-09,0.7%,"4,488",231
2026-09-06 07:31:56,16,오아시스: 돈 룩 백 인 앵거,2026-09-09,0.6%,"3,827",0
2026-09-06 07:31:56,17,사랑의 하츄핑: 고래보석의 전설,2026-08-05,0.6%,"3,793","850,678"
2026-09-06 07:31:56,18,아이유 콘서트 : 더 위닝,재개봉일 : 2026-09-16 2025-01-24,0.6%,"3,742","75,872"
2026-09-06 07:31:56,19,연옥: 살인마들의 자치구역,2026-09-09,0.6%,"3,347","1,054"
2026-09-06 07:31:56,20,네 얼굴로는 울 수 없어,2026-09-09,0.5%,"3,000",0
2026-09-06 07:31:56,21,고스트밴드,2026-08-26,0.3%,"2,089","17,198"
2026-09-06 07:31:56,22,모모와 다락방의 수상한 요괴들,재개봉일 : 2026-09-02 2012-07-05,0.3%,"2,059","308,139"
2026-09-06 07:31:56,23,명탐정 코난: 하이웨이의 타천사,2026-08-12,0.3%,"1,734","417,688"
2026-09-06 07:31:56,24,내 이름은,2026-04-15,0.3%,"1,684","222,166"
2026-09-06 07:31:56,25,오크 스트리트의 마지막 날,2026-08-26,0.3%,"1,675","128,071"
2026-09-06 08:21:07,1,오디세이,2026-08-05,50.3%,"295,626","9,768,259"
2026-09-06 08:21:07,2,암살자(들),2026-09-23,8.5%,"49,814",145
2026-09-06 08:21:07,3,인턴,2026-09-16,8.0%,"46,801","11,989"
2026-09-06 08:21:07,4,스파이더맨: 브랜드 뉴 데이,2026-07-29,4.8%,"27,988","8,737,145"
2026-09-06 08:21:07,5,옵세션,2026-09-02,4.1%,"23,813","133,637"
2026-09-06 08:21:07,6,호프,2026-07-15,2.2%,"12,686","4,540,106"
2026-09-06 08:21:07,7,타짜: 벨제붑의 노래,2026-09-23,1.9%,"11,126",0
2026-09-06 08:21:07,8,경주기행,2026-08-26,1.8%,"10,729","279,761"
2026-09-06 08:21:07,9,싱 어게인,2026-09-02,1.8%,"10,315","43,927"
2026-09-06 08:21:07,10,비광,2026-09-02,1.7%,"9,867","56,978"
2026-09-06 08:21:07,11,더 드라마,2026-09-09,1.4%,"8,430","3,015"
2026-09-06 08:21:07,12,딥 워터,2026-09-09,0.9%,"5,564",126
2026-09-06 08:21:07,13,이누야샤 극장판: 시대를 초월한 마음,2026-09-09,0.9%,"5,448",169
2026-09-06 08:21:07,14,아이유 콘서트 : 더 골든 아워,재개봉일 : 2026-09-09 2023-09-13,0.9%,"5,089","87,628"
2026-09-06 08:21:07,15,아버지의 집밥,2026-09-09,0.8%,"4,488",231
2026-09-06 08:21:07,16,오아시스: 돈 룩 백 인 앵거,2026-09-09,0.7%,"3,841",0
2026-09-06 08:21:07,17,아이유 콘서트 : 더 위닝,재개봉일 : 2026-09-16 2025-01-24,0.6%,"3,742","75,872"
2026-09-06 08:21:07,18,사랑의 하츄핑: 고래보석의 전설,2026-08-05,0.6%,"3,579","850,678"
2026-09-06 08:21:07,19,연옥: 살인마들의 자치구역,2026-09-09,0.6%,"3,348","1,054"
2026-09-06 08:21:07,20,네 얼굴로는 울 수 없어,2026-09-09,0.5%,"3,002",0
2026-09-06 08:21:07,21,모모와 다락방의 수상한 요괴들,재개봉일 : 2026-09-02 2012-07-05,0.3%,"2,026","308,139"
2026-09-06 08:21:07,22,고스트밴드,2026-08-26,0.3%,"2,011","17,198"
2026-09-06 08:21:07,23,내 이름은,2026-04-15,0.3%,"1,684","222,166"
2026-09-06 08:21:07,25,오크 스트리트의 마지막 날,2026-08-26,0.3%,"1,532","128,071"
2026-09-06 08:21:07,26,명탐정 코난: 하이웨이의 타천사,2026-08-12,0.3%,"1,512","417,688"
2026-09-06 08:31:55,1,오디세이,2026-08-05,50.3%,"294,316","9,768,259"
2026-09-06 08:31:55,2,암살자(들),2026-09-23,8.5%,"49,813",145
2026-09-06 08:31:55,3,인턴,2026-09-16,8.0%,"46,806","11,989"
2026-09-06 08:31:55,4,스파이더맨: 브랜드 뉴 데이,2026-07-29,4.8%,"27,846","8,737,145"
2026-09-06 08:31:55,5,옵세션,2026-09-02,4.1%,"23,729","133,637"
2026-09-06 08:31:55,6,호프,2026-07-15,2.2%,"12,688","4,540,106"
2026-09-06 08:31:55,7,타짜: 벨제붑의 노래,2026-09-23,1.9%,"11,130",0
2026-09-06 08:31:55,8,경주기행,2026-08-26,1.8%,"10,616","279,761"
2026-09-06 08:31:55,9,싱 어게인,2026-09-02,1.7%,"10,234","43,927"
2026-09-06 08:31:55,10,비광,2026-09-02,1.7%,"9,664","56,978"
2026-09-06 08:31:55,11,더 드라마,2026-09-09,1.4%,"8,432","3,015"
2026-09-06 08:31:55,12,딥 워터,2026-09-09,1.0%,"5,565",126
2026-09-06 08:31:55,13,이누야샤 극장판: 시대를 초월한 마음,2026-09-09,0.9%,"5,450",169
2026-09-06 08:31:55,14,아이유 콘서트 : 더 골든 아워,재개봉일 : 2026-09-09 2023-09-13,0.9%,"5,089","87,628"
2026-09-06 08:31:55,15,아버지의 집밥,2026-09-09,0.8%,"4,488",231
2026-09-06 08:31:55,16,오아시스: 돈 룩 백 인 앵거,2026-09-09,0.7%,"3,843",0
2026-09-06 08:31:55,17,아이유 콘서트 : 더 위닝,재개봉일 : 2026-09-16 2025-01-24,0.6%,"3,745","75,872"
2026-09-06 08:31:55,18,사랑의 하츄핑: 고래보석의 전설,2026-08-05,0.6%,"3,537","850,678"
2026-09-06 08:31:55,19,연옥: 살인마들의 자치구역,2026-09-09,0.6%,"3,348","1,054"
2026-09-06 08:31:55,20,네 얼굴로는 울 수 없어,2026-09-09,0.5%,"3,003",0
2026-09-06 08:31:55,21,모모와 다락방의 수상한 요괴들,재개봉일 : 2026-09-02 2012-07-05,0.3%,"2,021","308,139"
2026-09-06 08:31:55,22,고스트밴드,2026-08-26,0.3%,"2,008","17,198"
2026-09-06 08:31:55,23,내 이름은,2026-04-15,0.3%,"1,684","222,166"
2026-09-06 08:31:55,25,명탐정 코난: 하이웨이의 타천사,2026-08-12,0.3%,"1,504","417,688"
2026-09-06 08:31:55,26,오크 스트리트의 마지막 날,2026-08-26,0.3%,"1,492","128,071"
2026-09-06 09:21:07,1,오디세이,2026-08-05,49.8%,"285,301","9,768,259"
2026-09-06 09:21:07,2,암살자(들),2026-09-23,8.7%,"49,858",145
2026-09-06 09:21:07,3,인턴,2026-09-16,8.2%,"46,830","11,989"
2026-09-06 09:21:07,4,스파이더맨: 브랜드 뉴 데이,2026-07-29,4.6%,"26,654","8,737,145"
2026-09-06 09:21:07,5,옵세션,2026-09-02,4.1%,"23,644","133,637"
2026-09-06 09:21:07,6,호프,2026-07-15,2.2%,"12,633","4,540,106"
2026-09-06 09:21:07,7,타짜: 벨제붑의 노래,2026-09-23,1.9%,"11,147",0
2026-09-06 09:21:07,8,경주기행,2026-08-26,1.8%,"10,123","279,761"
2026-09-06 09:21:07,9,싱 어게인,2026-09-02,1.8%,"10,080","43,927"
2026-09-06 09:21:07,10,비광,2026-09-02,1.7%,"9,510","56,978"
2026-09-06 09:21:07,11,더 드라마,2026-09-09,1.5%,"8,314","3,015"
2026-09-06 09:21:07,12,딥 워터,2026-09-09,1.0%,"5,569",126
2026-09-06 09:21:07,13,이누야샤 극장판: 시대를 초월한 마음,2026-09-09,1.0%,"5,459",169
2026-09-06 09:21:07,14,아이유 콘서트 : 더 골든 아워,재개봉일 : 2026-09-09 2023-09-13,0.9%,"5,078","87,628"
2026-09-06 09:21:07,15,아버지의 집밥,2026-09-09,0.8%,"4,490",231
2026-09-06 09:21:07,16,오아시스: 돈 룩 백 인 앵거,2026-09-09,0.7%,"3,860",0
2026-09-06 09:21:07,17,아이유 콘서트 : 더 위닝,재개봉일 : 2026-09-16 2025-01-24,0.7%,"3,749","75,872"
2026-09-06 09:21:07,18,연옥: 살인마들의 자치구역,2026-09-09,0.6%,"3,350","1,054"
2026-09-06 09:21:07,19,사랑의 하츄핑: 고래보석의 전설,2026-08-05,0.6%,"3,274","850,678"
2026-09-06 09:21:07,20,네 얼굴로는 울 수 없어,2026-09-09,0.5%,"3,006",0
2026-09-06 09:21:07,21,모모와 다락방의 수상한 요괴들,재개봉일 : 2026-09-02 2012-07-05,0.3%,"2,000","308,139"
2026-09-06 09:21:07,22,고스트밴드,2026-08-26,0.3%,"1,880","17,198"
2026-09-06 09:21:07,23,내 이름은,2026-04-15,0.3%,"1,684","222,166"
2026-09-06 09:21:07,25,오크 스트리트의 마지막 날,2026-08-26,0.3%,"1,435","128,071"
2026-09-06 09:21:07,26,명탐정 코난: 하이웨이의 타천사,2026-08-12,0.2%,"1,424","417,688"
2026-09-06 09:31:56,1,오디세이,2026-08-05,49.7%,"284,151","9,768,259"
2026-09-06 09:31:56,2,암살자(들),2026-09-23,8.7%,"49,864",145
2026-09-06 09:31:56,3,인턴,2026-09-16,8.2%,"46,835","11,989"
2026-09-06 09:31:56,4,스파이더맨: 브랜드 뉴 데이,2026-07-29,4.7%,"26,755","8,737,145"
2026-09-06 09:31:56,5,옵세션,2026-09-02,4.1%,"23,650","133,637"
2026-09-06 09:31:56,6,호프,2026-07-15,2.2%,"12,636","4,540,106"
2026-09-06 09:31:56,7,타짜: 벨제붑의 노래,2026-09-23,2.0%,"11,153",0
2026-09-06 09:31:56,8,싱 어게인,2026-09-02,1.8%,"10,088","43,927"
2026-09-06 09:31:56,9,경주기행,2026-08-26,1.8%,"10,059","279,761"
2026-09-06 09:31:56,10,비광,2026-09-02,1.6%,"9,334","56,978"
2026-09-06 09:31:56,11,더 드라마,2026-09-09,1.4%,"8,238","3,015"
2026-09-06 09:31:56,12,딥 워터,2026-09-09,1.0%,"5,569",126
2026-09-06 09:31:56,13,이누야샤 극장판: 시대를 초월한 마음,2026-09-09,1.0%,"5,459",169
2026-09-06 09:31:56,14,아이유 콘서트 : 더 골든 아워,재개봉일 : 2026-09-09 2023-09-13,0.9%,"5,081","87,628"
2026-09-06 09:31:56,15,아버지의 집밥,2026-09-09,0.8%,"4,493",231
2026-09-06 09:31:56,16,오아시스: 돈 룩 백 인 앵거,2026-09-09,0.7%,"3,865",0
2026-09-06 09:31:56,17,아이유 콘서트 : 더 위닝,재개봉일 : 2026-09-16 2025-01-24,0.7%,"3,749","75,872"
2026-09-06 09:31:56,18,연옥: 살인마들의 자치구역,2026-09-09,0.6%,"3,350","1,054"
2026-09-06 09:31:56,19,사랑의 하츄핑: 고래보석의 전설,2026-08-05,0.5%,"3,100","850,678"
2026-09-06 09:31:56,20,네 얼굴로는 울 수 없어,2026-09-09,0.5%,"3,006",0
2026-09-06 09:31:56,21,고스트밴드,2026-08-26,0.3%,"1,874","17,198"
2026-09-06 09:31:56,22,모모와 다락방의 수상한 요괴들,재개봉일 : 2026-09-02 2012-07-05,0.3%,"1,856","308,139"
2026-09-06 09:31:56,23,내 이름은,2026-04-15,0.3%,"1,684","222,166"
2026-09-06 09:31:56,25,오크 스트리트의 마지막 날,2026-08-26,0.3%,"1,443","128,071"
2026-09-06 09:31:56,26,명탐정 코난: 하이웨이의 타천사,2026-08-12,0.2%,"1,423","417,688"
2026-09-06 10:21:07,1,오디세이,2026-08-05,49.7%,"280,305","9,768,259"
2026-09-06 10:21:07,2,암살자(들),2026-09-23,8.8%,"49,887",145
2026-09-06 10:21:07,3,인턴,2026-09-16,8.3%,"46,873","11,989"
2026-09-06 10:21:07,4,스파이더맨: 브랜드 뉴 데이,2026-07-29,4.6%,"25,955","8,737,145"
2026-09-06 10:21:07,5,옵세션,2026-09-02,4.2%,"23,770","133,637"
2026-09-06 10:21:07,6,호프,2026-07-15,2.2%,"12,631","4,540,106"
2026-09-06 10:21:07,7,타짜: 벨제붑의 노래,2026-09-23,2.0%,"11,210",0
2026-09-06 10:21:07,8,경주기행,2026-08-26,1.8%,"9,948","279,761"
2026-09-06 10:21:07,9,싱 어게인,2026-09-02,1.7%,"9,661","43,927"
2026-09-06 10:21:07,10,비광,2026-09-02,1.5%,"8,560","56,978"
2026-09-06 10:21:07,11,더 드라마,2026-09-09,1.5%,"8,188","3,015"
2026-09-06 10:21:07,12,딥 워터,2026-09-09,1.0%,"5,575",126
2026-09-06 10:21:07,13,이누야샤 극장판: 시대를 초월한 마음,2026-09-09,1.0%,"5,475",169
2026-09-06 10:21:07,14,아이유 콘서트 : 더 골든 아워,재개봉일 : 2026-09-09 2023-09-13,0.9%,"5,087","87,628"
2026-09-06 10:21:07,15,아버지의 집밥,2026-09-09,0.8%,"4,498",231
2026-09-06 10:21:07,16,오아시스: 돈 룩 백 인 앵거,2026-09-09,0.7%,"3,895",0
2026-09-06 10:21:07,17,아이유 콘서트 : 더 위닝,재개봉일 : 2026-09-16 2025-01-24,0.7%,"3,754","75,872"
2026-09-06 10:21:07,18,연옥: 살인마들의 자치구역,2026-09-09,0.6%,"3,355","1,054"
2026-09-06 10:21:07,19,네 얼굴로는 울 수 없어,2026-09-09,0.5%,"3,008",0
2026-09-06 10:21:07,20,사랑의 하츄핑: 고래보석의 전설,2026-08-05,0.5%,"2,861","850,678"
2026-09-06 10:21:07,21,내 이름은,2026-04-15,0.3%,"1,684","222,166"
2026-09-06 10:21:07,22,모모와 다락방의 수상한 요괴들,재개봉일 : 2026-09-02 2012-07-05,0.3%,"1,636","308,139"
2026-09-06 10:21:07,23,고스트밴드,2026-08-26,0.3%,"1,579","17,198"
2026-09-06 10:21:07,25,명탐정 코난: 하이웨이의 타천사,2026-08-12,0.2%,"1,394","417,688"
2026-09-06 10:21:07,26,오크 스트리트의 마지막 날,2026-08-26,0.2%,"1,380","128,071"
2026-09-06 10:31:55,1,오디세이,2026-08-05,49.4%,"276,349","9,768,259"
2026-09-06 10:31:55,2,암살자(들),2026-09-23,8.9%,"49,897",145
2026-09-06 10:31:55,3,인턴,2026-09-16,8.4%,"46,882","11,989"
2026-09-06 10:31:55,4,스파이더맨: 브랜드 뉴 데이,2026-07-29,4.6%,"25,726","8,737,145"
2026-09-06 10:31:55,5,옵세션,2026-09-02,4.3%,"23,844","133,637"
2026-09-06 10:31:55,6,호프,2026-07-15,2.3%,"12,645","4,540,106"
2026-09-06 10:31:55,7,타짜: 벨제붑의 노래,2026-09-23,2.0%,"11,215",0
2026-09-06 10:31:55,8,경주기행,2026-08-26,1.8%,"9,916","279,761"
2026-09-06 10:31:55,9,싱 어게인,2026-09-02,1.7%,"9,646","43,927"
2026-09-06 10:31:55,10,비광,2026-09-02,1.5%,"8,536","56,978"
2026-09-06 10:31:55,11,더 드라마,2026-09-09,1.5%,"8,198","3,015"
2026-09-06 10:31:55,12,딥 워터,2026-09-09,1.0%,"5,575",126
2026-09-06 10:31:55,13,이누야샤 극장판: 시대를 초월한 마음,2026-09-09,1.0%,"5,482",169
2026-09-06 10:31:55,14,아이유 콘서트 : 더 골든 아워,재개봉일 : 2026-09-09 2023-09-13,0.9%,"5,094","87,628"
2026-09-06 10:31:55,15,아버지의 집밥,2026-09-09,0.8%,"4,496",231
2026-09-06 10:31:55,16,오아시스: 돈 룩 백 인 앵거,2026-09-09,0.7%,"3,902",0
2026-09-06 10:31:55,17,아이유 콘서트 : 더 위닝,재개봉일 : 2026-09-16 2025-01-24,0.7%,"3,754","75,872"
2026-09-06 10:31:55,18,연옥: 살인마들의 자치구역,2026-09-09,0.6%,"3,359","1,054"
2026-09-06 10:31:55,19,네 얼굴로는 울 수 없어,2026-09-09,0.5%,"3,009",0
2026-09-06 10:31:55,20,사랑의 하츄핑: 고래보석의 전설,2026-08-05,0.5%,"2,724","850,678"
2026-09-06 10:31:55,21,내 이름은,2026-04-15,0.3%,"1,684","222,166"
2026-09-06 10:31:55,22,모모와 다락방의 수상한 요괴들,재개봉일 : 2026-09-02 2012-07-05,0.3%,"1,588","308,139"
2026-09-06 10:31:55,24,고스트밴드,2026-08-26,0.3%,"1,444","17,198"
2026-09-06 10:31:55,25,오크 스트리트의 마지막 날,2026-08-26,0.2%,"1,370","128,071"
2026-09-06 10:31:55,26,명탐정 코난: 하이웨이의 타천사,2026-08-12,0.2%,"1,341","417,688"
2026-09-06 11:21:07,1,오디세이,2026-08-05,49.1%,"268,563","9,768,259"
2026-09-06 11:21:07,2,암살자(들),2026-09-23,9.1%,"49,937",145
2026-09-06 11:21:07,3,인턴,2026-09-16,8.6%,"46,908","11,989"
2026-09-06 11:21:07,4,스파이더맨: 브랜드 뉴 데이,2026-07-29,4.4%,"24,258","8,737,145"
2026-09-06 11:21:07,5,옵세션,2026-09-02,4.3%,"23,587","133,637"
2026-09-06 11:21:07,6,호프,2026-07-15,2.3%,"12,640","4,540,106"
2026-09-06 11:21:07,7,타짜: 벨제붑의 노래,2026-09-23,2.1%,"11,236",0
2026-09-06 11:21:07,8,경주기행,2026-08-26,1.7%,"9,420","279,761"
2026-09-06 11:21:07,9,싱 어게인,2026-09-02,1.7%,"9,152","43,927"
2026-09-06 11:21:07,10,비광,2026-09-02,1.5%,"8,268","56,978"
2026-09-06 11:21:07,11,더 드라마,2026-09-09,1.5%,"8,224","3,015"
2026-09-06 11:21:07,12,딥 워터,2026-09-09,1.0%,"5,581",126
2026-09-06 11:21:07,13,이누야샤 극장판: 시대를 초월한 마음,2026-09-09,1.0%,"5,505",169
2026-09-06 11:21:07,14,아이유 콘서트 : 더 골든 아워,재개봉일 : 2026-09-09 2023-09-13,0.9%,"5,104","87,628"
2026-09-06 11:21:07,15,아버지의 집밥,2026-09-09,0.8%,"4,494",231
2026-09-06 11:21:07,16,오아시스: 돈 룩 백 인 앵거,2026-09-09,0.7%,"3,945",0
2026-09-06 11:21:07,17,아이유 콘서트 : 더 위닝,재개봉일 : 2026-09-16 2025-01-24,0.7%,"3,761","75,872"
2026-09-06 11:21:07,18,연옥: 살인마들의 자치구역,2026-09-09,0.6%,"3,361","1,054"
2026-09-06 11:21:07,19,네 얼굴로는 울 수 없어,2026-09-09,0.6%,"3,011",0
2026-09-06 11:21:07,20,사랑의 하츄핑: 고래보석의 전설,2026-08-05,0.4%,"2,206","850,675"
2026-09-06 11:21:07,20,내 이름은,2026-04-15,0.4%,"2,206","222,166"
2026-09-06 11:21:07,23,오크 스트리트의 마지막 날,2026-08-26,0.2%,"1,365","128,071"
2026-09-06 11:21:07,24,모모와 다락방의 수상한 요괴들,재개봉일 : 2026-09-02 2012-07-05,0.2%,"1,208","308,139"
2026-09-06 11:21:07,25,명탐정 코난: 하이웨이의 타천사,2026-08-12,0.2%,"1,189","417,688"
2026-09-06 11:21:07,26,사진의 얼굴,2026-09-02,0.2%,"1,145","2,833"
2026-09-06 12:21:07,1,오디세이,2026-08-05,48.5%,"254,685","9,768,259"
2026-09-06 12:21:07,2,암살자(들),2026-09-23,9.5%,"49,980",145
2026-09-06 12:21:07,3,인턴,2026-09-16,8.9%,"46,954","11,989"
2026-09-06 12:21:07,4,옵세션,2026-09-02,4.4%,"23,145","133,637"
2026-09-06 12:21:07,5,스파이더맨: 브랜드 뉴 데이,2026-07-29,4.1%,"21,672","8,737,145"
2026-09-06 12:21:07,6,호프,2026-07-15,2.4%,"12,681","4,540,106"
2026-09-06 12:21:07,7,타짜: 벨제붑의 노래,2026-09-23,2.2%,"11,300",0
2026-09-06 12:21:07,8,싱 어게인,2026-09-02,1.7%,"8,849","43,927"
2026-09-06 12:21:07,9,경주기행,2026-08-26,1.6%,"8,421","279,761"
2026-09-06 12:21:07,10,더 드라마,2026-09-09,1.5%,"7,900","3,015"
2026-09-06 12:21:07,11,비광,2026-09-02,1.4%,"7,579","56,978"
2026-09-06 12:21:07,12,딥 워터,2026-09-09,1.1%,"5,583",126
2026-09-06 12:21:07,13,이누야샤 극장판: 시대를 초월한 마음,2026-09-09,1.1%,"5,559",169
2026-09-06 12:21:07,14,아이유 콘서트 : 더 골든 아워,재개봉일 : 2026-09-09 2023-09-13,1.0%,"5,116","87,628"
2026-09-06 12:21:07,15,아버지의 집밥,2026-09-09,0.9%,"4,496",231
2026-09-06 12:21:07,16,오아시스: 돈 룩 백 인 앵거,2026-09-09,0.8%,"3,990",0
2026-09-06 12:21:07,17,아이유 콘서트 : 더 위닝,재개봉일 : 2026-09-16 2025-01-24,0.7%,"3,762","75,872"
2026-09-06 12:21:07,18,연옥: 살인마들의 자치구역,2026-09-09,0.6%,"3,377","1,054"
2026-09-06 12:21:07,19,네 얼굴로는 울 수 없어,2026-09-09,0.6%,"3,015",0
2026-09-06 12:21:07,20,내 이름은,2026-04-15,0.4%,"2,206","222,166"
2026-09-06 12:21:07,22,사랑의 하츄핑: 고래보석의 전설,2026-08-05,0.3%,"1,393","850,675"
2026-09-06 12:21:07,23,오크 스트리트의 마지막 날,2026-08-26,0.2%,"1,312","128,071"
2026-09-06 12:21:07,24,모모와 다락방의 수상한 요괴들,재개봉일 : 2026-09-02 2012-07-05,0.2%,"1,195","308,139"
2026-09-06 12:21:07,25,명탐정 코난: 하이웨이의 타천사,2026-08-12,0.2%,"1,142","417,688"
2026-09-06 12:21:07,26,사진의 얼굴,2026-09-02,0.2%,"1,117","2,833"
2026-09-06 13:21:07,1,오디세이,2026-08-05,47.8%,"240,366","9,768,255"
2026-09-06 13:21:07,2,암살자(들),2026-09-23,9.9%,"50,028",145
2026-09-06 13:21:07,3,인턴,2026-09-16,9.3%,"47,020","11,989"
2026-09-06 13:21:07,4,옵세션,2026-09-02,4.4%,"22,280","133,637"
2026-09-06 13:21:07,5,스파이더맨: 브랜드 뉴 데이,2026-07-29,3.8%,"18,898","8,737,145"
2026-09-06 13:21:07,6,호프,2026-07-15,2.5%,"12,683","4,540,106"
2026-09-06 13:21:07,7,타짜: 벨제붑의 노래,2026-09-23,2.2%,"11,321",0
2026-09-06 13:21:07,8,싱 어게인,2026-09-02,1.6%,"8,234","43,927"
2026-09-06 13:21:07,9,더 드라마,2026-09-09,1.6%,"7,926","3,015"
2026-09-06 13:21:07,10,경주기행,2026-08-26,1.5%,"7,647","279,761"
2026-09-06 13:21:07,11,비광,2026-09-02,1.4%,"6,913","56,978"
2026-09-06 13:21:07,12,딥 워터,2026-09-09,1.1%,"5,589",126
2026-09-06 13:21:07,13,이누야샤 극장판: 시대를 초월한 마음,2026-09-09,1.1%,"5,525",169
2026-09-06 13:21:07,14,아이유 콘서트 : 더 골든 아워,재개봉일 : 2026-09-09 2023-09-13,1.0%,"5,136","87,628"
2026-09-06 13:21:07,15,아버지의 집밥,2026-09-09,0.9%,"4,500",231
2026-09-06 13:21:07,16,오아시스: 돈 룩 백 인 앵거,2026-09-09,0.8%,"4,031",0
2026-09-06 13:21:07,17,아이유 콘서트 : 더 위닝,재개봉일 : 2026-09-16 2025-01-24,0.7%,"3,773","75,872"
2026-09-06 13:21:07,18,연옥: 살인마들의 자치구역,2026-09-09,0.7%,"3,384","1,054"
2026-09-06 13:21:07,19,네 얼굴로는 울 수 없어,2026-09-09,0.6%,"3,017",0
2026-09-06 13:21:07,20,내 이름은,2026-04-15,0.4%,"2,206","222,166"
2026-09-06 13:21:07,22,오크 스트리트의 마지막 날,2026-08-26,0.2%,"1,238","128,071"
2026-09-06 13:21:07,23,사진의 얼굴,2026-09-02,0.2%,"1,153","2,833"
2026-09-06 13:21:07,24,명탐정 코난: 하이웨이의 타천사,2026-08-12,0.2%,"1,072","417,688"
2026-09-06 13:21:07,25,인 더 그레이,2026-09-02,0.2%,"1,028","7,238"
2026-09-06 13:21:07,26,가족여행,2026-09-30,0.2%,"1,001",93
2026-09-06 14:21:07,1,오디세이,2026-08-05,47.1%,"226,282","9,768,255"
2026-09-06 14:21:07,2,암살자(들),2026-09-23,10.4%,"50,061",145
2026-09-06 14:21:07,3,인턴,2026-09-16,9.8%,"47,063","11,989"
2026-09-06 14:21:07,4,옵세션,2026-09-02,4.4%,"21,349","133,637"
2026-09-06 14:21:07,5,스파이더맨: 브랜드 뉴 데이,2026-07-29,3.2%,"15,431","8,737,145"
2026-09-06 14:21:07,6,호프,2026-07-15,2.6%,"12,700","4,540,106"
2026-09-06 14:21:07,7,타짜: 벨제붑의 노래,2026-09-23,2.4%,"11,386",0
2026-09-06 14:21:07,8,더 드라마,2026-09-09,1.6%,"7,924","3,015"
2026-09-06 14:21:07,9,싱 어게인,2026-09-02,1.6%,"7,901","43,927"
2026-09-06 14:21:07,10,경주기행,2026-08-26,1.3%,"6,480","279,761"
2026-09-06 14:21:07,11,비광,2026-09-02,1.2%,"5,959","56,978"
2026-09-06 14:21:07,12,딥 워터,2026-09-09,1.2%,"5,594",126
2026-09-06 14:21:07,13,이누야샤 극장판: 시대를 초월한 마음,2026-09-09,1.2%,"5,589",169
2026-09-06 14:21:07,14,아이유 콘서트 : 더 골든 아워,재개봉일 : 2026-09-09 2023-09-13,1.1%,"5,159","87,628"
2026-09-06 14:21:07,15,아버지의 집밥,2026-09-09,0.9%,"4,504",231
2026-09-06 14:21:07,16,오아시스: 돈 룩 백 인 앵거,2026-09-09,0.8%,"4,075",0
2026-09-06 14:21:07,17,아이유 콘서트 : 더 위닝,재개봉일 : 2026-09-16 2025-01-24,0.8%,"3,780","75,872"
2026-09-06 14:21:07,18,연옥: 살인마들의 자치구역,2026-09-09,0.7%,"3,387","1,054"
2026-09-06 14:21:07,19,네 얼굴로는 울 수 없어,2026-09-09,0.6%,"3,023",0
2026-09-06 14:21:07,20,내 이름은,2026-04-15,0.5%,"2,206","222,166"
2026-09-06 14:21:07,22,오크 스트리트의 마지막 날,2026-08-26,0.2%,"1,088","128,071"
2026-09-06 14:21:07,23,사진의 얼굴,2026-09-02,0.2%,"1,085","2,833"
2026-09-06 14:21:07,24,가족여행,2026-09-30,0.2%,"1,001",93
2026-09-06 14:21:07,25,인 더 그레이,2026-09-02,0.2%,983,"7,238"
2026-09-06 14:21:07,26,명탐정 코난: 하이웨이의 타천사,2026-08-12,0.2%,975,"417,688"
2026-09-06 15:21:07,1,오디세이,2026-08-05,46.8%,"217,560","9,768,255"
2026-09-06 15:21:07,2,암살자(들),2026-09-23,10.8%,"50,125",145
2026-09-06 15:21:07,3,인턴,2026-09-16,10.1%,"47,100","11,989"
2026-09-06 15:21:07,4,옵세션,2026-09-02,4.3%,"19,799","133,637"
2026-09-06 15:21:07,5,스파이더맨: 브랜드 뉴 데이,2026-07-29,2.9%,"13,461","8,737,145"
2026-09-06 15:21:07,6,호프,2026-07-15,2.7%,"12,740","4,540,106"
2026-09-06 15:21:07,7,타짜: 벨제붑의 노래,2026-09-23,2.5%,"11,444",0
2026-09-06 15:21:07,8,더 드라마,2026-09-09,1.6%,"7,464","3,015"
2026-09-06 15:21:07,9,싱 어게인,2026-09-02,1.6%,"7,276","43,927"
2026-09-06 15:21:07,10,경주기행,2026-08-26,1.2%,"5,705","279,761"
2026-09-06 15:21:07,11,비광,2026-09-02,1.2%,"5,669","56,978"
2026-09-06 15:21:07,12,이누야샤 극장판: 시대를 초월한 마음,2026-09-09,1.2%,"5,642",169
2026-09-06 15:21:07,13,딥 워터,2026-09-09,1.2%,"5,604",126
2026-09-06 15:21:07,14,아이유 콘서트 : 더 골든 아워,재개봉일 : 2026-09-09 2023-09-13,1.1%,"5,167","87,628"
2026-09-06 15:21:07,15,아버지의 집밥,2026-09-09,1.0%,"4,508",231
2026-09-06 15:21:07,16,오아시스: 돈 룩 백 인 앵거,2026-09-09,0.9%,"4,124",0
2026-09-06 15:21:07,17,아이유 콘서트 : 더 위닝,재개봉일 : 2026-09-16 2025-01-24,0.8%,"3,790","75,872"
2026-09-06 15:21:07,18,연옥: 살인마들의 자치구역,2026-09-09,0.7%,"3,392","1,054"
2026-09-06 15:21:07,19,네 얼굴로는 울 수 없어,2026-09-09,0.7%,"3,025",0
2026-09-06 15:21:07,20,내 이름은,2026-04-15,0.5%,"2,206","222,166"
2026-09-06 15:21:07,22,사진의 얼굴,2026-09-02,0.2%,"1,035","2,833"
2026-09-06 15:21:07,23,오크 스트리트의 마지막 날,2026-08-26,0.2%,"1,013","128,071"
2026-09-06 15:21:07,24,가족여행,2026-09-30,0.2%,"1,001",93
2026-09-06 15:21:07,25,인 더 그레이,2026-09-02,0.2%,890,"7,238"
2026-09-06 15:21:07,26,파묘,2024-02-22,0.2%,785,"11,914,882"
2026-09-06 16:21:07,1,오디세이,2026-08-05,46.3%,"210,067","9,768,255"
2026-09-06 16:21:07,2,암살자(들),2026-09-23,11.1%,"50,182",145
2026-09-06 16:21:07,3,인턴,2026-09-16,10.4%,"47,127","11,989"
2026-09-06 16:21:07,4,옵세션,2026-09-02,4.2%,"19,017","133,637"
2026-09-06 16:21:07,5,호프,2026-07-15,2.8%,"12,671","4,540,106"
2026-09-06 16:21:07,6,스파이더맨: 브랜드 뉴 데이,2026-07-29,2.7%,"12,186","8,737,145"
2026-09-06 16:21:07,7,타짜: 벨제붑의 노래,2026-09-23,2.5%,"11,500",0
2026-09-06 16:21:07,8,더 드라마,2026-09-09,1.6%,"7,452","3,015"
2026-09-06 16:21:07,9,싱 어게인,2026-09-02,1.5%,"6,599","43,927"
2026-09-06 16:21:07,10,이누야샤 극장판: 시대를 초월한 마음,2026-09-09,1.3%,"5,688",169
2026-09-06 16:21:07,11,딥 워터,2026-09-09,1.2%,"5,622",126
2026-09-06 16:21:07,12,경주기행,2026-08-26,1.2%,"5,215","279,761"
2026-09-06 16:21:07,13,비광,2026-09-02,1.1%,"5,186","56,978"
2026-09-06 16:21:07,14,아이유 콘서트 : 더 골든 아워,재개봉일 : 2026-09-09 2023-09-13,1.1%,"5,180","87,628"
2026-09-06 16:21:07,15,아버지의 집밥,2026-09-09,1.0%,"4,511",231
2026-09-06 16:21:07,16,오아시스: 돈 룩 백 인 앵거,2026-09-09,0.9%,"4,177",0
2026-09-06 16:21:07,17,아이유 콘서트 : 더 위닝,재개봉일 : 2026-09-16 2025-01-24,0.8%,"3,798","75,872"
2026-09-06 16:21:07,18,연옥: 살인마들의 자치구역,2026-09-09,0.7%,"3,397","1,054"
2026-09-06 16:21:07,19,네 얼굴로는 울 수 없어,2026-09-09,0.7%,"3,028",0
2026-09-06 16:21:07,20,내 이름은,2026-04-15,0.5%,"2,206","222,166"
2026-09-06 16:21:07,22,사진의 얼굴,2026-09-02,0.2%,"1,036","2,833"
2026-09-06 16:21:07,23,가족여행,2026-09-30,0.2%,"1,001",93
2026-09-06 16:21:07,24,오크 스트리트의 마지막 날,2026-08-26,0.2%,987,"128,071"
2026-09-06 16:21:07,25,인 더 그레이,2026-09-02,0.2%,840,"7,238"
2026-09-06 16:21:07,26,파묘,2024-02-22,0.2%,790,"11,914,882"
2026-09-06 17:21:07,1,오디세이,2026-08-05,45.9%,"201,279","9,768,255"
2026-09-06 17:21:07,2,암살자(들),2026-09-23,11.4%,"50,232",145
2026-09-06 17:21:07,3,인턴,2026-09-16,10.8%,"47,170","11,989"
2026-09-06 17:21:07,4,옵세션,2026-09-02,3.8%,"16,851","133,637"
2026-09-06 17:21:07,5,호프,2026-07-15,2.9%,"12,689","4,540,106"
2026-09-06 17:21:07,6,타짜: 벨제붑의 노래,2026-09-23,2.6%,"11,544",0
2026-09-06 17:21:07,7,스파이더맨: 브랜드 뉴 데이,2026-07-29,2.4%,"10,566","8,737,145"
2026-09-06 17:21:07,8,더 드라마,2026-09-09,1.7%,"7,350","3,015"
2026-09-06 17:21:07,9,싱 어게인,2026-09-02,1.4%,"6,104","43,927"
2026-09-06 17:21:07,10,이누야샤 극장판: 시대를 초월한 마음,2026-09-09,1.3%,"5,742",169
2026-09-06 17:21:07,11,딥 워터,2026-09-09,1.3%,"5,631",126
2026-09-06 17:21:07,12,아이유 콘서트 : 더 골든 아워,재개봉일 : 2026-09-09 2023-09-13,1.2%,"5,197","87,628"
2026-09-06 17:21:07,13,경주기행,2026-08-26,1.1%,"4,738","279,761"
2026-09-06 17:21:07,14,비광,2026-09-02,1.0%,"4,541","56,978"
2026-09-06 17:21:07,15,아버지의 집밥,2026-09-09,1.0%,"4,514",231
2026-09-06 17:21:07,16,오아시스: 돈 룩 백 인 앵거,2026-09-09,1.0%,"4,235",0
2026-09-06 17:21:07,17,아이유 콘서트 : 더 위닝,재개봉일 : 2026-09-16 2025-01-24,0.9%,"3,803","75,872"
2026-09-06 17:21:07,18,연옥: 살인마들의 자치구역,2026-09-09,0.8%,"3,397","1,054"
2026-09-06 17:21:07,19,네 얼굴로는 울 수 없어,2026-09-09,0.7%,"3,032",0
2026-09-06 17:21:07,20,내 이름은,2026-04-15,0.5%,"2,206","222,166"
2026-09-06 17:21:07,22,가족여행,2026-09-30,0.2%,"1,001",93
2026-09-06 17:21:07,23,사진의 얼굴,2026-09-02,0.2%,993,"2,833"
2026-09-06 17:21:07,24,오크 스트리트의 마지막 날,2026-08-26,0.2%,881,"128,069"
2026-09-06 17:21:07,25,인 더 그레이,2026-09-02,0.2%,825,"7,238"
2026-09-06 17:21:07,26,파묘,2024-02-22,0.2%,790,"11,914,882"
2026-09-06 18:21:07,1,오디세이,2026-08-05,45.8%,"196,413","9,768,255"
2026-09-06 18:21:07,2,암살자(들),2026-09-23,11.7%,"50,262",145
2026-09-06 18:21:07,3,인턴,2026-09-16,11.0%,"47,188","11,989"
2026-09-06 18:21:07,4,옵세션,2026-09-02,3.3%,"14,165","133,637"
2026-09-06 18:21:07,5,호프,2026-07-15,3.0%,"12,718","4,540,106"
2026-09-06 18:21:07,6,타짜: 벨제붑의 노래,2026-09-23,2.7%,"11,584",0
2026-09-06 18:21:07,7,스파이더맨: 브랜드 뉴 데이,2026-07-29,2.2%,"9,357","8,737,145"
2026-09-06 18:21:07,8,더 드라마,2026-09-09,1.7%,"7,461","3,015"
2026-09-06 18:21:07,9,이누야샤 극장판: 시대를 초월한 마음,2026-09-09,1.3%,"5,787",169
2026-09-06 18:21:07,10,싱 어게인,2026-09-02,1.3%,"5,763","43,927"
2026-09-06 18:21:07,11,딥 워터,2026-09-09,1.3%,"5,646",126
2026-09-06 18:21:07,12,아이유 콘서트 : 더 골든 아워,재개봉일 : 2026-09-09 2023-09-13,1.2%,"5,209","87,628"
2026-09-06 18:21:07,13,아버지의 집밥,2026-09-09,1.1%,"4,517",231
2026-09-06 18:21:07,14,경주기행,2026-08-26,1.0%,"4,402","279,760"
2026-09-06 18:21:07,15,오아시스: 돈 룩 백 인 앵거,2026-09-09,1.0%,"4,283",0
2026-09-06 18:21:07,16,비광,2026-09-02,1.0%,"4,087","56,978"
2026-09-06 18:21:07,17,아이유 콘서트 : 더 위닝,재개봉일 : 2026-09-16 2025-01-24,0.9%,"3,799","75,872"
2026-09-06 18:21:07,18,연옥: 살인마들의 자치구역,2026-09-09,0.8%,"3,398","1,054"
2026-09-06 18:21:07,19,네 얼굴로는 울 수 없어,2026-09-09,0.7%,"3,032",0
2026-09-06 18:21:07,20,내 이름은,2026-04-15,0.5%,"2,206","222,166"
2026-09-06 18:21:07,22,가족여행,2026-09-30,0.2%,"1,001",93
2026-09-06 18:21:07,23,사진의 얼굴,2026-09-02,0.2%,973,"2,833"
2026-09-06 18:21:07,24,오크 스트리트의 마지막 날,2026-08-26,0.2%,850,"128,069"
2026-09-06 18:21:07,25,인 더 그레이,2026-09-02,0.2%,797,"7,238"
2026-09-06 18:21:07,26,파묘,2024-02-22,0.2%,794,"11,914,882"
2026-09-06 20:21:07,1,오디세이,2026-08-05,46.0%,"195,400","9,768,255"
2026-09-06 20:21:07,2,암살자(들),2026-09-23,11.9%,"50,414",145
2026-09-06 20:21:07,3,인턴,2026-09-16,11.4%,"48,321","11,989"
2026-09-06 20:21:07,4,호프,2026-07-15,3.0%,"12,735","4,540,106"
2026-09-06 20:21:07,5,타짜: 벨제붑의 노래,2026-09-23,2.7%,"11,683",0
2026-09-06 20:21:07,6,옵세션,2026-09-02,2.6%,"11,140","133,637"
2026-09-06 20:21:07,7,스파이더맨: 브랜드 뉴 데이,2026-07-29,2.0%,"8,526","8,737,145"
2026-09-06 20:21:07,8,더 드라마,2026-09-09,1.8%,"7,598","3,015"
2026-09-06 20:21:07,9,이누야샤 극장판: 시대를 초월한 마음,2026-09-09,1.4%,"5,906",169
2026-09-06 20:21:07,10,딥 워터,2026-09-09,1.3%,"5,654",126
2026-09-06 20:21:07,11,싱 어게인,2026-09-02,1.3%,"5,318","43,927"
2026-09-06 20:21:07,12,아이유 콘서트 : 더 골든 아워,재개봉일 : 2026-09-09 2023-09-13,1.2%,"5,253","87,628"
2026-09-06 20:21:07,13,아버지의 집밥,2026-09-09,1.1%,"4,523",231
2026-09-06 20:21:07,14,오아시스: 돈 룩 백 인 앵거,2026-09-09,1.0%,"4,431",0
2026-09-06 20:21:07,15,경주기행,2026-08-26,1.0%,"4,246","279,760"
2026-09-06 20:21:07,16,비광,2026-09-02,0.9%,"3,863","56,978"
2026-09-06 20:21:07,17,아이유 콘서트 : 더 위닝,재개봉일 : 2026-09-16 2025-01-24,0.9%,"3,820","75,872"
2026-09-06 20:21:07,18,연옥: 살인마들의 자치구역,2026-09-09,0.8%,"3,396","1,054"
2026-09-06 20:21:07,19,네 얼굴로는 울 수 없어,2026-09-09,0.7%,"3,035",0
2026-09-06 20:21:07,20,내 이름은,2026-04-15,0.5%,"2,206","222,166"
2026-09-06 20:21:07,22,가족여행,2026-09-30,0.2%,"1,001",93
2026-09-06 20:21:07,23,사진의 얼굴,2026-09-02,0.2%,986,"2,833"
2026-09-06 20:21:07,24,오크 스트리트의 마지막 날,2026-08-26,0.2%,798,"128,069"
2026-09-06 20:21:07,25,파묘,2024-02-22,0.2%,796,"11,914,882"
2026-09-06 20:21:07,26,인 더 그레이,2026-09-02,0.2%,769,"7,238"
2026-09-06 20:31:38,1,오디세이,2026-08-05,46.0%,"195,967","9,768,255"
2026-09-06 20:31:38,2,암살자(들),2026-09-23,11.8%,"50,420",145
2026-09-06 20:31:38,3,인턴,2026-09-16,11.4%,"48,330","11,989"
2026-09-06 20:31:38,4,호프,2026-07-15,3.0%,"12,744","4,540,106"
2026-09-06 20:31:38,5,타짜: 벨제붑의 노래,2026-09-23,2.7%,"11,696",0
2026-09-06 20:31:38,6,옵세션,2026-09-02,2.6%,"11,036","133,637"
2026-09-06 20:31:38,7,스파이더맨: 브랜드 뉴 데이,2026-07-29,2.0%,"8,546","8,737,145"
2026-09-06 20:31:38,8,더 드라마,2026-09-09,1.8%,"7,621","3,015"
2026-09-06 20:31:38,9,이누야샤 극장판: 시대를 초월한 마음,2026-09-09,1.4%,"5,922",169
2026-09-06 20:31:38,10,딥 워터,2026-09-09,1.3%,"5,654",126
2026-09-06 20:31:38,11,싱 어게인,2026-09-02,1.2%,"5,319","43,927"
2026-09-06 20:31:38,12,아이유 콘서트 : 더 골든 아워,재개봉일 : 2026-09-09 2023-09-13,1.2%,"5,258","87,628"
2026-09-06 20:31:38,13,아버지의 집밥,2026-09-09,1.1%,"4,523",231
2026-09-06 20:31:38,14,오아시스: 돈 룩 백 인 앵거,2026-09-09,1.0%,"4,450",0
2026-09-06 20:31:38,15,경주기행,2026-08-26,1.0%,"4,256","279,760"
2026-09-06 20:31:38,16,비광,2026-09-02,0.9%,"3,861","56,978"
2026-09-06 20:31:38,17,아이유 콘서트 : 더 위닝,재개봉일 : 2026-09-16 2025-01-24,0.9%,"3,820","75,872"
2026-09-06 20:31:38,18,연옥: 살인마들의 자치구역,2026-09-09,0.8%,"3,396","1,054"
2026-09-06 20:31:38,19,네 얼굴로는 울 수 없어,2026-09-09,0.7%,"3,035",0
2026-09-06 20:31:38,20,내 이름은,2026-04-15,0.5%,"2,206","222,166"
2026-09-06 20:31:38,22,가족여행,2026-09-30,0.2%,"1,001",93
2026-09-06 20:31:38,23,사진의 얼굴,2026-09-02,0.2%,990,"2,833"
2026-09-06 20:31:38,24,오크 스트리트의 마지막 날,2026-08-26,0.2%,801,"128,069"
2026-09-06 20:31:38,25,파묘,2024-02-22,0.2%,798,"11,914,882"
2026-09-06 20:31:38,26,인 더 그레이,2026-09-02,0.2%,768,"7,238"
2026-09-06 21:21:08,1,오디세이,2026-08-05,46.2%,"197,723","9,768,255"
2026-09-06 21:21:08,2,암살자(들),2026-09-23,11.8%,"50,473",145
2026-09-06 21:21:08,3,인턴,2026-09-16,11.3%,"48,388","11,989"
2026-09-06 21:21:08,4,호프,2026-07-15,3.0%,"12,787","4,540,106"
2026-09-06 21:21:08,5,타짜: 벨제붑의 노래,2026-09-23,2.7%,"11,743",0
2026-09-06 21:21:08,6,옵세션,2026-09-02,2.5%,"10,817","133,637"
2026-09-06 21:21:08,7,스파이더맨: 브랜드 뉴 데이,2026-07-29,2.0%,"8,566","8,737,145"
2026-09-06 21:21:08,8,더 드라마,2026-09-09,1.8%,"7,743","3,015"
2026-09-06 21:21:08,9,이누야샤 극장판: 시대를 초월한 마음,2026-09-09,1.4%,"5,975",169
2026-09-06 21:21:08,10,딥 워터,2026-09-09,1.3%,"5,660",126
2026-09-06 21:21:08,11,싱 어게인,2026-09-02,1.2%,"5,336","43,927"
2026-09-06 21:21:08,12,아이유 콘서트 : 더 골든 아워,재개봉일 : 2026-09-09 2023-09-13,1.2%,"5,268","87,628"
2026-09-06 21:21:08,13,아버지의 집밥,2026-09-09,1.1%,"4,534",231
2026-09-06 21:21:08,14,오아시스: 돈 룩 백 인 앵거,2026-09-09,1.1%,"4,499",0
2026-09-06 21:21:08,15,경주기행,2026-08-26,1.0%,"4,309","279,760"
2026-09-06 21:21:08,16,비광,2026-09-02,0.9%,"3,878","56,978"
2026-09-06 21:21:08,17,아이유 콘서트 : 더 위닝,재개봉일 : 2026-09-16 2025-01-24,0.9%,"3,823","75,872"
2026-09-06 21:21:08,18,연옥: 살인마들의 자치구역,2026-09-09,0.8%,"3,396","1,054"
2026-09-06 21:21:08,19,네 얼굴로는 울 수 없어,2026-09-09,0.7%,"3,040",0
2026-09-06 21:21:08,20,내 이름은,2026-04-15,0.5%,"2,206","222,166"
2026-09-06 21:21:08,22,사진의 얼굴,2026-09-02,0.2%,"1,005","2,833"
2026-09-06 21:21:08,23,가족여행,2026-09-30,0.2%,"1,001",93
2026-09-06 21:21:08,24,파묘,2024-02-22,0.2%,796,"11,914,882"
2026-09-06 21:21:08,25,오크 스트리트의 마지막 날,2026-08-26,0.2%,794,"128,069"
2026-09-06 21:21:08,26,인 더 그레이,2026-09-02,0.2%,770,"7,238"
2026-09-06 21:31:36,1,오디세이,2026-08-05,46.3%,"198,301","9,768,255"
2026-09-06 21:31:36,2,암살자(들),2026-09-23,11.8%,"50,496",145
2026-09-06 21:31:36,3,인턴,2026-09-16,11.3%,"48,395","11,989"
2026-09-06 21:31:36,4,호프,2026-07-15,3.0%,"12,803","4,540,106"
2026-09-06 21:31:36,5,타짜: 벨제붑의 노래,2026-09-23,2.7%,"11,752",0
2026-09-06 21:31:36,6,옵세션,2026-09-02,2.5%,"10,769","133,637"
2026-09-06 21:31:36,7,스파이더맨: 브랜드 뉴 데이,2026-07-29,2.0%,"8,625","8,737,145"
2026-09-06 21:31:36,8,더 드라마,2026-09-09,1.8%,"7,793","3,015"
2026-09-06 21:31:36,9,이누야샤 극장판: 시대를 초월한 마음,2026-09-09,1.4%,"5,978",169
2026-09-06 21:31:36,10,딥 워터,2026-09-09,1.3%,"5,667",126
2026-09-06 21:31:36,11,싱 어게인,2026-09-02,1.2%,"5,343","43,927"
2026-09-06 21:31:36,12,아이유 콘서트 : 더 골든 아워,재개봉일 : 2026-09-09 2023-09-13,1.2%,"5,272","87,628"
2026-09-06 21:31:36,13,아버지의 집밥,2026-09-09,1.1%,"4,536",231
2026-09-06 21:31:36,14,오아시스: 돈 룩 백 인 앵거,2026-09-09,1.1%,"4,521",0
2026-09-06 21:31:36,15,경주기행,2026-08-26,1.0%,"4,331","279,760"
2026-09-06 21:31:36,16,비광,2026-09-02,0.9%,"3,886","56,978"
2026-09-06 21:31:36,17,아이유 콘서트 : 더 위닝,재개봉일 : 2026-09-16 2025-01-24,0.9%,"3,826","75,872"
2026-09-06 21:31:36,18,연옥: 살인마들의 자치구역,2026-09-09,0.8%,"3,397","1,054"
2026-09-06 21:31:36,19,네 얼굴로는 울 수 없어,2026-09-09,0.7%,"3,042",0
2026-09-06 21:31:36,20,내 이름은,2026-04-15,0.5%,"2,206","222,166"
2026-09-06 21:31:36,22,사진의 얼굴,2026-09-02,0.2%,"1,007","2,833"
2026-09-06 21:31:36,23,가족여행,2026-09-30,0.2%,"1,001",93
2026-09-06 21:31:36,24,오크 스트리트의 마지막 날,2026-08-26,0.2%,796,"128,069"
2026-09-06 21:31:36,24,파묘,2024-02-22,0.2%,796,"11,914,882"
2026-09-06 21:31:36,26,인 더 그레이,2026-09-02,0.2%,772,"7,238"
2026-09-07 09:21:06,1,오디세이,2026-08-05,45.4%,"200,004","10,027,997"
2026-09-07 09:21:06,2,암살자(들),2026-09-23,11.5%,"50,871",145
2026-09-07 09:21:06,3,인턴,2026-09-16,11.0%,"48,681","11,989"
2026-09-07 09:21:06,4,옵세션,2026-09-02,3.4%,"14,993","185,095"
2026-09-07 09:21:06,5,호프,2026-07-15,3.0%,"13,036","4,540,980"
2026-09-07 09:21:06,6,타짜: 벨제붑의 노래,2026-09-23,2.7%,"12,091",0
2026-09-07 09:21:06,7,스파이더맨: 브랜드 뉴 데이,2026-07-29,2.1%,"9,198","8,792,035"
2026-09-07 09:21:06,8,더 드라마,2026-09-09,1.9%,"8,502","4,786"
2026-09-07 09:21:06,9,이누야샤 극장판: 시대를 초월한 마음,2026-09-09,1.4%,"6,379",234
2026-09-07 09:21:06,10,싱 어게인,2026-09-02,1.3%,"5,791","55,931"
2026-09-07 09:21:06,11,딥 워터,2026-09-09,1.3%,"5,726",126
2026-09-07 09:21:06,12,아이유 콘서트 : 더 골든 아워,재개봉일 : 2026-09-09 2023-09-13,1.2%,"5,395","87,628"
2026-09-07 09:21:06,13,오아시스: 돈 룩 백 인 앵거,2026-09-09,1.1%,"4,636",0
2026-09-07 09:21:06,14,아버지의 집밥,2026-09-09,1.0%,"4,560",231
2026-09-07 09:21:06,15,경주기행,2026-08-26,1.0%,"4,548","297,594"
2026-09-07 09:21:06,16,비광,2026-09-02,0.9%,"3,952","71,397"
2026-09-07 09:21:06,17,아이유 콘서트 : 더 위닝,재개봉일 : 2026-09-16 2025-01-24,0.9%,"3,897","75,872"
2026-09-07 09:21:06,18,연옥: 살인마들의 자치구역,2026-09-09,0.8%,"3,441","1,054"
2026-09-07 09:21:06,19,네 얼굴로는 울 수 없어,2026-09-09,0.7%,"3,090",0
2026-09-07 09:21:06,20,내 이름은,2026-04-15,0.5%,"2,206","222,170"
2026-09-07 09:21:06,22,사진의 얼굴,2026-09-02,0.2%,"1,082","3,458"
2026-09-07 09:21:06,23,가족여행,2026-09-30,0.2%,"1,001",93
2026-09-07 09:21:06,24,리틀 드래곤: 몬스터 섬의 비밀,2026-09-09,0.2%,916,322
2026-09-07 09:21:06,25,파묘,2024-02-22,0.2%,833,"11,914,882"
2026-09-07 09:21:06,26,인 더 그레이,2026-09-02,0.2%,801,"8,380"
2026-09-07 10:21:07,1,오디세이,2026-08-05,45.5%,"201,698","10,027,997"
2026-09-07 10:21:07,2,암살자(들),2026-09-23,11.5%,"50,940",145
2026-09-07 10:21:07,3,인턴,2026-09-16,11.0%,"48,922","11,989"
2026-09-07 10:21:07,4,옵세션,2026-09-02,3.5%,"15,427","185,100"
2026-09-07 10:21:07,5,호프,2026-07-15,2.9%,"13,043","4,540,980"
2026-09-07 10:21:07,6,타짜: 벨제붑의 노래,2026-09-23,2.7%,"12,151",0
2026-09-07 10:21:07,7,스파이더맨: 브랜드 뉴 데이,2026-07-29,2.1%,"9,303","8,792,035"
2026-09-07 10:21:07,8,더 드라마,2026-09-09,1.9%,"8,611","4,786"
2026-09-07 10:21:07,9,이누야샤 극장판: 시대를 초월한 마음,2026-09-09,1.5%,"6,442",234
2026-09-07 10:21:07,10,딥 워터,2026-09-09,1.3%,"5,739",126
2026-09-07 10:21:07,11,싱 어게인,2026-09-02,1.3%,"5,704","55,931"
2026-09-07 10:21:07,12,아이유 콘서트 : 더 골든 아워,재개봉일 : 2026-09-09 2023-09-13,1.2%,"5,423","87,628"
2026-09-07 10:21:07,13,오아시스: 돈 룩 백 인 앵거,2026-09-09,1.1%,"4,687",0
2026-09-07 10:21:07,14,아버지의 집밥,2026-09-09,1.0%,"4,561",231
2026-09-07 10:21:07,15,경주기행,2026-08-26,1.0%,"4,540","297,594"
2026-09-07 10:21:07,16,비광,2026-09-02,0.9%,"3,939","71,397"
2026-09-07 10:21:07,17,아이유 콘서트 : 더 위닝,재개봉일 : 2026-09-16 2025-01-24,0.9%,"3,909","75,872"
2026-09-07 10:21:07,18,연옥: 살인마들의 자치구역,2026-09-09,0.8%,"3,451","1,054"
2026-09-07 10:21:07,19,네 얼굴로는 울 수 없어,2026-09-09,0.7%,"3,095",0
2026-09-07 10:21:07,20,내 이름은,2026-04-15,0.5%,"2,206","222,170"
2026-09-07 10:21:07,22,가족여행,2026-09-30,0.2%,"1,001",93
2026-09-07 10:21:07,23,사진의 얼굴,2026-09-02,0.2%,966,"3,458"
2026-09-07 10:21:07,24,리틀 드래곤: 몬스터 섬의 비밀,2026-09-09,0.2%,932,322
2026-09-07 10:21:07,25,파묘,2024-02-22,0.2%,835,"11,914,882"
2026-09-07 10:21:07,26,아가미,2026-09-09,0.2%,769,"1,923"
2026-09-07 10:31:47,1,오디세이,2026-08-05,45.3%,"200,729","10,027,997"
2026-09-07 10:31:47,2,암살자(들),2026-09-23,11.5%,"50,951",145
2026-09-07 10:31:47,3,인턴,2026-09-16,11.1%,"48,941","11,989"
2026-09-07 10:31:47,4,옵세션,2026-09-02,3.5%,"15,562","185,100"
2026-09-07 10:31:47,5,호프,2026-07-15,2.9%,"13,030","4,540,980"
2026-09-07 10:31:47,6,타짜: 벨제붑의 노래,2026-09-23,2.7%,"12,160",0
2026-09-07 10:31:47,7,스파이더맨: 브랜드 뉴 데이,2026-07-29,2.1%,"9,316","8,792,035"
2026-09-07 10:31:47,8,더 드라마,2026-09-09,2.0%,"8,640","4,786"
2026-09-07 10:31:47,9,이누야샤 극장판: 시대를 초월한 마음,2026-09-09,1.5%,"6,456",234
2026-09-07 10:31:47,10,딥 워터,2026-09-09,1.3%,"5,743",126
2026-09-07 10:31:47,11,싱 어게인,2026-09-02,1.3%,"5,733","55,931"
2026-09-07 10:31:47,12,아이유 콘서트 : 더 골든 아워,재개봉일 : 2026-09-09 2023-09-13,1.2%,"5,462","87,628"
2026-09-07 10:31:47,13,오아시스: 돈 룩 백 인 앵거,2026-09-09,1.1%,"4,698",0
2026-09-07 10:31:47,14,아버지의 집밥,2026-09-09,1.0%,"4,562",231
2026-09-07 10:31:47,15,경주기행,2026-08-26,1.0%,"4,514","297,594"
2026-09-07 10:31:47,16,비광,2026-09-02,0.9%,"3,950","71,397"
2026-09-07 10:31:47,17,아이유 콘서트 : 더 위닝,재개봉일 : 2026-09-16 2025-01-24,0.9%,"3,913","75,872"
2026-09-07 10:31:47,18,연옥: 살인마들의 자치구역,2026-09-09,0.8%,"3,452","1,054"
2026-09-07 10:31:47,19,네 얼굴로는 울 수 없어,2026-09-09,0.7%,"3,095",0
2026-09-07 10:31:47,20,내 이름은,2026-04-15,0.5%,"2,206","222,170"
2026-09-07 10:31:47,22,가족여행,2026-09-30,0.2%,"1,001",93
2026-09-07 10:31:47,23,사진의 얼굴,2026-09-02,0.2%,971,"3,458"
2026-09-07 10:31:47,24,리틀 드래곤: 몬스터 섬의 비밀,2026-09-09,0.2%,934,322
2026-09-07 10:31:47,25,파묘,2024-02-22,0.2%,833,"11,914,882"
2026-09-07 10:31:47,26,아가미,2026-09-09,0.2%,776,"1,923"
2026-09-07 11:21:07,1,오디세이,2026-08-05,45.2%,"200,485","10,027,995"
2026-09-07 11:21:07,2,암살자(들),2026-09-23,11.5%,"50,981",145
2026-09-07 11:21:07,3,인턴,2026-09-16,11.0%,"49,009","11,989"
2026-09-07 11:21:07,4,옵세션,2026-09-02,3.6%,"15,952","185,100"
2026-09-07 11:21:07,5,호프,2026-07-15,2.9%,"13,058","4,540,980"
2026-09-07 11:21:07,6,타짜: 벨제붑의 노래,2026-09-23,2.7%,"12,188",0
2026-09-07 11:21:07,7,스파이더맨: 브랜드 뉴 데이,2026-07-29,2.1%,"9,158","8,792,035"
2026-09-07 11:21:07,8,더 드라마,2026-09-09,2.0%,"8,770","4,786"
2026-09-07 11:21:07,9,이누야샤 극장판: 시대를 초월한 마음,2026-09-09,1.5%,"6,519",234
2026-09-07 11:21:07,10,딥 워터,2026-09-09,1.3%,"5,744",126
2026-09-07 11:21:07,11,싱 어게인,2026-09-02,1.3%,"5,621","55,931"
2026-09-07 11:21:07,12,아이유 콘서트 : 더 골든 아워,재개봉일 : 2026-09-09 2023-09-13,1.2%,"5,514","87,628"
2026-09-07 11:21:07,13,오아시스: 돈 룩 백 인 앵거,2026-09-09,1.1%,"4,735",0
2026-09-07 11:21:07,14,아버지의 집밥,2026-09-09,1.0%,"4,567",231
2026-09-07 11:21:07,15,경주기행,2026-08-26,1.0%,"4,468","297,594"
2026-09-07 11:21:07,16,비광,2026-09-02,0.9%,"3,981","71,397"
2026-09-07 11:21:07,17,아이유 콘서트 : 더 위닝,재개봉일 : 2026-09-16 2025-01-24,0.9%,"3,917","75,872"
2026-09-07 11:21:07,18,연옥: 살인마들의 자치구역,2026-09-09,0.8%,"3,464","1,054"
2026-09-07 11:21:07,19,네 얼굴로는 울 수 없어,2026-09-09,0.7%,"3,101",0
2026-09-07 11:21:07,20,내 이름은,2026-04-15,0.5%,"2,206","222,170"
2026-09-07 11:21:07,22,가족여행,2026-09-30,0.2%,"1,001",93
2026-09-07 11:21:07,23,포가튼 아일랜드,2026-09-23,0.2%,973,"2,006"
2026-09-07 11:21:07,24,사진의 얼굴,2026-09-02,0.2%,972,"3,458"
2026-09-07 11:21:07,25,리틀 드래곤: 몬스터 섬의 비밀,2026-09-09,0.2%,943,322
2026-09-07 11:21:07,26,파묘,2024-02-22,0.2%,834,"11,914,882"
2026-09-07 11:31:41,1,오디세이,2026-08-05,45.1%,"200,296","10,027,995"
2026-09-07 11:31:41,2,암살자(들),2026-09-23,11.5%,"50,993",145
2026-09-07 11:31:41,3,인턴,2026-09-16,11.0%,"49,012","11,989"
2026-09-07 11:31:41,4,옵세션,2026-09-02,3.6%,"16,119","185,100"
2026-09-07 11:31:41,5,호프,2026-07-15,2.9%,"13,070","4,540,980"
2026-09-07 11:31:41,6,타짜: 벨제붑의 노래,2026-09-23,2.7%,"12,195",0
2026-09-07 11:31:41,7,스파이더맨: 브랜드 뉴 데이,2026-07-29,2.1%,"9,139","8,792,035"
2026-09-07 11:31:41,8,더 드라마,2026-09-09,2.0%,"8,803","4,786"
2026-09-07 11:31:41,9,이누야샤 극장판: 시대를 초월한 마음,2026-09-09,1.5%,"6,524",234
2026-09-07 11:31:41,10,딥 워터,2026-09-09,1.3%,"5,889",126
2026-09-07 11:31:41,11,싱 어게인,2026-09-02,1.3%,"5,586","55,931"
2026-09-07 11:31:41,12,아이유 콘서트 : 더 골든 아워,재개봉일 : 2026-09-09 2023-09-13,1.2%,"5,517","87,628"
2026-09-07 11:31:41,13,오아시스: 돈 룩 백 인 앵거,2026-09-09,1.1%,"4,741",0
2026-09-07 11:31:41,14,아버지의 집밥,2026-09-09,1.0%,"4,566",231
2026-09-07 11:31:41,15,경주기행,2026-08-26,1.0%,"4,463","297,594"
2026-09-07 11:31:41,16,비광,2026-09-02,0.9%,"3,989","71,397"
2026-09-07 11:31:41,17,아이유 콘서트 : 더 위닝,재개봉일 : 2026-09-16 2025-01-24,0.9%,"3,921","75,872"
2026-09-07 11:31:41,18,연옥: 살인마들의 자치구역,2026-09-09,0.8%,"3,467","1,054"
2026-09-07 11:31:41,19,네 얼굴로는 울 수 없어,2026-09-09,0.7%,"3,102",0
2026-09-07 11:31:41,20,내 이름은,2026-04-15,0.5%,"2,206","222,170"
2026-09-07 11:31:41,22,가족여행,2026-09-30,0.2%,"1,001",93
2026-09-07 11:31:41,23,포가튼 아일랜드,2026-09-23,0.2%,973,"2,006"
2026-09-07 11:31:41,24,사진의 얼굴,2026-09-02,0.2%,965,"3,458"
2026-09-07 11:31:41,25,리틀 드래곤: 몬스터 섬의 비밀,2026-09-09,0.2%,948,322
2026-09-07 11:31:41,26,파묘,2024-02-22,0.2%,837,"11,914,882"
2026-09-07 12:21:06,1,오디세이,2026-08-05,44.9%,"200,689","10,027,992"
2026-09-07 12:21:06,2,암살자(들),2026-09-23,11.4%,"51,029",145
2026-09-07 12:21:06,3,인턴,2026-09-16,11.0%,"49,037","11,989"
2026-09-07 12:21:06,4,옵세션,2026-09-02,3.7%,"16,640","185,100"
2026-09-07 12:21:06,5,호프,2026-07-15,2.9%,"13,115","4,540,980"
2026-09-07 12:21:06,6,타짜: 벨제붑의 노래,2026-09-23,2.7%,"12,245",0
2026-09-07 12:21:06,7,스파이더맨: 브랜드 뉴 데이,2026-07-29,2.0%,"9,050","8,792,035"
2026-09-07 12:21:06,8,더 드라마,2026-09-09,2.0%,"8,932","4,786"
2026-09-07 12:21:06,9,이누야샤 극장판: 시대를 초월한 마음,2026-09-09,1.5%,"6,581",234
2026-09-07 12:21:06,10,딥 워터,2026-09-09,1.3%,"5,899",126
2026-09-07 12:21:06,11,싱 어게인,2026-09-02,1.3%,"5,711","55,931"
2026-09-07 12:21:06,12,아이유 콘서트 : 더 골든 아워,재개봉일 : 2026-09-09 2023-09-13,1.2%,"5,539","87,628"
2026-09-07 12:21:06,13,오아시스: 돈 룩 백 인 앵거,2026-09-09,1.1%,"4,778",0
2026-09-07 12:21:06,14,아버지의 집밥,2026-09-09,1.0%,"4,574",231
2026-09-07 12:21:06,15,연옥: 살인마들의 자치구역,2026-09-09,1.0%,"4,541","1,054"
2026-09-07 12:21:06,16,비광,2026-09-02,1.0%,"4,535","71,397"
2026-09-07 12:21:06,17,경주기행,2026-08-26,1.0%,"4,414","297,594"
2026-09-07 12:21:06,18,아이유 콘서트 : 더 위닝,재개봉일 : 2026-09-16 2025-01-24,0.9%,"3,932","75,872"
2026-09-07 12:21:06,19,네 얼굴로는 울 수 없어,2026-09-09,0.7%,"3,107",0
2026-09-07 12:21:06,20,내 이름은,2026-04-15,0.5%,"2,206","222,170"
2026-09-07 12:21:06,22,가족여행,2026-09-30,0.2%,"1,001",93
2026-09-07 12:21:06,23,포가튼 아일랜드,2026-09-23,0.2%,973,"2,006"
2026-09-07 12:21:06,24,리틀 드래곤: 몬스터 섬의 비밀,2026-09-09,0.2%,970,322
2026-09-07 12:21:06,25,사진의 얼굴,2026-09-02,0.2%,922,"3,458"
2026-09-07 12:21:06,26,명탐정 코난: 하이웨이의 타천사,2026-08-12,0.2%,895,"420,629"
2026-09-07 13:21:06,1,오디세이,2026-08-05,44.5%,"200,592","10,027,990"
2026-09-07 13:21:06,2,암살자(들),2026-09-23,11.3%,"51,102",145
2026-09-07 13:21:06,3,인턴,2026-09-16,10.9%,"49,095","11,989"
2026-09-07 13:21:06,4,옵세션,2026-09-02,3.8%,"17,281","185,100"
2026-09-07 13:21:06,5,타짜: 벨제붑의 노래,2026-09-23,3.0%,"13,612",0
2026-09-07 13:21:06,6,호프,2026-07-15,2.9%,"13,163","4,540,980"
2026-09-07 13:21:06,7,더 드라마,2026-09-09,2.0%,"9,118","4,786"
2026-09-07 13:21:06,8,스파이더맨: 브랜드 뉴 데이,2026-07-29,2.0%,"8,946","8,792,035"
2026-09-07 13:21:06,9,이누야샤 극장판: 시대를 초월한 마음,2026-09-09,1.5%,"6,670",234
2026-09-07 13:21:06,10,딥 워터,2026-09-09,1.3%,"5,912",126
2026-09-07 13:21:06,11,싱 어게인,2026-09-02,1.2%,"5,583","55,931"
2026-09-07 13:21:06,12,아이유 콘서트 : 더 골든 아워,재개봉일 : 2026-09-09 2023-09-13,1.2%,"5,568","87,628"
2026-09-07 13:21:06,13,비광,2026-09-02,1.1%,"5,040","71,397"
2026-09-07 13:21:06,14,오아시스: 돈 룩 백 인 앵거,2026-09-09,1.1%,"4,847",0
2026-09-07 13:21:06,15,연옥: 살인마들의 자치구역,2026-09-09,1.0%,"4,641","1,054"
2026-09-07 13:21:06,16,아버지의 집밥,2026-09-09,1.0%,"4,592",231
2026-09-07 13:21:06,17,경주기행,2026-08-26,1.0%,"4,365","297,594"
2026-09-07 13:21:06,18,아이유 콘서트 : 더 위닝,재개봉일 : 2026-09-16 2025-01-24,0.9%,"3,946","75,872"
2026-09-07 13:21:06,19,네 얼굴로는 울 수 없어,2026-09-09,0.7%,"3,110",0
2026-09-07 13:21:06,20,내 이름은,2026-04-15,0.5%,"2,206","222,170"
2026-09-07 13:21:06,22,극장판 기븐 – 바다로,2026-08-26,0.2%,"1,123","9,351"
2026-09-07 13:21:06,23,가족여행,2026-09-30,0.2%,"1,001",93
2026-09-07 13:21:06,24,리틀 드래곤: 몬스터 섬의 비밀,2026-09-09,0.2%,990,322
2026-09-07 13:21:06,25,포가튼 아일랜드,2026-09-23,0.2%,973,"2,006"
2026-09-07 13:21:06,26,명탐정 코난: 하이웨이의 타천사,2026-08-12,0.2%,958,"420,629"
2026-09-07 13:31:49,1,오디세이,2026-08-05,44.5%,"200,695","10,027,990"
2026-09-07 13:31:49,2,암살자(들),2026-09-23,11.3%,"51,112",145
2026-09-07 13:31:49,3,인턴,2026-09-16,10.9%,"49,120","11,989"
2026-09-07 13:31:49,4,옵세션,2026-09-02,3.9%,"17,470","185,100"
2026-09-07 13:31:49,5,타짜: 벨제붑의 노래,2026-09-23,3.1%,"13,812",0
2026-09-07 13:31:49,6,호프,2026-07-15,2.9%,"13,167","4,540,980"
2026-09-07 13:31:49,7,더 드라마,2026-09-09,2.0%,"9,141","4,786"
2026-09-07 13:31:49,8,스파이더맨: 브랜드 뉴 데이,2026-07-29,2.0%,"8,944","8,792,035"
2026-09-07 13:31:49,9,이누야샤 극장판: 시대를 초월한 마음,2026-09-09,1.5%,"6,677",234
2026-09-07 13:31:49,10,딥 워터,2026-09-09,1.3%,"5,918",126
2026-09-07 13:31:49,11,싱 어게인,2026-09-02,1.2%,"5,584","55,931"
2026-09-07 13:31:49,12,아이유 콘서트 : 더 골든 아워,재개봉일 : 2026-09-09 2023-09-13,1.2%,"5,571","87,628"
2026-09-07 13:31:49,13,비광,2026-09-02,1.1%,"5,147","71,397"
2026-09-07 13:31:49,14,오아시스: 돈 룩 백 인 앵거,2026-09-09,1.1%,"4,864",0
2026-09-07 13:31:49,15,연옥: 살인마들의 자치구역,2026-09-09,1.0%,"4,654","1,054"
2026-09-07 13:31:49,16,아버지의 집밥,2026-09-09,1.0%,"4,592",231
2026-09-07 13:31:49,17,경주기행,2026-08-26,1.0%,"4,366","297,594"
2026-09-07 13:31:49,18,아이유 콘서트 : 더 위닝,재개봉일 : 2026-09-16 2025-01-24,0.9%,"3,946","75,872"
2026-09-07 13:31:49,19,네 얼굴로는 울 수 없어,2026-09-09,0.7%,"3,110",0
2026-09-07 13:31:49,20,내 이름은,2026-04-15,0.5%,"2,206","222,170"
2026-09-07 13:31:49,22,극장판 기븐 – 바다로,2026-08-26,0.3%,"1,159","9,351"
2026-09-07 13:31:49,23,가족여행,2026-09-30,0.2%,"1,001",93
2026-09-07 13:31:49,24,리틀 드래곤: 몬스터 섬의 비밀,2026-09-09,0.2%,990,322
2026-09-07 13:31:49,25,포가튼 아일랜드,2026-09-23,0.2%,973,"2,006"
2026-09-07 13:31:49,26,명탐정 코난: 하이웨이의 타천사,2026-08-12,0.2%,964,"420,629"
2026-09-07 14:21:06,1,오디세이,2026-08-05,44.1%,"199,711","10,027,990"
2026-09-07 14:21:06,2,암살자(들),2026-09-23,11.3%,"51,189",145
2026-09-07 14:21:06,3,인턴,2026-09-16,10.9%,"49,186","11,989"
2026-09-07 14:21:06,4,옵세션,2026-09-02,3.9%,"17,832","185,100"
2026-09-07 14:21:06,5,타짜: 벨제붑의 노래,2026-09-23,3.1%,"13,863",0
2026-09-07 14:21:06,6,호프,2026-07-15,2.9%,"13,216","4,540,980"
2026-09-07 14:21:06,7,더 드라마,2026-09-09,2.1%,"9,308","4,786"
2026-09-07 14:21:06,8,스파이더맨: 브랜드 뉴 데이,2026-07-29,1.9%,"8,685","8,792,035"
2026-09-07 14:21:06,9,비광,2026-09-02,1.6%,"7,047","71,397"
2026-09-07 14:21:06,10,이누야샤 극장판: 시대를 초월한 마음,2026-09-09,1.5%,"6,736",234
2026-09-07 14:21:06,11,딥 워터,2026-09-09,1.3%,"5,939",126
2026-09-07 14:21:06,12,아이유 콘서트 : 더 골든 아워,재개봉일 : 2026-09-09 2023-09-13,1.2%,"5,600","87,628"
2026-09-07 14:21:06,13,싱 어게인,2026-09-02,1.2%,"5,558","55,931"
2026-09-07 14:21:06,14,오아시스: 돈 룩 백 인 앵거,2026-09-09,1.1%,"4,923",0
2026-09-07 14:21:06,15,연옥: 살인마들의 자치구역,2026-09-09,1.1%,"4,772","1,054"
2026-09-07 14:21:06,16,아버지의 집밥,2026-09-09,1.0%,"4,598",231
2026-09-07 14:21:06,17,경주기행,2026-08-26,1.0%,"4,333","297,594"
2026-09-07 14:21:06,18,아이유 콘서트 : 더 위닝,재개봉일 : 2026-09-16 2025-01-24,0.9%,"3,954","75,872"
2026-09-07 14:21:06,19,네 얼굴로는 울 수 없어,2026-09-09,0.7%,"3,150",0
2026-09-07 14:21:06,20,내 이름은,2026-04-15,0.5%,"2,206","222,170"
2026-09-07 14:21:06,22,극장판 기븐 – 바다로,2026-08-26,0.3%,"1,261","9,351"
2026-09-07 14:21:06,23,리틀 드래곤: 몬스터 섬의 비밀,2026-09-09,0.2%,"1,015",322
2026-09-07 14:21:06,24,명탐정 코난: 하이웨이의 타천사,2026-08-12,0.2%,"1,003","420,629"
2026-09-07 14:21:06,25,가족여행,2026-09-30,0.2%,"1,001",93
2026-09-07 14:21:06,26,포가튼 아일랜드,2026-09-23,0.2%,973,"2,006"
2026-09-07 14:31:41,1,오디세이,2026-08-05,44.0%,"199,750","10,027,990"
2026-09-07 14:31:41,2,암살자(들),2026-09-23,11.3%,"51,210",145
2026-09-07 14:31:41,3,인턴,2026-09-16,10.8%,"49,198","11,989"
2026-09-07 14:31:41,4,옵세션,2026-09-02,4.0%,"17,993","185,100"
2026-09-07 14:31:41,5,타짜: 벨제붑의 노래,2026-09-23,3.1%,"13,874",0
2026-09-07 14:31:41,6,호프,2026-07-15,2.9%,"13,231","4,540,980"
2026-09-07 14:31:41,7,더 드라마,2026-09-09,2.1%,"9,345","4,786"
2026-09-07 14:31:41,8,스파이더맨: 브랜드 뉴 데이,2026-07-29,1.9%,"8,734","8,792,035"
2026-09-07 14:31:41,9,비광,2026-09-02,1.6%,"7,172","71,397"
2026-09-07 14:31:41,10,이누야샤 극장판: 시대를 초월한 마음,2026-09-09,1.5%,"6,752",234
2026-09-07 14:31:41,11,딥 워터,2026-09-09,1.3%,"5,940",126
2026-09-07 14:31:41,12,아이유 콘서트 : 더 골든 아워,재개봉일 : 2026-09-09 2023-09-13,1.2%,"5,603","87,628"
2026-09-07 14:31:41,13,싱 어게인,2026-09-02,1.2%,"5,530","55,931"
2026-09-07 14:31:41,14,오아시스: 돈 룩 백 인 앵거,2026-09-09,1.1%,"4,942",0
2026-09-07 14:31:41,15,연옥: 살인마들의 자치구역,2026-09-09,1.1%,"4,781","1,054"
2026-09-07 14:31:41,16,아버지의 집밥,2026-09-09,1.0%,"4,601",231
2026-09-07 14:31:41,17,경주기행,2026-08-26,1.0%,"4,354","297,594"
2026-09-07 14:31:41,18,아이유 콘서트 : 더 위닝,재개봉일 : 2026-09-16 2025-01-24,0.9%,"3,954","75,872"
2026-09-07 14:31:41,19,네 얼굴로는 울 수 없어,2026-09-09,0.7%,"3,153",0
2026-09-07 14:31:41,20,내 이름은,2026-04-15,0.5%,"2,206","222,170"
2026-09-07 14:31:41,22,극장판 기븐 – 바다로,2026-08-26,0.3%,"1,278","9,351"
2026-09-07 14:31:41,23,리틀 드래곤: 몬스터 섬의 비밀,2026-09-09,0.2%,"1,019",322
2026-09-07 14:31:41,24,명탐정 코난: 하이웨이의 타천사,2026-08-12,0.2%,"1,015","420,629"
2026-09-07 14:31:41,25,가족여행,2026-09-30,0.2%,"1,001",93
2026-09-07 14:31:41,26,포가튼 아일랜드,2026-09-23,0.2%,973,"2,006"
2026-09-07 15:21:08,1,오디세이,2026-08-05,43.8%,"200,324","10,027,986"
2026-09-07 15:21:08,2,암살자(들),2026-09-23,11.2%,"51,251",145
2026-09-07 15:21:08,3,인턴,2026-09-16,10.8%,"49,249","11,989"
2026-09-07 15:21:08,4,옵세션,2026-09-02,4.0%,"18,275","185,100"
2026-09-07 15:21:08,5,타짜: 벨제붑의 노래,2026-09-23,3.0%,"13,925",0
2026-09-07 15:21:08,6,호프,2026-07-15,2.9%,"13,279","4,540,980"
2026-09-07 15:21:08,7,더 드라마,2026-09-09,2.1%,"9,492","4,786"
2026-09-07 15:21:08,8,스파이더맨: 브랜드 뉴 데이,2026-07-29,1.9%,"8,856","8,792,033"
2026-09-07 15:21:08,9,비광,2026-09-02,1.6%,"7,544","71,392"
2026-09-07 15:21:08,10,이누야샤 극장판: 시대를 초월한 마음,2026-09-09,1.5%,"6,856",234
2026-09-07 15:21:08,11,딥 워터,2026-09-09,1.3%,"5,954",126
2026-09-07 15:21:08,12,연옥: 살인마들의 자치구역,2026-09-09,1.2%,"5,716","1,054"
2026-09-07 15:21:08,13,아이유 콘서트 : 더 골든 아워,재개봉일 : 2026-09-09 2023-09-13,1.2%,"5,610","87,628"
2026-09-07 15:21:08,14,싱 어게인,2026-09-02,1.2%,"5,424","55,931"
2026-09-07 15:21:08,15,오아시스: 돈 룩 백 인 앵거,2026-09-09,1.1%,"5,009",0
2026-09-07 15:21:08,16,아버지의 집밥,2026-09-09,1.0%,"4,602",231
2026-09-07 15:21:08,17,경주기행,2026-08-26,0.9%,"4,310","297,594"
2026-09-07 15:21:08,18,아이유 콘서트 : 더 위닝,재개봉일 : 2026-09-16 2025-01-24,0.9%,"3,951","75,872"
2026-09-07 15:21:08,19,네 얼굴로는 울 수 없어,2026-09-09,0.7%,"3,174",0
2026-09-07 15:21:08,20,내 이름은,2026-04-15,0.5%,"2,206","222,170"
2026-09-07 15:21:08,21,아가미,2026-09-09,0.4%,"1,884","1,923"
2026-09-07 15:21:08,23,극장판 기븐 – 바다로,2026-08-26,0.3%,"1,312","9,351"
2026-09-07 15:21:08,24,명탐정 코난: 하이웨이의 타천사,2026-08-12,0.2%,"1,051","420,629"
2026-09-07 15:21:08,25,리틀 드래곤: 몬스터 섬의 비밀,2026-09-09,0.2%,"1,025",322
2026-09-07 15:21:08,26,가족여행,2026-09-30,0.2%,"1,001",93
2026-09-07 15:31:41,1,오디세이,2026-08-05,43.8%,"200,711","10,027,986"
2026-09-07 15:31:41,2,암살자(들),2026-09-23,11.2%,"51,273",145
2026-09-07 15:31:41,3,인턴,2026-09-16,10.7%,"49,270","11,989"
2026-09-07 15:31:41,4,옵세션,2026-09-02,4.0%,"18,361","185,100"
2026-09-07 15:31:41,5,타짜: 벨제붑의 노래,2026-09-23,3.0%,"13,934",0
2026-09-07 15:31:41,6,호프,2026-07-15,2.9%,"13,292","4,540,980"
2026-09-07 15:31:41,7,더 드라마,2026-09-09,2.1%,"9,509","4,786"
2026-09-07 15:31:41,8,스파이더맨: 브랜드 뉴 데이,2026-07-29,1.9%,"8,893","8,792,033"
2026-09-07 15:31:41,9,비광,2026-09-02,1.7%,"7,622","71,392"
2026-09-07 15:31:41,10,이누야샤 극장판: 시대를 초월한 마음,2026-09-09,1.5%,"6,875",234
2026-09-07 15:31:41,11,딥 워터,2026-09-09,1.3%,"5,960",126
2026-09-07 15:31:41,12,연옥: 살인마들의 자치구역,2026-09-09,1.3%,"5,953","1,054"
2026-09-07 15:31:41,13,아이유 콘서트 : 더 골든 아워,재개봉일 : 2026-09-09 2023-09-13,1.2%,"5,616","87,628"
2026-09-07 15:31:41,14,싱 어게인,2026-09-02,1.2%,"5,384","55,931"
2026-09-07 15:31:41,15,오아시스: 돈 룩 백 인 앵거,2026-09-09,1.1%,"5,018",0
2026-09-07 15:31:41,16,아버지의 집밥,2026-09-09,1.0%,"4,603",231
2026-09-07 15:31:41,17,경주기행,2026-08-26,0.9%,"4,316","297,594"
2026-09-07 15:31:41,18,아이유 콘서트 : 더 위닝,재개봉일 : 2026-09-16 2025-01-24,0.9%,"3,952","75,872"
2026-09-07 15:31:41,19,네 얼굴로는 울 수 없어,2026-09-09,0.7%,"3,178",0
2026-09-07 15:31:41,20,내 이름은,2026-04-15,0.5%,"2,206","222,170"
2026-09-07 15:31:41,21,아가미,2026-09-09,0.4%,"1,888","1,923"
2026-09-07 15:31:41,23,극장판 기븐 – 바다로,2026-08-26,0.3%,"1,327","9,351"
2026-09-07 15:31:41,24,명탐정 코난: 하이웨이의 타천사,2026-08-12,0.2%,"1,057","420,629"
2026-09-07 15:31:41,25,리틀 드래곤: 몬스터 섬의 비밀,2026-09-09,0.2%,"1,025",322
2026-09-07 15:31:41,26,가족여행,2026-09-30,0.2%,"1,001",93
2026-09-07 16:21:07,1,오디세이,2026-08-05,43.4%,"200,844","10,027,986"
2026-09-07 16:21:07,2,암살자(들),2026-09-23,11.1%,"51,312",145
2026-09-07 16:21:07,3,인턴,2026-09-16,10.7%,"49,362","11,989"
2026-09-07 16:21:07,4,옵세션,2026-09-02,4.0%,"18,706","185,100"
2026-09-07 16:21:07,5,타짜: 벨제붑의 노래,2026-09-23,3.0%,"14,000",0
2026-09-07 16:21:07,6,호프,2026-07-15,2.9%,"13,359","4,540,980"
2026-09-07 16:21:07,7,더 드라마,2026-09-09,2.1%,"9,692","4,786"
2026-09-07 16:21:07,8,스파이더맨: 브랜드 뉴 데이,2026-07-29,1.9%,"8,947","8,792,033"
2026-09-07 16:21:07,9,비광,2026-09-02,1.7%,"7,828","71,392"
2026-09-07 16:21:07,10,이누야샤 극장판: 시대를 초월한 마음,2026-09-09,1.5%,"7,023",234
2026-09-07 16:21:07,11,연옥: 살인마들의 자치구역,2026-09-09,1.4%,"6,519","1,054"
2026-09-07 16:21:07,12,딥 워터,2026-09-09,1.3%,"5,972",126
2026-09-07 16:21:07,13,아이유 콘서트 : 더 골든 아워,재개봉일 : 2026-09-09 2023-09-13,1.2%,"5,634","87,628"
2026-09-07 16:21:07,14,싱 어게인,2026-09-02,1.1%,"5,230","55,931"
2026-09-07 16:21:07,15,오아시스: 돈 룩 백 인 앵거,2026-09-09,1.1%,"5,054",0
2026-09-07 16:21:07,16,아버지의 집밥,2026-09-09,1.0%,"4,609",231
2026-09-07 16:21:07,17,경주기행,2026-08-26,0.9%,"4,318","297,594"
2026-09-07 16:21:07,18,네 얼굴로는 울 수 없어,2026-09-09,0.9%,"4,282",0
2026-09-07 16:21:07,19,아이유 콘서트 : 더 위닝,재개봉일 : 2026-09-16 2025-01-24,0.9%,"3,956","75,872"
2026-09-07 16:21:07,20,내 이름은,2026-04-15,0.5%,"2,206","222,170"
2026-09-07 16:21:07,21,아가미,2026-09-09,0.4%,"1,913","1,923"
2026-09-07 16:21:07,23,극장판 기븐 – 바다로,2026-08-26,0.3%,"1,403","9,351"
2026-09-07 16:21:07,24,명탐정 코난: 하이웨이의 타천사,2026-08-12,0.2%,"1,080","420,629"
2026-09-07 16:21:07,25,리틀 드래곤: 몬스터 섬의 비밀,2026-09-09,0.2%,"1,040",322
2026-09-07 16:21:07,26,가족여행,2026-09-30,0.2%,"1,001",93
2026-09-07 16:31:41,1,오디세이,2026-08-05,43.5%,"201,135","10,027,986"
2026-09-07 16:31:41,2,암살자(들),2026-09-23,11.1%,"51,322",145
2026-09-07 16:31:41,3,인턴,2026-09-16,10.7%,"49,356","11,989"
2026-09-07 16:31:41,4,옵세션,2026-09-02,4.0%,"18,649","185,100"
2026-09-07 16:31:41,5,타짜: 벨제붑의 노래,2026-09-23,3.0%,"14,010",0
2026-09-07 16:31:41,6,호프,2026-07-15,2.9%,"13,378","4,540,980"
2026-09-07 16:31:41,7,더 드라마,2026-09-09,2.1%,"9,739","4,786"
2026-09-07 16:31:41,8,스파이더맨: 브랜드 뉴 데이,2026-07-29,1.9%,"8,923","8,792,029"
2026-09-07 16:31:41,9,비광,2026-09-02,1.7%,"7,869","71,392"
2026-09-07 16:31:41,10,이누야샤 극장판: 시대를 초월한 마음,2026-09-09,1.5%,"7,031",234
2026-09-07 16:31:41,11,연옥: 살인마들의 자치구역,2026-09-09,1.4%,"6,569","1,054"
2026-09-07 16:31:41,12,딥 워터,2026-09-09,1.3%,"5,975",126
2026-09-07 16:31:41,13,아이유 콘서트 : 더 골든 아워,재개봉일 : 2026-09-09 2023-09-13,1.2%,"5,637","87,628"
2026-09-07 16:31:41,14,싱 어게인,2026-09-02,1.1%,"5,169","55,931"
2026-09-07 16:31:41,15,오아시스: 돈 룩 백 인 앵거,2026-09-09,1.1%,"5,069",0
2026-09-07 16:31:41,16,아버지의 집밥,2026-09-09,1.0%,"4,614",231
2026-09-07 16:31:41,17,네 얼굴로는 울 수 없어,2026-09-09,0.9%,"4,310",0
2026-09-07 16:31:41,18,경주기행,2026-08-26,0.9%,"4,303","297,594"
2026-09-07 16:31:41,19,아이유 콘서트 : 더 위닝,재개봉일 : 2026-09-16 2025-01-24,0.9%,"3,956","75,872"
2026-09-07 16:31:41,20,내 이름은,2026-04-15,0.5%,"2,206","222,170"
2026-09-07 16:31:41,21,아가미,2026-09-09,0.4%,"1,917","1,923"
2026-09-07 16:31:41,23,극장판 기븐 – 바다로,2026-08-26,0.3%,"1,405","9,351"
2026-09-07 16:31:41,24,명탐정 코난: 하이웨이의 타천사,2026-08-12,0.2%,"1,085","420,629"
2026-09-07 16:31:41,25,리틀 드래곤: 몬스터 섬의 비밀,2026-09-09,0.2%,"1,042",322
2026-09-07 16:31:41,26,가족여행,2026-09-30,0.2%,"1,001",93
2026-09-07 17:21:06,1,오디세이,2026-08-05,43.1%,"198,859","10,027,981"
2026-09-07 17:21:06,2,암살자(들),2026-09-23,11.1%,"51,370",145
2026-09-07 17:21:06,3,인턴,2026-09-16,10.7%,"49,242","11,989"
2026-09-07 17:21:06,4,옵세션,2026-09-02,3.9%,"17,882","185,100"
2026-09-07 17:21:06,5,타짜: 벨제붑의 노래,2026-09-23,3.1%,"14,093",0
2026-09-07 17:21:06,6,호프,2026-07-15,2.9%,"13,413","4,540,980"
2026-09-07 17:21:06,7,더 드라마,2026-09-09,2.2%,"9,936","4,786"
2026-09-07 17:21:06,8,스파이더맨: 브랜드 뉴 데이,2026-07-29,1.9%,"8,682","8,792,029"
2026-09-07 17:21:06,9,비광,2026-09-02,1.7%,"7,832","71,392"
2026-09-07 17:21:06,10,이누야샤 극장판: 시대를 초월한 마음,2026-09-09,1.5%,"7,154",234
2026-09-07 17:21:06,11,연옥: 살인마들의 자치구역,2026-09-09,1.5%,"7,049","1,054"
2026-09-07 17:21:06,12,딥 워터,2026-09-09,1.3%,"5,995",126
2026-09-07 17:21:06,13,아이유 콘서트 : 더 골든 아워,재개봉일 : 2026-09-09 2023-09-13,1.2%,"5,663","87,628"
2026-09-07 17:21:06,14,오아시스: 돈 룩 백 인 앵거,2026-09-09,1.1%,"5,129",0
2026-09-07 17:21:06,15,싱 어게인,2026-09-02,1.1%,"4,995","55,931"
2026-09-07 17:21:06,16,아버지의 집밥,2026-09-09,1.0%,"4,642",231
2026-09-07 17:21:06,17,네 얼굴로는 울 수 없어,2026-09-09,0.9%,"4,376",0
2026-09-07 17:21:06,18,경주기행,2026-08-26,0.9%,"4,131","297,594"
2026-09-07 17:21:06,19,아이유 콘서트 : 더 위닝,재개봉일 : 2026-09-16 2025-01-24,0.9%,"3,961","75,872"
2026-09-07 17:21:06,20,내 이름은,2026-04-15,0.5%,"2,206","222,170"
2026-09-07 17:21:06,21,아가미,2026-09-09,0.4%,"1,953","1,923"
2026-09-07 17:21:06,22,인 더 그레이,2026-09-02,0.3%,"1,594","8,380"
2026-09-07 17:21:06,24,극장판 기븐 – 바다로,2026-08-26,0.3%,"1,445","9,351"
2026-09-07 17:21:06,25,명탐정 코난: 하이웨이의 타천사,2026-08-12,0.2%,"1,124","420,629"
2026-09-07 17:21:06,26,리틀 드래곤: 몬스터 섬의 비밀,2026-09-09,0.2%,"1,054",322
2026-09-07 17:31:41,1,오디세이,2026-08-05,43.1%,"198,996","10,027,981"
2026-09-07 17:31:41,2,암살자(들),2026-09-23,11.1%,"51,386",145
2026-09-07 17:31:41,3,인턴,2026-09-16,10.7%,"49,258","11,989"
2026-09-07 17:31:41,4,옵세션,2026-09-02,3.8%,"17,790","185,100"
2026-09-07 17:31:41,5,타짜: 벨제붑의 노래,2026-09-23,3.0%,"14,095",0
2026-09-07 17:31:41,6,호프,2026-07-15,2.9%,"13,435","4,540,980"
2026-09-07 17:31:41,7,더 드라마,2026-09-09,2.2%,"9,966","4,786"
2026-09-07 17:31:41,8,스파이더맨: 브랜드 뉴 데이,2026-07-29,1.9%,"8,665","8,792,029"
2026-09-07 17:31:41,9,비광,2026-09-02,1.7%,"7,822","71,392"
2026-09-07 17:31:41,10,이누야샤 극장판: 시대를 초월한 마음,2026-09-09,1.6%,"7,172",234
2026-09-07 17:31:41,11,연옥: 살인마들의 자치구역,2026-09-09,1.5%,"7,099","1,054"
2026-09-07 17:31:41,12,딥 워터,2026-09-09,1.3%,"5,999",126
2026-09-07 17:31:41,13,아이유 콘서트 : 더 골든 아워,재개봉일 : 2026-09-09 2023-09-13,1.2%,"5,667","87,628"
2026-09-07 17:31:41,14,오아시스: 돈 룩 백 인 앵거,2026-09-09,1.1%,"5,158",0
2026-09-07 17:31:41,15,싱 어게인,2026-09-02,1.1%,"4,955","55,931"
2026-09-07 17:31:41,16,아버지의 집밥,2026-09-09,1.0%,"4,641",231
2026-09-07 17:31:41,17,네 얼굴로는 울 수 없어,2026-09-09,0.9%,"4,389",0
2026-09-07 17:31:41,18,경주기행,2026-08-26,0.9%,"4,087","297,594"
2026-09-07 17:31:41,19,아이유 콘서트 : 더 위닝,재개봉일 : 2026-09-16 2025-01-24,0.9%,"3,962","75,872"
2026-09-07 17:31:41,20,내 이름은,2026-04-15,0.5%,"2,206","222,170"
2026-09-07 17:31:41,21,아가미,2026-09-09,0.4%,"1,967","1,923"
2026-09-07 17:31:41,22,인 더 그레이,2026-09-02,0.3%,"1,567","8,380"
2026-09-07 17:31:41,24,극장판 기븐 – 바다로,2026-08-26,0.3%,"1,462","9,351"
2026-09-07 17:31:41,25,명탐정 코난: 하이웨이의 타천사,2026-08-12,0.2%,"1,129","420,629"
2026-09-07 17:31:41,26,아비정전 4K 리마스터링,"재개봉일 : 2017-03-30, 2026-09-12 1990-12-22",0.2%,"1,091","35,616"
2026-09-07 18:46:11,1,오디세이,2026-08-05,42.9%,"197,770","10,027,977"
2026-09-07 18:46:11,2,암살자(들),2026-09-23,11.2%,"51,492",145
2026-09-07 18:46:11,3,인턴,2026-09-16,10.8%,"49,604","11,989"
2026-09-07 18:46:11,4,옵세션,2026-09-02,3.5%,"15,969","185,100"
2026-09-07 18:46:11,5,타짜: 벨제붑의 노래,2026-09-23,3.1%,"14,142",0
2026-09-07 18:46:11,6,호프,2026-07-15,2.9%,"13,582","4,540,980"
2026-09-07 18:46:11,7,더 드라마,2026-09-09,2.2%,"10,237","4,786"
2026-09-07 18:46:11,8,스파이더맨: 브랜드 뉴 데이,2026-07-29,1.9%,"8,600","8,792,029"
2026-09-07 18:46:11,9,비광,2026-09-02,1.7%,"7,693","71,392"
2026-09-07 18:46:11,10,이누야샤 극장판: 시대를 초월한 마음,2026-09-09,1.6%,"7,300",234
2026-09-07 18:46:11,11,연옥: 살인마들의 자치구역,2026-09-09,1.6%,"7,231","1,054"
2026-09-07 18:46:11,12,딥 워터,2026-09-09,1.3%,"6,008",126
2026-09-07 18:46:11,13,아이유 콘서트 : 더 골든 아워,재개봉일 : 2026-09-09 2023-09-13,1.2%,"5,680","87,628"
2026-09-07 18:46:11,14,오아시스: 돈 룩 백 인 앵거,2026-09-09,1.1%,"5,239",0
2026-09-07 18:46:11,15,싱 어게인,2026-09-02,1.0%,"4,677","55,931"
2026-09-07 18:46:11,16,아버지의 집밥,2026-09-09,1.0%,"4,651",231
2026-09-07 18:46:11,17,네 얼굴로는 울 수 없어,2026-09-09,0.9%,"4,300",0
2026-09-07 18:46:11,18,아이유 콘서트 : 더 위닝,재개봉일 : 2026-09-16 2025-01-24,0.9%,"3,971","75,872"
2026-09-07 18:46:11,19,경주기행,2026-08-26,0.8%,"3,895","297,594"
2026-09-07 18:46:11,20,내 이름은,2026-04-15,0.5%,"2,206","222,170"
2026-09-07 18:46:11,21,아가미,2026-09-09,0.4%,"2,011","1,923"
2026-09-07 18:46:11,23,인 더 그레이,2026-09-02,0.3%,"1,533","8,380"
2026-09-07 18:46:11,24,극장판 기븐 – 바다로,2026-08-26,0.3%,"1,532","9,351"
2026-09-07 18:46:11,25,아비정전 4K 리마스터링,"재개봉일 : 2017-03-30, 2026-09-12 1990-12-22",0.3%,"1,274","35,616"
2026-09-07 18:46:11,26,명탐정 코난: 하이웨이의 타천사,2026-08-12,0.3%,"1,170","420,629"
2026-09-07 19:21:07,1,오디세이,2026-08-05,43.0%,"198,283","10,027,977"
2026-09-07 19:21:07,2,암살자(들),2026-09-23,11.2%,"51,533",145
2026-09-07 19:21:07,3,인턴,2026-09-16,10.8%,"49,634","11,989"
2026-09-07 19:21:07,4,옵세션,2026-09-02,3.4%,"15,571","185,100"
2026-09-07 19:21:07,5,타짜: 벨제붑의 노래,2026-09-23,3.1%,"14,159",0
2026-09-07 19:21:07,6,호프,2026-07-15,2.9%,"13,603","4,540,980"
2026-09-07 19:21:07,7,더 드라마,2026-09-09,2.3%,"10,441","4,786"
2026-09-07 19:21:07,8,스파이더맨: 브랜드 뉴 데이,2026-07-29,1.9%,"8,625","8,792,029"
2026-09-07 19:21:07,9,비광,2026-09-02,1.7%,"7,651","71,392"
2026-09-07 19:21:07,10,이누야샤 극장판: 시대를 초월한 마음,2026-09-09,1.6%,"7,341",234
2026-09-07 19:21:07,11,연옥: 살인마들의 자치구역,2026-09-09,1.6%,"7,296","1,054"
2026-09-07 19:21:07,12,딥 워터,2026-09-09,1.3%,"6,017",126
2026-09-07 19:21:07,13,아이유 콘서트 : 더 골든 아워,재개봉일 : 2026-09-09 2023-09-13,1.2%,"5,690","87,628"
2026-09-07 19:21:07,14,오아시스: 돈 룩 백 인 앵거,2026-09-09,1.1%,"5,277",0
2026-09-07 19:21:07,15,아버지의 집밥,2026-09-09,1.0%,"4,648",231
2026-09-07 19:21:07,16,싱 어게인,2026-09-02,1.0%,"4,475","55,931"
2026-09-07 19:21:07,17,네 얼굴로는 울 수 없어,2026-09-09,0.9%,"4,314",0
2026-09-07 19:21:07,18,아이유 콘서트 : 더 위닝,재개봉일 : 2026-09-16 2025-01-24,0.9%,"3,974","75,872"
2026-09-07 19:21:07,19,경주기행,2026-08-26,0.9%,"3,922","297,594"
2026-09-07 19:21:07,20,내 이름은,2026-04-15,0.5%,"2,206","222,170"
2026-09-07 19:21:07,21,아가미,2026-09-09,0.4%,"2,025","1,923"
2026-09-07 19:21:07,23,극장판 기븐 – 바다로,2026-08-26,0.3%,"1,556","9,351"
2026-09-07 19:21:07,24,인 더 그레이,2026-09-02,0.3%,"1,473","8,380"
2026-09-07 19:21:07,25,아비정전 4K 리마스터링,"재개봉일 : 2017-03-30, 2026-09-12 1990-12-22",0.3%,"1,326","35,616"
2026-09-07 19:21:07,26,명탐정 코난: 하이웨이의 타천사,2026-08-12,0.3%,"1,192","420,629"
2026-09-07 19:31:42,1,오디세이,2026-08-05,43.1%,"198,824","10,027,977"
2026-09-07 19:31:42,2,암살자(들),2026-09-23,11.2%,"51,534",145
2026-09-07 19:31:42,3,인턴,2026-09-16,10.7%,"49,642","11,989"
2026-09-07 19:31:42,4,옵세션,2026-09-02,3.3%,"15,449","185,100"
2026-09-07 19:31:42,5,타짜: 벨제붑의 노래,2026-09-23,3.1%,"14,161",0
2026-09-07 19:31:42,6,호프,2026-07-15,2.9%,"13,587","4,540,980"
2026-09-07 19:31:42,7,더 드라마,2026-09-09,2.3%,"10,461","4,786"
2026-09-07 19:31:42,8,스파이더맨: 브랜드 뉴 데이,2026-07-29,1.9%,"8,642","8,792,029"
2026-09-07 19:31:42,9,비광,2026-09-02,1.7%,"7,641","71,392"
2026-09-07 19:31:42,10,이누야샤 극장판: 시대를 초월한 마음,2026-09-09,1.6%,"7,365",234
2026-09-07 19:31:42,11,연옥: 살인마들의 자치구역,2026-09-09,1.6%,"7,321","1,054"
2026-09-07 19:31:42,12,딥 워터,2026-09-09,1.3%,"6,019",126
2026-09-07 19:31:42,13,아이유 콘서트 : 더 골든 아워,재개봉일 : 2026-09-09 2023-09-13,1.2%,"5,703","87,628"
2026-09-07 19:31:42,14,오아시스: 돈 룩 백 인 앵거,2026-09-09,1.1%,"5,295",0
2026-09-07 19:31:42,15,아버지의 집밥,2026-09-09,1.0%,"4,647",231
2026-09-07 19:31:42,16,싱 어게인,2026-09-02,1.0%,"4,495","55,931"
2026-09-07 19:31:42,17,네 얼굴로는 울 수 없어,2026-09-09,0.9%,"4,319",0
2026-09-07 19:31:42,18,아이유 콘서트 : 더 위닝,재개봉일 : 2026-09-16 2025-01-24,0.9%,"3,978","75,872"
2026-09-07 19:31:42,19,경주기행,2026-08-26,0.8%,"3,847","297,594"
2026-09-07 19:31:42,20,내 이름은,2026-04-15,0.5%,"2,206","222,170"
2026-09-07 19:31:42,21,아가미,2026-09-09,0.4%,"2,029","1,923"
2026-09-07 19:31:42,22,극장판 기븐 – 바다로,2026-08-26,0.3%,"1,563","9,351"
2026-09-07 19:31:42,24,인 더 그레이,2026-09-02,0.3%,"1,470","8,380"
2026-09-07 19:31:42,25,아비정전 4K 리마스터링,"재개봉일 : 2017-03-30, 2026-09-12 1990-12-22",0.3%,"1,331","35,616"
2026-09-07 19:31:42,26,명탐정 코난: 하이웨이의 타천사,2026-08-12,0.3%,"1,198","420,629"
2026-09-07 20:47:49,1,오디세이,2026-08-05,43.2%,"201,259","10,027,972"
2026-09-07 20:47:49,2,암살자(들),2026-09-23,11.1%,"51,615",145
2026-09-07 20:47:49,3,인턴,2026-09-16,10.7%,"49,729","11,989"
2026-09-07 20:47:49,4,옵세션,2026-09-02,3.2%,"15,024","185,100"
2026-09-07 20:47:49,5,타짜: 벨제붑의 노래,2026-09-23,3.0%,"14,201",0
2026-09-07 20:47:49,6,호프,2026-07-15,2.9%,"13,719","4,540,980"
2026-09-07 20:47:49,7,더 드라마,2026-09-09,2.3%,"10,720","4,786"
2026-09-07 20:47:49,8,스파이더맨: 브랜드 뉴 데이,2026-07-29,1.9%,"9,008","8,792,026"
2026-09-07 20:47:49,9,비광,2026-09-02,1.6%,"7,591","71,392"
2026-09-07 20:47:49,10,이누야샤 극장판: 시대를 초월한 마음,2026-09-09,1.6%,"7,510",234
2026-09-07 20:47:49,11,연옥: 살인마들의 자치구역,2026-09-09,1.6%,"7,363","1,054"
2026-09-07 20:47:49,12,딥 워터,2026-09-09,1.3%,"6,033",126
2026-09-07 20:47:49,13,아이유 콘서트 : 더 골든 아워,재개봉일 : 2026-09-09 2023-09-13,1.2%,"5,711","87,628"
2026-09-07 20:47:49,14,오아시스: 돈 룩 백 인 앵거,2026-09-09,1.2%,"5,422",0
2026-09-07 20:47:49,15,아버지의 집밥,2026-09-09,1.0%,"4,659",231
2026-09-07 20:47:49,16,싱 어게인,2026-09-02,1.0%,"4,453","55,931"
2026-09-07 20:47:49,17,네 얼굴로는 울 수 없어,2026-09-09,0.9%,"4,361",0
2026-09-07 20:47:49,18,아이유 콘서트 : 더 위닝,재개봉일 : 2026-09-16 2025-01-24,0.9%,"3,989","75,872"
2026-09-07 20:47:49,19,경주기행,2026-08-26,0.8%,"3,762","297,594"
2026-09-07 20:47:49,20,내 이름은,2026-04-15,0.5%,"2,206","222,170"
2026-09-07 20:47:49,21,아가미,2026-09-09,0.4%,"2,065","1,923"
2026-09-07 20:47:49,22,극장판 기븐 – 바다로,2026-08-26,0.3%,"1,607","9,351"
2026-09-07 20:47:49,24,인 더 그레이,2026-09-02,0.3%,"1,450","8,380"
2026-09-07 20:47:49,25,아비정전 4K 리마스터링,"재개봉일 : 2017-03-30, 2026-09-12 1990-12-22",0.3%,"1,437","35,616"
2026-09-07 20:47:49,26,명탐정 코난: 하이웨이의 타천사,2026-08-12,0.3%,"1,259","420,629"
2026-09-07 21:21:07,1,오디세이,2026-08-05,43.3%,"202,639","10,027,972"
2026-09-07 21:21:07,2,암살자(들),2026-09-23,11.0%,"51,639",145
2026-09-07 21:21:07,3,인턴,2026-09-16,10.6%,"49,756","11,989"
2026-09-07 21:21:07,4,옵세션,2026-09-02,3.3%,"15,301","185,100"
2026-09-07 21:21:07,5,타짜: 벨제붑의 노래,2026-09-23,3.0%,"14,213",0
2026-09-07 21:21:07,6,호프,2026-07-15,2.9%,"13,779","4,540,980"
2026-09-07 21:21:07,7,더 드라마,2026-09-09,2.3%,"10,822","4,786"
2026-09-07 21:21:07,8,스파이더맨: 브랜드 뉴 데이,2026-07-29,2.0%,"9,201","8,792,026"
2026-09-07 21:21:07,9,비광,2026-09-02,1.6%,"7,595","71,392"
2026-09-07 21:21:07,10,이누야샤 극장판: 시대를 초월한 마음,2026-09-09,1.6%,"7,555",234
2026-09-07 21:21:07,11,연옥: 살인마들의 자치구역,2026-09-09,1.6%,"7,377","1,054"
2026-09-07 21:21:07,12,딥 워터,2026-09-09,1.3%,"6,042",126
2026-09-07 21:21:07,13,아이유 콘서트 : 더 골든 아워,재개봉일 : 2026-09-09 2023-09-13,1.2%,"5,730","87,628"
2026-09-07 21:21:07,14,오아시스: 돈 룩 백 인 앵거,2026-09-09,1.2%,"5,482",0
2026-09-07 21:21:07,15,아버지의 집밥,2026-09-09,1.0%,"4,658",231
2026-09-07 21:21:07,16,싱 어게인,2026-09-02,1.0%,"4,518","55,931"
2026-09-07 21:21:07,17,네 얼굴로는 울 수 없어,2026-09-09,0.9%,"4,386",0
2026-09-07 21:21:07,18,아이유 콘서트 : 더 위닝,재개봉일 : 2026-09-16 2025-01-24,0.9%,"3,998","75,872"
2026-09-07 21:21:07,19,경주기행,2026-08-26,0.8%,"3,745","297,594"
2026-09-07 21:21:07,20,내 이름은,2026-04-15,0.5%,"2,206","222,170"
2026-09-07 21:21:07,21,아가미,2026-09-09,0.4%,"2,070","1,923"
2026-09-07 21:21:07,22,극장판 기븐 – 바다로,2026-08-26,0.3%,"1,635","9,351"
2026-09-07 21:21:07,24,아비정전 4K 리마스터링,"재개봉일 : 2017-03-30, 2026-09-12 1990-12-22",0.3%,"1,468","35,616"
2026-09-07 21:21:07,25,인 더 그레이,2026-09-02,0.3%,"1,446","8,380"
2026-09-07 21:21:07,26,명탐정 코난: 하이웨이의 타천사,2026-08-12,0.3%,"1,284","420,629"
2026-09-07 21:31:43,1,오디세이,2026-08-05,43.3%,"203,318","10,027,972"
2026-09-07 21:31:43,2,암살자(들),2026-09-23,11.0%,"51,663",145
2026-09-07 21:31:43,3,인턴,2026-09-16,10.6%,"49,762","11,989"
2026-09-07 21:31:43,4,옵세션,2026-09-02,3.3%,"15,500","185,100"
2026-09-07 21:31:43,5,타짜: 벨제붑의 노래,2026-09-23,3.0%,"14,216",0
2026-09-07 21:31:43,6,호프,2026-07-15,2.9%,"13,790","4,540,980"
2026-09-07 21:31:43,7,더 드라마,2026-09-09,2.3%,"10,856","4,786"
2026-09-07 21:31:43,8,스파이더맨: 브랜드 뉴 데이,2026-07-29,2.0%,"9,265","8,792,026"
2026-09-07 21:31:43,9,비광,2026-09-02,1.6%,"7,602","71,392"
2026-09-07 21:31:43,10,이누야샤 극장판: 시대를 초월한 마음,2026-09-09,1.6%,"7,567",234
2026-09-07 21:31:43,11,연옥: 살인마들의 자치구역,2026-09-09,1.6%,"7,386","1,054"
2026-09-07 21:31:43,12,딥 워터,2026-09-09,1.3%,"6,044",126
2026-09-07 21:31:43,13,아이유 콘서트 : 더 골든 아워,재개봉일 : 2026-09-09 2023-09-13,1.2%,"5,732","87,628"
2026-09-07 21:31:43,14,오아시스: 돈 룩 백 인 앵거,2026-09-09,1.2%,"5,511",0
2026-09-07 21:31:43,15,아버지의 집밥,2026-09-09,1.0%,"4,659",231
2026-09-07 21:31:43,16,싱 어게인,2026-09-02,1.0%,"4,540","55,931"
2026-09-07 21:31:43,17,네 얼굴로는 울 수 없어,2026-09-09,0.9%,"4,391",0
2026-09-07 21:31:43,18,아이유 콘서트 : 더 위닝,재개봉일 : 2026-09-16 2025-01-24,0.9%,"3,999","75,872"
2026-09-07 21:31:43,19,경주기행,2026-08-26,0.8%,"3,773","297,594"
2026-09-07 21:31:43,20,내 이름은,2026-04-15,0.5%,"2,206","222,170"
2026-09-07 21:31:43,21,아가미,2026-09-09,0.4%,"2,072","1,923"
2026-09-07 21:31:43,22,극장판 기븐 – 바다로,2026-08-26,0.4%,"1,647","9,351"
2026-09-07 21:31:43,24,아비정전 4K 리마스터링,"재개봉일 : 2017-03-30, 2026-09-12 1990-12-22",0.3%,"1,476","35,616"
2026-09-07 21:31:43,25,인 더 그레이,2026-09-02,0.3%,"1,449","8,380"
2026-09-07 21:31:43,26,명탐정 코난: 하이웨이의 타천사,2026-08-12,0.3%,"1,291","420,629"
2026-09-07 22:21:07,1,오디세이,2026-08-05,43.4%,"206,481","10,027,972"
2026-09-07 22:21:07,2,암살자(들),2026-09-23,10.9%,"51,720",145
2026-09-07 22:21:07,3,인턴,2026-09-16,10.5%,"49,821","11,989"
2026-09-07 22:21:07,4,옵세션,2026-09-02,3.4%,"16,261","185,100"
2026-09-07 22:21:07,5,타짜: 벨제붑의 노래,2026-09-23,3.0%,"14,245",0
2026-09-07 22:21:07,6,호프,2026-07-15,2.9%,"13,888","4,540,980"
2026-09-07 22:21:07,7,더 드라마,2026-09-09,2.3%,"10,999","4,786"
2026-09-07 22:21:07,8,스파이더맨: 브랜드 뉴 데이,2026-07-29,2.0%,"9,676","8,792,026"
2026-09-07 22:21:07,9,이누야샤 극장판: 시대를 초월한 마음,2026-09-09,1.6%,"7,672",234
2026-09-07 22:21:07,10,비광,2026-09-02,1.6%,"7,628","71,392"
2026-09-07 22:21:07,11,연옥: 살인마들의 자치구역,2026-09-09,1.6%,"7,411","1,054"
2026-09-07 22:21:07,12,딥 워터,2026-09-09,1.3%,"6,058",126
2026-09-07 22:21:07,13,아이유 콘서트 : 더 골든 아워,재개봉일 : 2026-09-09 2023-09-13,1.2%,"5,753","87,628"
2026-09-07 22:21:07,14,오아시스: 돈 룩 백 인 앵거,2026-09-09,1.2%,"5,620",0
2026-09-07 22:21:07,15,아버지의 집밥,2026-09-09,1.0%,"4,659",231
2026-09-07 22:21:07,16,싱 어게인,2026-09-02,1.0%,"4,637","55,931"
2026-09-07 22:21:07,17,네 얼굴로는 울 수 없어,2026-09-09,0.9%,"4,422",0
2026-09-07 22:21:07,18,아이유 콘서트 : 더 위닝,재개봉일 : 2026-09-16 2025-01-24,0.8%,"4,009","75,872"
2026-09-07 22:21:07,19,경주기행,2026-08-26,0.8%,"3,835","297,594"
2026-09-07 22:21:07,20,내 이름은,2026-04-15,0.5%,"2,206","222,170"
2026-09-07 22:21:07,21,아가미,2026-09-09,0.4%,"2,091","1,923"
2026-09-07 22:21:07,22,극장판 기븐 – 바다로,2026-08-26,0.4%,"1,683","9,351"
2026-09-07 22:21:07,24,아비정전 4K 리마스터링,"재개봉일 : 2017-03-30, 2026-09-12 1990-12-22",0.3%,"1,529","35,616"
2026-09-07 22:21:07,25,인 더 그레이,2026-09-02,0.3%,"1,451","8,380"
2026-09-07 22:21:07,26,명탐정 코난: 하이웨이의 타천사,2026-08-12,0.3%,"1,331","420,629"
2026-09-07 22:31:42,1,오디세이,2026-08-05,43.5%,"207,163","10,027,972"
2026-09-07 22:31:42,2,암살자(들),2026-09-23,10.9%,"51,735",145
2026-09-07 22:31:42,3,인턴,2026-09-16,10.5%,"49,822","11,989"
2026-09-07 22:31:42,4,옵세션,2026-09-02,3.5%,"16,468","185,100"
2026-09-07 22:31:42,5,타짜: 벨제붑의 노래,2026-09-23,3.0%,"14,239",0
2026-09-07 22:31:42,6,호프,2026-07-15,2.9%,"13,920","4,540,980"
2026-09-07 22:31:42,7,더 드라마,2026-09-09,2.3%,"11,036","4,786"
2026-09-07 22:31:42,8,스파이더맨: 브랜드 뉴 데이,2026-07-29,2.0%,"9,758","8,792,026"
2026-09-07 22:31:42,9,이누야샤 극장판: 시대를 초월한 마음,2026-09-09,1.6%,"7,703",234
2026-09-07 22:31:42,10,비광,2026-09-02,1.6%,"7,647","71,392"
2026-09-07 22:31:42,11,연옥: 살인마들의 자치구역,2026-09-09,1.6%,"7,411","1,054"
2026-09-07 22:31:42,12,딥 워터,2026-09-09,1.3%,"6,058",126
2026-09-07 22:31:42,13,아이유 콘서트 : 더 골든 아워,재개봉일 : 2026-09-09 2023-09-13,1.2%,"5,766","87,628"
2026-09-07 22:31:42,14,오아시스: 돈 룩 백 인 앵거,2026-09-09,1.2%,"5,645",0
2026-09-07 22:31:42,15,싱 어게인,2026-09-02,1.0%,"4,665","55,931"
2026-09-07 22:31:42,16,아버지의 집밥,2026-09-09,1.0%,"4,658",231
2026-09-07 22:31:42,17,네 얼굴로는 울 수 없어,2026-09-09,0.9%,"4,424",0
2026-09-07 22:31:42,18,아이유 콘서트 : 더 위닝,재개봉일 : 2026-09-16 2025-01-24,0.8%,"4,010","75,872"
2026-09-07 22:31:42,19,경주기행,2026-08-26,0.8%,"3,853","297,594"
2026-09-07 22:31:42,20,내 이름은,2026-04-15,0.5%,"2,206","222,170"
2026-09-07 22:31:42,21,아가미,2026-09-09,0.4%,"2,094","1,923"
2026-09-07 22:31:42,22,극장판 기븐 – 바다로,2026-08-26,0.4%,"1,691","9,351"
2026-09-07 22:31:42,24,아비정전 4K 리마스터링,"재개봉일 : 2017-03-30, 2026-09-12 1990-12-22",0.3%,"1,544","35,616"
2026-09-07 22:31:42,25,인 더 그레이,2026-09-02,0.3%,"1,454","8,380"
2026-09-07 22:31:42,26,명탐정 코난: 하이웨이의 타천사,2026-08-12,0.3%,"1,339","420,629"
2026-09-07 23:21:07,1,오디세이,2026-08-05,43.4%,"209,305","10,027,972"
2026-09-07 23:21:07,2,암살자(들),2026-09-23,10.8%,"51,799",145
2026-09-07 23:21:07,3,인턴,2026-09-16,10.4%,"49,871","11,989"
2026-09-07 23:21:07,4,옵세션,2026-09-02,3.6%,"17,431","185,100"
2026-09-07 23:21:07,5,타짜: 벨제붑의 노래,2026-09-23,3.0%,"14,293",0
2026-09-07 23:21:07,6,호프,2026-07-15,2.9%,"13,991","4,540,980"
2026-09-07 23:21:07,7,더 드라마,2026-09-09,2.3%,"11,192","4,786"
2026-09-07 23:21:07,8,스파이더맨: 브랜드 뉴 데이,2026-07-29,2.1%,"10,153","8,792,026"
2026-09-07 23:21:07,9,이누야샤 극장판: 시대를 초월한 마음,2026-09-09,1.6%,"7,801",234
2026-09-07 23:21:07,10,비광,2026-09-02,1.6%,"7,665","71,392"
2026-09-07 23:21:07,11,연옥: 살인마들의 자치구역,2026-09-09,1.5%,"7,418","1,054"
2026-09-07 23:21:07,12,딥 워터,2026-09-09,1.3%,"6,065",126
2026-09-07 23:21:07,13,아이유 콘서트 : 더 골든 아워,재개봉일 : 2026-09-09 2023-09-13,1.2%,"5,805","87,628"
2026-09-07 23:21:07,14,오아시스: 돈 룩 백 인 앵거,2026-09-09,1.2%,"5,769",0
2026-09-07 23:21:07,15,싱 어게인,2026-09-02,1.0%,"4,773","55,931"
2026-09-07 23:21:07,16,아버지의 집밥,2026-09-09,1.0%,"4,664",231
2026-09-07 23:21:07,17,네 얼굴로는 울 수 없어,2026-09-09,0.9%,"4,437",0
2026-09-07 23:21:07,18,아이유 콘서트 : 더 위닝,재개봉일 : 2026-09-16 2025-01-24,0.8%,"4,019","75,872"
2026-09-07 23:21:07,19,경주기행,2026-08-26,0.8%,"3,946","297,594"
2026-09-07 23:21:07,20,내 이름은,2026-04-15,0.5%,"2,206","222,170"
2026-09-07 23:21:07,21,아가미,2026-09-09,0.4%,"2,103","1,923"
2026-09-07 23:21:07,22,극장판 기븐 – 바다로,2026-08-26,0.4%,"1,734","9,351"
2026-09-07 23:21:07,23,아비정전 4K 리마스터링,"재개봉일 : 2017-03-30, 2026-09-12 1990-12-22",0.3%,"1,577","35,616"
2026-09-07 23:21:07,25,마루 밑 아리에티,재개봉일 : 2026-08-19 2010-09-09,0.3%,"1,525","1,097,825"
2026-09-07 23:21:07,26,인 더 그레이,2026-09-02,0.3%,"1,459","8,380"
2026-09-07 23:31:43,1,오디세이,2026-08-05,43.5%,"209,764","10,027,972"
2026-09-07 23:31:43,2,암살자(들),2026-09-23,10.7%,"51,813",145
2026-09-07 23:31:43,3,인턴,2026-09-16,10.3%,"49,891","11,989"
2026-09-07 23:31:43,4,옵세션,2026-09-02,3.6%,"17,616","185,100"
2026-09-07 23:31:43,5,타짜: 벨제붑의 노래,2026-09-23,3.0%,"14,302",0
2026-09-07 23:31:43,6,호프,2026-07-15,2.9%,"13,994","4,540,980"
2026-09-07 23:31:43,7,더 드라마,2026-09-09,2.3%,"11,214","4,786"
2026-09-07 23:31:43,8,스파이더맨: 브랜드 뉴 데이,2026-07-29,2.1%,"10,199","8,792,026"
2026-09-07 23:31:43,9,이누야샤 극장판: 시대를 초월한 마음,2026-09-09,1.6%,"7,823",234
2026-09-07 23:31:43,10,비광,2026-09-02,1.6%,"7,676","71,392"
2026-09-07 23:31:43,11,연옥: 살인마들의 자치구역,2026-09-09,1.5%,"7,421","1,054"
2026-09-07 23:31:43,12,딥 워터,2026-09-09,1.3%,"6,065",126
2026-09-07 23:31:43,13,아이유 콘서트 : 더 골든 아워,재개봉일 : 2026-09-09 2023-09-13,1.2%,"5,809","87,628"
2026-09-07 23:31:43,14,오아시스: 돈 룩 백 인 앵거,2026-09-09,1.2%,"5,795",0
2026-09-07 23:31:43,15,싱 어게인,2026-09-02,1.0%,"4,807","55,931"
2026-09-07 23:31:43,16,아버지의 집밥,2026-09-09,1.0%,"4,670",231
2026-09-07 23:31:43,17,네 얼굴로는 울 수 없어,2026-09-09,0.9%,"4,445",0
2026-09-07 23:31:43,18,아이유 콘서트 : 더 위닝,재개봉일 : 2026-09-16 2025-01-24,0.8%,"4,021","75,872"
2026-09-07 23:31:43,19,경주기행,2026-08-26,0.8%,"3,957","297,594"
2026-09-07 23:31:43,20,내 이름은,2026-04-15,0.5%,"2,206","222,170"
2026-09-07 23:31:43,21,아가미,2026-09-09,0.4%,"2,110","1,923"
2026-09-07 23:31:43,22,극장판 기븐 – 바다로,2026-08-26,0.4%,"1,735","9,351"
2026-09-07 23:31:43,23,아비정전 4K 리마스터링,"재개봉일 : 2017-03-30, 2026-09-12 1990-12-22",0.3%,"1,591","35,616"
2026-09-07 23:31:43,25,마루 밑 아리에티,재개봉일 : 2026-08-19 2010-09-09,0.3%,"1,527","1,097,825"
2026-09-07 23:31:43,26,인 더 그레이,2026-09-02,0.3%,"1,462","8,380"
2026-09-08 00:21:07,1,오디세이,2026-08-05,43.5%,"211,714","10,115,364"
2026-09-08 00:21:07,2,암살자(들),2026-09-23,10.7%,"51,857",145
2026-09-08 00:21:07,3,인턴,2026-09-16,10.3%,"49,928","12,189"
2026-09-08 00:21:07,4,옵세션,2026-09-02,3.8%,"18,430","213,139"
2026-09-08 00:21:07,5,타짜: 벨제붑의 노래,2026-09-23,2.9%,"14,356",0
2026-09-08 00:21:07,6,호프,2026-07-15,2.9%,"14,050","4,541,334"
2026-09-08 00:21:07,7,더 드라마,2026-09-09,2.3%,"11,355","4,786"
2026-09-08 00:21:07,8,스파이더맨: 브랜드 뉴 데이,2026-07-29,2.2%,"10,499","8,805,886"
2026-09-08 00:21:07,9,이누야샤 극장판: 시대를 초월한 마음,2026-09-09,1.6%,"7,878",234
2026-09-08 00:21:07,10,비광,2026-09-02,1.6%,"7,682","75,870"
2026-09-08 00:21:07,11,연옥: 살인마들의 자치구역,2026-09-09,1.5%,"7,420","1,054"
2026-09-08 00:21:07,12,딥 워터,2026-09-09,1.2%,"6,076",126
2026-09-08 00:21:07,13,오아시스: 돈 룩 백 인 앵거,2026-09-09,1.2%,"5,894",192
2026-09-08 00:21:07,14,아이유 콘서트 : 더 골든 아워,재개봉일 : 2026-09-09 2023-09-13,1.2%,"5,830","87,628"
2026-09-08 00:21:07,15,싱 어게인,2026-09-02,1.0%,"4,904","61,789"
2026-09-08 00:21:07,16,아버지의 집밥,2026-09-09,1.0%,"4,672",231
2026-09-08 00:21:07,17,네 얼굴로는 울 수 없어,2026-09-09,0.9%,"4,465",168
2026-09-08 00:21:07,18,경주기행,2026-08-26,0.8%,"4,031","303,397"
2026-09-08 00:21:07,19,아이유 콘서트 : 더 위닝,재개봉일 : 2026-09-16 2025-01-24,0.8%,"4,025","75,872"
2026-09-08 00:21:07,20,내 이름은,2026-04-15,0.5%,"2,206","222,175"
2026-09-08 00:21:07,21,아가미,2026-09-09,0.4%,"2,120","1,923"
2026-09-08 00:21:07,22,극장판 기븐 – 바다로,2026-08-26,0.4%,"1,752","9,532"
2026-09-08 00:21:07,23,아비정전 4K 리마스터링,"재개봉일 : 2017-03-30, 2026-09-12 1990-12-22",0.3%,"1,632","35,616"
2026-09-08 00:21:07,25,마루 밑 아리에티,재개봉일 : 2026-08-19 2010-09-09,0.3%,"1,548","1,098,006"
2026-09-08 00:21:07,26,인 더 그레이,2026-09-02,0.3%,"1,467","9,201"
2026-09-08 00:31:44,1,오디세이,2026-08-05,43.5%,"212,043","10,115,366"
2026-09-08 00:31:44,2,암살자(들),2026-09-23,10.6%,"51,858",145
2026-09-08 00:31:44,3,인턴,2026-09-16,10.2%,"49,934","12,189"
2026-09-08 00:31:44,4,옵세션,2026-09-02,3.8%,"18,584","213,153"
2026-09-08 00:31:44,5,타짜: 벨제붑의 노래,2026-09-23,2.9%,"14,364",0
2026-09-08 00:31:44,6,호프,2026-07-15,2.9%,"14,055","4,541,334"
2026-09-08 00:31:44,7,더 드라마,2026-09-09,2.3%,"11,382","4,786"
2026-09-08 00:31:44,8,스파이더맨: 브랜드 뉴 데이,2026-07-29,2.2%,"10,551","8,805,886"
2026-09-08 00:31:44,9,이누야샤 극장판: 시대를 초월한 마음,2026-09-09,1.6%,"7,890",234
2026-09-08 00:31:44,10,비광,2026-09-02,1.6%,"7,684","75,870"
2026-09-08 00:31:44,11,연옥: 살인마들의 자치구역,2026-09-09,1.5%,"7,419","1,054"
2026-09-08 00:31:44,12,딥 워터,2026-09-09,1.2%,"6,077",126
2026-09-08 00:31:44,13,오아시스: 돈 룩 백 인 앵거,2026-09-09,1.2%,"5,913",192
2026-09-08 00:31:44,14,아이유 콘서트 : 더 골든 아워,재개봉일 : 2026-09-09 2023-09-13,1.2%,"5,826","87,628"
2026-09-08 00:31:44,15,싱 어게인,2026-09-02,1.0%,"4,923","61,789"
2026-09-08 00:31:44,16,아버지의 집밥,2026-09-09,1.0%,"4,672",231
2026-09-08 00:31:44,17,네 얼굴로는 울 수 없어,2026-09-09,0.9%,"4,474",168
2026-09-08 00:31:44,18,경주기행,2026-08-26,0.8%,"4,043","303,397"
2026-09-08 00:31:44,19,아이유 콘서트 : 더 위닝,재개봉일 : 2026-09-16 2025-01-24,0.8%,"4,026","75,872"
2026-09-08 00:31:44,20,내 이름은,2026-04-15,0.5%,"2,206","222,175"
2026-09-08 00:31:44,21,아가미,2026-09-09,0.4%,"2,118","1,923"
2026-09-08 00:31:44,22,극장판 기븐 – 바다로,2026-08-26,0.4%,"1,756","9,532"
2026-09-08 00:31:44,23,아비정전 4K 리마스터링,"재개봉일 : 2017-03-30, 2026-09-12 1990-12-22",0.3%,"1,631","35,616"
2026-09-08 00:31:44,25,마루 밑 아리에티,재개봉일 : 2026-08-19 2010-09-09,0.3%,"1,550","1,098,006"
2026-09-08 00:31:44,26,인 더 그레이,2026-09-02,0.3%,"1,468","9,201"
2026-09-08 01:21:07,1,오디세이,2026-08-05,43.5%,"213,173","10,115,352"
2026-09-08 01:21:07,2,암살자(들),2026-09-23,10.6%,"51,897",145
2026-09-08 01:21:07,3,인턴,2026-09-16,10.2%,"49,970","12,189"
2026-09-08 01:21:07,4,옵세션,2026-09-02,3.9%,"19,163","213,171"
2026-09-08 01:21:07,5,타짜: 벨제붑의 노래,2026-09-23,2.9%,"14,389",0
2026-09-08 01:21:07,6,호프,2026-07-15,2.9%,"14,083","4,541,334"
2026-09-08 01:21:07,7,더 드라마,2026-09-09,2.3%,"11,478","4,786"
2026-09-08 01:21:07,8,스파이더맨: 브랜드 뉴 데이,2026-07-29,2.2%,"10,740","8,805,893"
2026-09-08 01:21:07,9,이누야샤 극장판: 시대를 초월한 마음,2026-09-09,1.6%,"7,946",234
2026-09-08 01:21:07,10,비광,2026-09-02,1.6%,"7,702","75,870"
2026-09-08 01:21:07,11,연옥: 살인마들의 자치구역,2026-09-09,1.5%,"7,421","1,054"
2026-09-08 01:21:07,12,딥 워터,2026-09-09,1.2%,"6,083",126
2026-09-08 01:21:07,13,오아시스: 돈 룩 백 인 앵거,2026-09-09,1.2%,"5,976",192
2026-09-08 01:21:07,14,아이유 콘서트 : 더 골든 아워,재개봉일 : 2026-09-09 2023-09-13,1.2%,"5,836","87,628"
2026-09-08 01:21:07,15,싱 어게인,2026-09-02,1.0%,"4,987","61,789"
2026-09-08 01:21:07,16,아버지의 집밥,2026-09-09,1.0%,"4,675",231
2026-09-08 01:21:07,17,네 얼굴로는 울 수 없어,2026-09-09,0.9%,"4,483",168
2026-09-08 01:21:07,18,경주기행,2026-08-26,0.8%,"4,076","303,397"
2026-09-08 01:21:07,19,아이유 콘서트 : 더 위닝,재개봉일 : 2026-09-16 2025-01-24,0.8%,"4,036","75,872"
2026-09-08 01:21:07,20,내 이름은,2026-04-15,0.4%,"2,206","222,175"
2026-09-08 01:21:07,21,아가미,2026-09-09,0.4%,"2,124","1,923"
2026-09-08 01:21:07,22,극장판 기븐 – 바다로,2026-08-26,0.4%,"1,762","9,532"
2026-09-08 01:21:07,23,아비정전 4K 리마스터링,"재개봉일 : 2017-03-30, 2026-09-12 1990-12-22",0.3%,"1,657","35,616"
2026-09-08 01:21:07,24,마루 밑 아리에티,재개봉일 : 2026-08-19 2010-09-09,0.3%,"1,559","1,098,006"
2026-09-08 01:21:07,26,인 더 그레이,2026-09-02,0.3%,"1,472","9,201"
2026-09-08 01:31:42,1,오디세이,2026-08-05,43.5%,"213,334","10,115,352"
2026-09-08 01:31:42,2,암살자(들),2026-09-23,10.6%,"51,902",145
2026-09-08 01:31:42,3,인턴,2026-09-16,10.2%,"49,972","12,189"
2026-09-08 01:31:42,4,옵세션,2026-09-02,3.9%,"19,255","213,171"
2026-09-08 01:31:42,5,타짜: 벨제붑의 노래,2026-09-23,2.9%,"14,397",0
2026-09-08 01:31:42,6,호프,2026-07-15,2.9%,"14,097","4,541,334"
2026-09-08 01:31:42,7,더 드라마,2026-09-09,2.3%,"11,504","4,786"
2026-09-08 01:31:42,8,스파이더맨: 브랜드 뉴 데이,2026-07-29,2.2%,"10,769","8,805,893"
2026-09-08 01:31:42,9,이누야샤 극장판: 시대를 초월한 마음,2026-09-09,1.6%,"7,959",234
2026-09-08 01:31:42,10,비광,2026-09-02,1.6%,"7,706","75,870"
2026-09-08 01:31:42,11,연옥: 살인마들의 자치구역,2026-09-09,1.5%,"7,422","1,054"
2026-09-08 01:31:42,12,딥 워터,2026-09-09,1.2%,"6,086",126
2026-09-08 01:31:42,13,오아시스: 돈 룩 백 인 앵거,2026-09-09,1.2%,"5,986",192
2026-09-08 01:31:42,14,아이유 콘서트 : 더 골든 아워,재개봉일 : 2026-09-09 2023-09-13,1.2%,"5,837","87,628"
2026-09-08 01:31:42,15,싱 어게인,2026-09-02,1.0%,"4,991","61,789"
2026-09-08 01:31:42,16,아버지의 집밥,2026-09-09,1.0%,"4,675",231
2026-09-08 01:31:42,17,네 얼굴로는 울 수 없어,2026-09-09,0.9%,"4,499",168
2026-09-08 01:31:42,18,경주기행,2026-08-26,0.8%,"4,081","303,397"
2026-09-08 01:31:42,19,아이유 콘서트 : 더 위닝,재개봉일 : 2026-09-16 2025-01-24,0.8%,"4,036","75,872"
2026-09-08 01:31:42,20,내 이름은,2026-04-15,0.4%,"2,206","222,175"
2026-09-08 01:31:42,21,아가미,2026-09-09,0.4%,"2,124","1,923"
2026-09-08 01:31:42,22,극장판 기븐 – 바다로,2026-08-26,0.4%,"1,765","9,532"
2026-09-08 01:31:42,23,아비정전 4K 리마스터링,"재개봉일 : 2017-03-30, 2026-09-12 1990-12-22",0.3%,"1,659","35,616"
2026-09-08 01:31:42,25,마루 밑 아리에티,재개봉일 : 2026-08-19 2010-09-09,0.3%,"1,557","1,098,006"
2026-09-08 01:31:42,26,인 더 그레이,2026-09-02,0.3%,"1,472","9,201"
2026-09-08 02:21:07,1,오디세이,2026-08-05,43.4%,"213,769","10,115,352"
2026-09-08 02:21:07,2,암살자(들),2026-09-23,10.5%,"51,911",145
2026-09-08 02:21:07,3,인턴,2026-09-16,10.2%,"49,981","12,189"
2026-09-08 02:21:07,4,옵세션,2026-09-02,4.0%,"19,614","213,171"
2026-09-08 02:21:07,5,타짜: 벨제붑의 노래,2026-09-23,2.9%,"14,425",0
2026-09-08 02:21:07,6,호프,2026-07-15,2.9%,"14,138","4,541,334"
2026-09-08 02:21:07,7,더 드라마,2026-09-09,2.3%,"11,546","4,786"
2026-09-08 02:21:07,8,스파이더맨: 브랜드 뉴 데이,2026-07-29,2.2%,"10,868","8,805,893"
2026-09-08 02:21:07,9,이누야샤 극장판: 시대를 초월한 마음,2026-09-09,1.6%,"7,996",234
2026-09-08 02:21:07,10,비광,2026-09-02,1.6%,"7,709","75,870"
2026-09-08 02:21:07,11,연옥: 살인마들의 자치구역,2026-09-09,1.5%,"7,418","1,054"
2026-09-08 02:21:07,12,딥 워터,2026-09-09,1.2%,"6,087",126
2026-09-08 02:21:07,13,오아시스: 돈 룩 백 인 앵거,2026-09-09,1.2%,"6,021",192
2026-09-08 02:21:07,14,아이유 콘서트 : 더 골든 아워,재개봉일 : 2026-09-09 2023-09-13,1.2%,"5,857","87,628"
2026-09-08 02:21:07,15,싱 어게인,2026-09-02,1.0%,"5,023","61,789"
2026-09-08 02:21:07,16,아버지의 집밥,2026-09-09,0.9%,"4,675",231
2026-09-08 02:21:07,17,네 얼굴로는 울 수 없어,2026-09-09,0.9%,"4,511",168
2026-09-08 02:21:07,18,경주기행,2026-08-26,0.8%,"4,098","303,397"
2026-09-08 02:21:07,19,아이유 콘서트 : 더 위닝,재개봉일 : 2026-09-16 2025-01-24,0.8%,"4,045","75,872"
2026-09-08 02:21:07,20,내 이름은,2026-04-15,0.4%,"2,206","222,175"
2026-09-08 02:21:07,21,아가미,2026-09-09,0.4%,"2,136","1,923"
2026-09-08 02:21:07,22,극장판 기븐 – 바다로,2026-08-26,0.4%,"1,778","9,532"
2026-09-08 02:21:07,23,아비정전 4K 리마스터링,"재개봉일 : 2017-03-30, 2026-09-12 1990-12-22",0.3%,"1,672","35,616"
2026-09-08 02:21:07,24,마루 밑 아리에티,재개봉일 : 2026-08-19 2010-09-09,0.3%,"1,562","1,098,006"
2026-09-08 02:21:07,26,명탐정 코난: 하이웨이의 타천사,2026-08-12,0.3%,"1,489","421,534"
2026-09-08 02:31:41,1,오디세이,2026-08-05,43.4%,"213,850","10,115,352"
2026-09-08 02:31:41,2,암살자(들),2026-09-23,10.5%,"51,913",145
2026-09-08 02:31:41,3,인턴,2026-09-16,10.2%,"49,994","12,189"
2026-09-08 02:31:41,4,옵세션,2026-09-02,4.0%,"19,653","213,171"
2026-09-08 02:31:41,5,타짜: 벨제붑의 노래,2026-09-23,2.9%,"14,426",0
2026-09-08 02:31:41,6,호프,2026-07-15,2.9%,"14,141","4,541,334"
2026-09-08 02:31:41,7,더 드라마,2026-09-09,2.3%,"11,561","4,786"
2026-09-08 02:31:41,8,스파이더맨: 브랜드 뉴 데이,2026-07-29,2.2%,"10,890","8,805,893"
2026-09-08 02:31:41,9,이누야샤 극장판: 시대를 초월한 마음,2026-09-09,1.6%,"8,002",234
2026-09-08 02:31:41,10,비광,2026-09-02,1.6%,"7,711","75,870"
2026-09-08 02:31:41,11,연옥: 살인마들의 자치구역,2026-09-09,1.5%,"7,419","1,054"
2026-09-08 02:31:41,12,딥 워터,2026-09-09,1.2%,"6,087",126
2026-09-08 02:31:41,13,오아시스: 돈 룩 백 인 앵거,2026-09-09,1.2%,"6,032",192
2026-09-08 02:31:41,14,아이유 콘서트 : 더 골든 아워,재개봉일 : 2026-09-09 2023-09-13,1.2%,"5,855","87,628"
2026-09-08 02:31:41,15,싱 어게인,2026-09-02,1.0%,"5,028","61,789"
2026-09-08 02:31:41,16,아버지의 집밥,2026-09-09,0.9%,"4,677",231
2026-09-08 02:31:41,17,네 얼굴로는 울 수 없어,2026-09-09,0.9%,"4,513",168
2026-09-08 02:31:41,18,경주기행,2026-08-26,0.8%,"4,105","303,397"
2026-09-08 02:31:41,19,아이유 콘서트 : 더 위닝,재개봉일 : 2026-09-16 2025-01-24,0.8%,"4,047","75,872"
2026-09-08 02:31:41,20,내 이름은,2026-04-15,0.4%,"2,206","222,175"
2026-09-08 02:31:41,21,아가미,2026-09-09,0.4%,"2,136","1,923"
2026-09-08 02:31:41,22,극장판 기븐 – 바다로,2026-08-26,0.4%,"1,786","9,532"
2026-09-08 02:31:41,23,아비정전 4K 리마스터링,"재개봉일 : 2017-03-30, 2026-09-12 1990-12-22",0.3%,"1,673","35,616"
2026-09-08 02:31:41,24,마루 밑 아리에티,재개봉일 : 2026-08-19 2010-09-09,0.3%,"1,561","1,098,006"
2026-09-08 02:31:41,26,명탐정 코난: 하이웨이의 타천사,2026-08-12,0.3%,"1,495","421,534"
2026-09-08 03:21:07,1,오디세이,2026-08-05,43.4%,"214,073","10,115,352"
2026-09-08 03:21:07,2,암살자(들),2026-09-23,10.5%,"51,916",145
2026-09-08 03:21:07,3,인턴,2026-09-16,10.1%,"50,000","12,189"
2026-09-08 03:21:07,4,옵세션,2026-09-02,4.0%,"19,792","213,171"
2026-09-08 03:21:07,5,타짜: 벨제붑의 노래,2026-09-23,2.9%,"14,440",0
2026-09-08 03:21:07,6,호프,2026-07-15,2.9%,"14,143","4,541,334"
2026-09-08 03:21:07,7,더 드라마,2026-09-09,2.3%,"11,576","4,786"
2026-09-08 03:21:07,8,스파이더맨: 브랜드 뉴 데이,2026-07-29,2.2%,"10,952","8,805,893"
2026-09-08 03:21:07,9,이누야샤 극장판: 시대를 초월한 마음,2026-09-09,1.6%,"8,016",234
2026-09-08 03:21:07,10,비광,2026-09-02,1.6%,"7,715","75,870"
2026-09-08 03:21:07,11,연옥: 살인마들의 자치구역,2026-09-09,1.5%,"7,414","1,054"
2026-09-08 03:21:07,12,딥 워터,2026-09-09,1.2%,"6,082",126
2026-09-08 03:21:07,13,오아시스: 돈 룩 백 인 앵거,2026-09-09,1.2%,"6,048",192
2026-09-08 03:21:07,14,아이유 콘서트 : 더 골든 아워,재개봉일 : 2026-09-09 2023-09-13,1.2%,"5,860","87,628"
2026-09-08 03:21:07,15,싱 어게인,2026-09-02,1.0%,"5,045","61,789"
2026-09-08 03:21:07,16,아버지의 집밥,2026-09-09,0.9%,"4,671",231
2026-09-08 03:21:07,17,네 얼굴로는 울 수 없어,2026-09-09,0.9%,"4,516",168
2026-09-08 03:21:07,18,경주기행,2026-08-26,0.8%,"4,112","303,397"
2026-09-08 03:21:07,19,아이유 콘서트 : 더 위닝,재개봉일 : 2026-09-16 2025-01-24,0.8%,"4,046","75,872"
2026-09-08 03:21:07,20,내 이름은,2026-04-15,0.4%,"2,206","222,175"
2026-09-08 03:21:07,21,아가미,2026-09-09,0.4%,"2,145","1,923"
2026-09-08 03:21:07,22,극장판 기븐 – 바다로,2026-08-26,0.4%,"1,789","9,532"
2026-09-08 03:21:07,23,아비정전 4K 리마스터링,"재개봉일 : 2017-03-30, 2026-09-12 1990-12-22",0.3%,"1,691","35,616"
2026-09-08 03:21:07,24,마루 밑 아리에티,재개봉일 : 2026-08-19 2010-09-09,0.3%,"1,564","1,098,006"
2026-09-08 03:21:07,26,명탐정 코난: 하이웨이의 타천사,2026-08-12,0.3%,"1,506","421,534"
2026-09-08 03:31:44,1,오디세이,2026-08-05,43.4%,"214,124","10,115,352"
2026-09-08 03:31:44,2,암살자(들),2026-09-23,10.5%,"51,916",145
2026-09-08 03:31:44,3,인턴,2026-09-16,10.1%,"50,001","12,189"
2026-09-08 03:31:44,4,옵세션,2026-09-02,4.0%,"19,815","213,171"
2026-09-08 03:31:44,5,타짜: 벨제붑의 노래,2026-09-23,2.9%,"14,447",0
2026-09-08 03:31:44,6,호프,2026-07-15,2.9%,"14,147","4,541,334"
2026-09-08 03:31:44,7,더 드라마,2026-09-09,2.3%,"11,576","4,786"
2026-09-08 03:31:44,8,스파이더맨: 브랜드 뉴 데이,2026-07-29,2.2%,"10,948","8,805,893"
2026-09-08 03:31:44,9,이누야샤 극장판: 시대를 초월한 마음,2026-09-09,1.6%,"8,024",234
2026-09-08 03:31:44,10,비광,2026-09-02,1.6%,"7,718","75,870"
2026-09-08 03:31:44,11,연옥: 살인마들의 자치구역,2026-09-09,1.5%,"7,414","1,054"
2026-09-08 03:31:44,12,딥 워터,2026-09-09,1.2%,"6,081",126
2026-09-08 03:31:44,13,오아시스: 돈 룩 백 인 앵거,2026-09-09,1.2%,"6,049",192
2026-09-08 03:31:44,14,아이유 콘서트 : 더 골든 아워,재개봉일 : 2026-09-09 2023-09-13,1.2%,"5,861","87,628"
2026-09-08 03:31:44,15,싱 어게인,2026-09-02,1.0%,"5,052","61,789"
2026-09-08 03:31:44,16,아버지의 집밥,2026-09-09,0.9%,"4,670",231
2026-09-08 03:31:44,17,네 얼굴로는 울 수 없어,2026-09-09,0.9%,"4,519",168
2026-09-08 03:31:44,18,경주기행,2026-08-26,0.8%,"4,115","303,397"
2026-09-08 03:31:44,19,아이유 콘서트 : 더 위닝,재개봉일 : 2026-09-16 2025-01-24,0.8%,"4,046","75,872"
2026-09-08 03:31:44,20,내 이름은,2026-04-15,0.4%,"2,206","222,175"
2026-09-08 03:31:44,21,아가미,2026-09-09,0.4%,"2,145","1,923"
2026-09-08 03:31:44,22,극장판 기븐 – 바다로,2026-08-26,0.4%,"1,789","9,532"
2026-09-08 03:31:44,23,아비정전 4K 리마스터링,"재개봉일 : 2017-03-30, 2026-09-12 1990-12-22",0.3%,"1,691","35,616"
2026-09-08 03:31:44,24,마루 밑 아리에티,재개봉일 : 2026-08-19 2010-09-09,0.3%,"1,563","1,098,006"
2026-09-08 03:31:44,26,명탐정 코난: 하이웨이의 타천사,2026-08-12,0.3%,"1,506","421,534"
2026-09-08 04:21:07,1,오디세이,2026-08-05,43.4%,"214,243","10,115,352"
2026-09-08 04:21:07,2,암살자(들),2026-09-23,10.5%,"51,921",145
2026-09-08 04:21:07,3,인턴,2026-09-16,10.1%,"50,003","12,189"
2026-09-08 04:21:07,4,옵세션,2026-09-02,4.0%,"19,872","213,171"
2026-09-08 04:21:07,5,타짜: 벨제붑의 노래,2026-09-23,2.9%,"14,459",0
2026-09-08 04:21:07,6,호프,2026-07-15,2.9%,"14,150","4,541,334"
2026-09-08 04:21:07,7,더 드라마,2026-09-09,2.4%,"11,602","4,786"
2026-09-08 04:21:07,8,스파이더맨: 브랜드 뉴 데이,2026-07-29,2.2%,"10,980","8,805,893"
2026-09-08 04:21:07,9,이누야샤 극장판: 시대를 초월한 마음,2026-09-09,1.6%,"8,039",234
2026-09-08 04:21:07,10,비광,2026-09-02,1.6%,"7,717","75,870"
2026-09-08 04:21:07,11,연옥: 살인마들의 자치구역,2026-09-09,1.5%,"7,419","1,054"
2026-09-08 04:21:07,12,딥 워터,2026-09-09,1.2%,"6,082",126
2026-09-08 04:21:07,13,오아시스: 돈 룩 백 인 앵거,2026-09-09,1.2%,"6,046",192
2026-09-08 04:21:07,14,아이유 콘서트 : 더 골든 아워,재개봉일 : 2026-09-09 2023-09-13,1.2%,"5,861","87,628"
2026-09-08 04:21:07,15,싱 어게인,2026-09-02,1.0%,"5,059","61,789"
2026-09-08 04:21:07,16,아버지의 집밥,2026-09-09,0.9%,"4,669",231
2026-09-08 04:21:07,17,네 얼굴로는 울 수 없어,2026-09-09,0.9%,"4,520",168
2026-09-08 04:21:07,18,경주기행,2026-08-26,0.8%,"4,122","303,397"
2026-09-08 04:21:07,19,아이유 콘서트 : 더 위닝,재개봉일 : 2026-09-16 2025-01-24,0.8%,"4,044","75,872"
2026-09-08 04:21:07,20,내 이름은,2026-04-15,0.4%,"2,206","222,175"
2026-09-08 04:21:07,21,아가미,2026-09-09,0.4%,"2,146","1,923"
2026-09-08 04:21:07,22,극장판 기븐 – 바다로,2026-08-26,0.4%,"1,792","9,532"
2026-09-08 04:21:07,23,아비정전 4K 리마스터링,"재개봉일 : 2017-03-30, 2026-09-12 1990-12-22",0.3%,"1,694","35,616"
2026-09-08 04:21:07,24,마루 밑 아리에티,재개봉일 : 2026-08-19 2010-09-09,0.3%,"1,567","1,098,006"
2026-09-08 04:21:07,26,명탐정 코난: 하이웨이의 타천사,2026-08-12,0.3%,"1,510","421,534"
2026-09-08 04:31:42,1,오디세이,2026-08-05,43.4%,"214,245","10,115,352"
2026-09-08 04:31:42,2,암살자(들),2026-09-23,10.5%,"51,921",145
2026-09-08 04:31:42,3,인턴,2026-09-16,10.1%,"50,004","12,189"
2026-09-08 04:31:42,4,옵세션,2026-09-02,4.0%,"19,877","213,171"
2026-09-08 04:31:42,5,타짜: 벨제붑의 노래,2026-09-23,2.9%,"14,463",0
2026-09-08 04:31:42,6,호프,2026-07-15,2.9%,"14,150","4,541,334"
2026-09-08 04:31:42,7,더 드라마,2026-09-09,2.4%,"11,604","4,786"
2026-09-08 04:31:42,8,스파이더맨: 브랜드 뉴 데이,2026-07-29,2.2%,"10,987","8,805,893"
2026-09-08 04:31:42,9,이누야샤 극장판: 시대를 초월한 마음,2026-09-09,1.6%,"8,040",234
2026-09-08 04:31:42,10,비광,2026-09-02,1.6%,"7,717","75,870"
2026-09-08 04:31:42,11,연옥: 살인마들의 자치구역,2026-09-09,1.5%,"7,419","1,054"
2026-09-08 04:31:42,12,딥 워터,2026-09-09,1.2%,"6,082",126
2026-09-08 04:31:42,13,오아시스: 돈 룩 백 인 앵거,2026-09-09,1.2%,"6,048",192
2026-09-08 04:31:42,14,아이유 콘서트 : 더 골든 아워,재개봉일 : 2026-09-09 2023-09-13,1.2%,"5,862","87,628"
2026-09-08 04:31:42,15,싱 어게인,2026-09-02,1.0%,"5,059","61,789"
2026-09-08 04:31:42,16,아버지의 집밥,2026-09-09,0.9%,"4,669",231
2026-09-08 04:31:42,17,네 얼굴로는 울 수 없어,2026-09-09,0.9%,"4,521",168
2026-09-08 04:31:42,18,경주기행,2026-08-26,0.8%,"4,125","303,397"
2026-09-08 04:31:42,19,아이유 콘서트 : 더 위닝,재개봉일 : 2026-09-16 2025-01-24,0.8%,"4,044","75,872"
2026-09-08 04:31:42,20,내 이름은,2026-04-15,0.4%,"2,206","222,175"
2026-09-08 04:31:42,21,아가미,2026-09-09,0.4%,"2,154","1,923"
2026-09-08 04:31:42,22,극장판 기븐 – 바다로,2026-08-26,0.4%,"1,794","9,532"
2026-09-08 04:31:42,23,아비정전 4K 리마스터링,"재개봉일 : 2017-03-30, 2026-09-12 1990-12-22",0.3%,"1,694","35,616"
2026-09-08 04:31:42,24,마루 밑 아리에티,재개봉일 : 2026-08-19 2010-09-09,0.3%,"1,568","1,098,006"
2026-09-08 04:31:42,26,명탐정 코난: 하이웨이의 타천사,2026-08-12,0.3%,"1,510","421,534"
2026-09-08 05:21:07,1,오디세이,2026-08-05,43.4%,"214,153","10,115,354"
2026-09-08 05:21:07,2,암살자(들),2026-09-23,10.5%,"51,926",145
2026-09-08 05:21:07,3,인턴,2026-09-16,10.1%,"50,009","12,189"
2026-09-08 05:21:07,4,옵세션,2026-09-02,4.0%,"19,906","213,171"
2026-09-08 05:21:07,5,타짜: 벨제붑의 노래,2026-09-23,2.9%,"14,473",0
2026-09-08 05:21:07,6,호프,2026-07-15,2.9%,"14,146","4,541,334"
2026-09-08 05:21:07,7,더 드라마,2026-09-09,2.4%,"11,611","4,786"
2026-09-08 05:21:07,8,스파이더맨: 브랜드 뉴 데이,2026-07-29,2.2%,"11,020","8,805,893"
2026-09-08 05:21:07,9,이누야샤 극장판: 시대를 초월한 마음,2026-09-09,1.6%,"8,050",234
2026-09-08 05:21:07,10,비광,2026-09-02,1.6%,"7,714","75,870"
2026-09-08 05:21:07,11,연옥: 살인마들의 자치구역,2026-09-09,1.5%,"7,421","1,054"
2026-09-08 05:21:07,12,딥 워터,2026-09-09,1.2%,"6,083",126
2026-09-08 05:21:07,13,오아시스: 돈 룩 백 인 앵거,2026-09-09,1.2%,"6,049",192
2026-09-08 05:21:07,14,아이유 콘서트 : 더 골든 아워,재개봉일 : 2026-09-09 2023-09-13,1.2%,"5,863","87,628"
2026-09-08 05:21:07,15,싱 어게인,2026-09-02,1.0%,"5,059","61,789"
2026-09-08 05:21:07,16,아버지의 집밥,2026-09-09,0.9%,"4,669",231
2026-09-08 05:21:07,17,네 얼굴로는 울 수 없어,2026-09-09,0.9%,"4,523",168
2026-09-08 05:21:07,18,경주기행,2026-08-26,0.8%,"4,132","303,399"
2026-09-08 05:21:07,19,아이유 콘서트 : 더 위닝,재개봉일 : 2026-09-16 2025-01-24,0.8%,"4,045","75,872"
2026-09-08 05:21:07,20,내 이름은,2026-04-15,0.4%,"2,206","222,175"
2026-09-08 05:21:07,21,아가미,2026-09-09,0.4%,"2,155","1,923"
2026-09-08 05:21:07,22,극장판 기븐 – 바다로,2026-08-26,0.4%,"1,797","9,532"
2026-09-08 05:21:07,23,아비정전 4K 리마스터링,"재개봉일 : 2017-03-30, 2026-09-12 1990-12-22",0.3%,"1,694","35,616"
2026-09-08 05:21:07,24,마루 밑 아리에티,재개봉일 : 2026-08-19 2010-09-09,0.3%,"1,587","1,098,006"
2026-09-08 05:21:07,26,명탐정 코난: 하이웨이의 타천사,2026-08-12,0.3%,"1,503","421,534"
2026-09-08 05:31:38,1,오디세이,2026-08-05,43.4%,"214,162","10,115,354"
2026-09-08 05:31:38,2,암살자(들),2026-09-23,10.5%,"51,929",145
2026-09-08 05:31:38,3,인턴,2026-09-16,10.1%,"50,010","12,189"
2026-09-08 05:31:38,4,옵세션,2026-09-02,4.0%,"19,908","213,171"
2026-09-08 05:31:38,5,타짜: 벨제붑의 노래,2026-09-23,2.9%,"14,473",0
2026-09-08 05:31:38,6,호프,2026-07-15,2.9%,"14,146","4,541,334"
2026-09-08 05:31:38,7,더 드라마,2026-09-09,2.4%,"11,612","4,786"
2026-09-08 05:31:38,8,스파이더맨: 브랜드 뉴 데이,2026-07-29,2.2%,"11,031","8,805,893"
2026-09-08 05:31:38,9,이누야샤 극장판: 시대를 초월한 마음,2026-09-09,1.6%,"8,052",234
2026-09-08 05:31:38,10,비광,2026-09-02,1.6%,"7,713","75,870"
2026-09-08 05:31:38,11,연옥: 살인마들의 자치구역,2026-09-09,1.5%,"7,422","1,054"
2026-09-08 05:31:38,12,딥 워터,2026-09-09,1.2%,"6,083",126
2026-09-08 05:31:38,13,오아시스: 돈 룩 백 인 앵거,2026-09-09,1.2%,"6,050",192
2026-09-08 05:31:38,14,아이유 콘서트 : 더 골든 아워,재개봉일 : 2026-09-09 2023-09-13,1.2%,"5,865","87,628"
2026-09-08 05:31:38,15,싱 어게인,2026-09-02,1.0%,"5,056","61,789"
2026-09-08 05:31:38,16,아버지의 집밥,2026-09-09,0.9%,"4,669",231
2026-09-08 05:31:38,17,네 얼굴로는 울 수 없어,2026-09-09,0.9%,"4,523",168
2026-09-08 05:31:38,18,경주기행,2026-08-26,0.8%,"4,131","303,399"
2026-09-08 05:31:38,19,아이유 콘서트 : 더 위닝,재개봉일 : 2026-09-16 2025-01-24,0.8%,"4,045","75,872"
2026-09-08 05:31:38,20,내 이름은,2026-04-15,0.4%,"2,206","222,175"
2026-09-08 05:31:38,21,아가미,2026-09-09,0.4%,"2,154","1,923"
2026-09-08 05:31:38,22,극장판 기븐 – 바다로,2026-08-26,0.4%,"1,798","9,532"
2026-09-08 05:31:38,23,아비정전 4K 리마스터링,"재개봉일 : 2017-03-30, 2026-09-12 1990-12-22",0.3%,"1,693","35,616"
2026-09-08 05:31:38,24,마루 밑 아리에티,재개봉일 : 2026-08-19 2010-09-09,0.3%,"1,595","1,098,006"
2026-09-08 05:31:38,26,명탐정 코난: 하이웨이의 타천사,2026-08-12,0.3%,"1,505","421,534"
2026-09-08 06:21:07,1,오디세이,2026-08-05,43.3%,"213,379","10,115,354"
2026-09-08 06:21:07,2,암살자(들),2026-09-23,10.5%,"51,943",145
2026-09-08 06:21:07,3,인턴,2026-09-16,10.1%,"50,010","12,189"
2026-09-08 06:21:07,4,옵세션,2026-09-02,4.0%,"19,938","213,171"
2026-09-08 06:21:07,5,타짜: 벨제붑의 노래,2026-09-23,2.9%,"14,480",0
2026-09-08 06:21:07,6,호프,2026-07-15,2.9%,"14,151","4,541,334"
2026-09-08 06:21:07,7,더 드라마,2026-09-09,2.4%,"11,617","4,786"
2026-09-08 06:21:07,8,스파이더맨: 브랜드 뉴 데이,2026-07-29,2.2%,"10,980","8,805,893"
2026-09-08 06:21:07,9,이누야샤 극장판: 시대를 초월한 마음,2026-09-09,1.6%,"8,053",234
2026-09-08 06:21:07,10,비광,2026-09-02,1.6%,"7,715","75,870"
2026-09-08 06:21:07,11,연옥: 살인마들의 자치구역,2026-09-09,1.5%,"7,425","1,054"
2026-09-08 06:21:07,12,딥 워터,2026-09-09,1.2%,"6,082",126
2026-09-08 06:21:07,13,오아시스: 돈 룩 백 인 앵거,2026-09-09,1.2%,"6,057",192
2026-09-08 06:21:07,14,아이유 콘서트 : 더 골든 아워,재개봉일 : 2026-09-09 2023-09-13,1.2%,"5,867","87,628"
2026-09-08 06:21:07,15,싱 어게인,2026-09-02,1.0%,"5,053","61,789"
2026-09-08 06:21:07,16,아버지의 집밥,2026-09-09,0.9%,"4,669",231
2026-09-08 06:21:07,17,네 얼굴로는 울 수 없어,2026-09-09,0.9%,"4,526",168
2026-09-08 06:21:07,18,경주기행,2026-08-26,0.8%,"4,133","303,399"
2026-09-08 06:21:07,19,아이유 콘서트 : 더 위닝,재개봉일 : 2026-09-16 2025-01-24,0.8%,"4,046","75,872"
2026-09-08 06:21:07,20,내 이름은,2026-04-15,0.4%,"2,206","222,175"
2026-09-08 06:21:07,21,아가미,2026-09-09,0.4%,"2,163","1,923"
2026-09-08 06:21:07,22,극장판 기븐 – 바다로,2026-08-26,0.4%,"1,798","9,532"
2026-09-08 06:21:07,23,아비정전 4K 리마스터링,"재개봉일 : 2017-03-30, 2026-09-12 1990-12-22",0.3%,"1,698","35,616"
2026-09-08 06:21:07,24,마루 밑 아리에티,재개봉일 : 2026-08-19 2010-09-09,0.3%,"1,596","1,098,006"
2026-09-08 06:21:07,26,명탐정 코난: 하이웨이의 타천사,2026-08-12,0.3%,"1,508","421,534"
2026-09-08 06:31:39,1,오디세이,2026-08-05,43.3%,"213,407","10,115,354"
2026-09-08 06:31:39,2,암살자(들),2026-09-23,10.5%,"51,945",145
2026-09-08 06:31:39,3,인턴,2026-09-16,10.1%,"50,015","12,189"
2026-09-08 06:31:39,4,옵세션,2026-09-02,4.0%,"19,942","213,171"
2026-09-08 06:31:39,5,타짜: 벨제붑의 노래,2026-09-23,2.9%,"14,479",0
2026-09-08 06:31:39,6,호프,2026-07-15,2.9%,"14,155","4,541,334"
2026-09-08 06:31:39,7,더 드라마,2026-09-09,2.4%,"11,616","4,786"
2026-09-08 06:31:39,8,스파이더맨: 브랜드 뉴 데이,2026-07-29,2.2%,"10,986","8,805,893"
2026-09-08 06:31:39,9,이누야샤 극장판: 시대를 초월한 마음,2026-09-09,1.6%,"8,057",234
2026-09-08 06:31:39,10,비광,2026-09-02,1.6%,"7,712","75,870"
2026-09-08 06:31:39,11,연옥: 살인마들의 자치구역,2026-09-09,1.5%,"7,426","1,054"
2026-09-08 06:31:39,12,딥 워터,2026-09-09,1.2%,"6,082",126
2026-09-08 06:31:39,13,오아시스: 돈 룩 백 인 앵거,2026-09-09,1.2%,"6,057",192
2026-09-08 06:31:39,14,아이유 콘서트 : 더 골든 아워,재개봉일 : 2026-09-09 2023-09-13,1.2%,"5,865","87,628"
2026-09-08 06:31:39,15,싱 어게인,2026-09-02,1.0%,"5,055","61,789"
2026-09-08 06:31:39,16,아버지의 집밥,2026-09-09,0.9%,"4,669",231
2026-09-08 06:31:39,17,네 얼굴로는 울 수 없어,2026-09-09,0.9%,"4,526",168
2026-09-08 06:31:39,18,경주기행,2026-08-26,0.8%,"4,137","303,399"
2026-09-08 06:31:39,19,아이유 콘서트 : 더 위닝,재개봉일 : 2026-09-16 2025-01-24,0.8%,"4,046","75,872"
2026-09-08 06:31:39,20,내 이름은,2026-04-15,0.4%,"2,206","222,175"
2026-09-08 06:31:39,21,아가미,2026-09-09,0.4%,"2,162","1,923"
2026-09-08 06:31:39,22,극장판 기븐 – 바다로,2026-08-26,0.4%,"1,797","9,532"
2026-09-08 06:31:39,23,아비정전 4K 리마스터링,"재개봉일 : 2017-03-30, 2026-09-12 1990-12-22",0.3%,"1,698","35,616"
2026-09-08 06:31:39,24,마루 밑 아리에티,재개봉일 : 2026-08-19 2010-09-09,0.3%,"1,595","1,098,006"
2026-09-08 06:31:39,26,명탐정 코난: 하이웨이의 타천사,2026-08-12,0.3%,"1,508","421,534"
2026-09-08 07:21:08,1,오디세이,2026-08-05,43.1%,"212,011","10,115,354"
2026-09-08 07:21:08,2,암살자(들),2026-09-23,10.6%,"51,964",145
2026-09-08 07:21:08,3,인턴,2026-09-16,10.2%,"50,056","12,189"
2026-09-08 07:21:08,4,옵세션,2026-09-02,4.1%,"19,983","213,171"
2026-09-08 07:21:08,5,타짜: 벨제붑의 노래,2026-09-23,2.9%,"14,504",0
2026-09-08 07:21:08,6,호프,2026-07-15,2.9%,"14,178","4,541,334"
2026-09-08 07:21:08,7,더 드라마,2026-09-09,2.4%,"11,660","4,786"
2026-09-08 07:21:08,8,스파이더맨: 브랜드 뉴 데이,2026-07-29,2.2%,"10,990","8,805,893"
2026-09-08 07:21:08,9,이누야샤 극장판: 시대를 초월한 마음,2026-09-09,1.6%,"8,059",234
2026-09-08 07:21:08,10,비광,2026-09-02,1.6%,"7,686","75,870"
2026-09-08 07:21:08,11,연옥: 살인마들의 자치구역,2026-09-09,1.5%,"7,424","1,054"
2026-09-08 07:21:08,12,딥 워터,2026-09-09,1.2%,"6,089",126
2026-09-08 07:21:08,13,오아시스: 돈 룩 백 인 앵거,2026-09-09,1.2%,"6,073",192
2026-09-08 07:21:08,14,아이유 콘서트 : 더 골든 아워,재개봉일 : 2026-09-09 2023-09-13,1.2%,"5,868","87,628"
2026-09-08 07:21:08,15,싱 어게인,2026-09-02,1.0%,"5,057","61,789"
2026-09-08 07:21:08,16,아버지의 집밥,2026-09-09,1.0%,"4,672",231
2026-09-08 07:21:08,17,네 얼굴로는 울 수 없어,2026-09-09,0.9%,"4,527",168
2026-09-08 07:21:08,18,경주기행,2026-08-26,0.8%,"4,152","303,399"
2026-09-08 07:21:08,19,아이유 콘서트 : 더 위닝,재개봉일 : 2026-09-16 2025-01-24,0.8%,"4,045","75,872"
2026-09-08 07:21:08,20,내 이름은,2026-04-15,0.4%,"2,206","222,175"
2026-09-08 07:21:08,21,아가미,2026-09-09,0.4%,"2,172","1,923"
2026-09-08 07:21:08,22,극장판 기븐 – 바다로,2026-08-26,0.4%,"1,802","9,532"
2026-09-08 07:21:08,23,아비정전 4K 리마스터링,"재개봉일 : 2017-03-30, 2026-09-12 1990-12-22",0.3%,"1,709","35,616"
2026-09-08 07:21:08,24,마루 밑 아리에티,재개봉일 : 2026-08-19 2010-09-09,0.3%,"1,594","1,098,006"
2026-09-08 07:21:08,26,명탐정 코난: 하이웨이의 타천사,2026-08-12,0.3%,"1,507","421,534"
2026-09-08 07:31:44,1,오디세이,2026-08-05,43.1%,"212,045","10,115,354"
2026-09-08 07:31:44,2,암살자(들),2026-09-23,10.6%,"51,963",145
2026-09-08 07:31:44,3,인턴,2026-09-16,10.2%,"50,055","12,189"
2026-09-08 07:31:44,4,옵세션,2026-09-02,4.1%,"19,965","213,171"
2026-09-08 07:31:44,5,타짜: 벨제붑의 노래,2026-09-23,3.0%,"14,507",0
2026-09-08 07:31:44,6,호프,2026-07-15,2.9%,"14,183","4,541,334"
2026-09-08 07:31:44,7,더 드라마,2026-09-09,2.4%,"11,672","4,786"
2026-09-08 07:31:44,8,스파이더맨: 브랜드 뉴 데이,2026-07-29,2.2%,"10,965","8,805,893"
2026-09-08 07:31:44,9,이누야샤 극장판: 시대를 초월한 마음,2026-09-09,1.6%,"8,064",234
2026-09-08 07:31:44,10,비광,2026-09-02,1.6%,"7,675","75,870"
2026-09-08 07:31:44,11,연옥: 살인마들의 자치구역,2026-09-09,1.5%,"7,424","1,054"
2026-09-08 07:31:44,12,딥 워터,2026-09-09,1.2%,"6,089",126
2026-09-08 07:31:44,13,오아시스: 돈 룩 백 인 앵거,2026-09-09,1.2%,"6,077",192
2026-09-08 07:31:44,14,아이유 콘서트 : 더 골든 아워,재개봉일 : 2026-09-09 2023-09-13,1.2%,"5,869","87,628"
2026-09-08 07:31:44,15,싱 어게인,2026-09-02,1.0%,"5,033","61,789"
2026-09-08 07:31:44,16,아버지의 집밥,2026-09-09,1.0%,"4,672",231
2026-09-08 07:31:44,17,네 얼굴로는 울 수 없어,2026-09-09,0.9%,"4,527",168
2026-09-08 07:31:44,18,경주기행,2026-08-26,0.8%,"4,158","303,399"
2026-09-08 07:31:44,19,아이유 콘서트 : 더 위닝,재개봉일 : 2026-09-16 2025-01-24,0.8%,"4,044","75,872"
2026-09-08 07:31:44,20,내 이름은,2026-04-15,0.4%,"2,206","222,175"
2026-09-08 07:31:44,21,아가미,2026-09-09,0.4%,"2,172","1,923"
2026-09-08 07:31:44,22,극장판 기븐 – 바다로,2026-08-26,0.4%,"1,803","9,532"
2026-09-08 07:31:44,23,아비정전 4K 리마스터링,"재개봉일 : 2017-03-30, 2026-09-12 1990-12-22",0.3%,"1,709","35,616"
2026-09-08 07:31:44,24,마루 밑 아리에티,재개봉일 : 2026-08-19 2010-09-09,0.3%,"1,594","1,098,006"
2026-09-08 07:31:44,26,명탐정 코난: 하이웨이의 타천사,2026-08-12,0.3%,"1,506","421,534"
2026-09-08 08:21:07,1,오디세이,2026-08-05,42.8%,"208,633","10,115,354"
2026-09-08 08:21:07,2,암살자(들),2026-09-23,10.7%,"51,994",145
2026-09-08 08:21:07,3,인턴,2026-09-16,10.3%,"50,078","12,189"
2026-09-08 08:21:07,4,옵세션,2026-09-02,4.1%,"20,066","213,172"
2026-09-08 08:21:07,5,타짜: 벨제붑의 노래,2026-09-23,3.0%,"14,523",0
2026-09-08 08:21:07,6,호프,2026-07-15,2.9%,"14,181","4,541,334"
2026-09-08 08:21:07,7,더 드라마,2026-09-09,2.4%,"11,730","4,786"
2026-09-08 08:21:07,8,스파이더맨: 브랜드 뉴 데이,2026-07-29,2.2%,"10,610","8,805,891"
2026-09-08 08:21:07,9,이누야샤 극장판: 시대를 초월한 마음,2026-09-09,1.7%,"8,092",234
2026-09-08 08:21:07,10,비광,2026-09-02,1.6%,"7,574","75,869"
2026-09-08 08:21:07,11,연옥: 살인마들의 자치구역,2026-09-09,1.5%,"7,426","1,054"
2026-09-08 08:21:07,12,오아시스: 돈 룩 백 인 앵거,2026-09-09,1.3%,"6,120",192
2026-09-08 08:21:07,13,딥 워터,2026-09-09,1.2%,"6,081",126
2026-09-08 08:21:07,14,아이유 콘서트 : 더 골든 아워,재개봉일 : 2026-09-09 2023-09-13,1.2%,"5,882","87,628"
2026-09-08 08:21:07,15,싱 어게인,2026-09-02,1.0%,"4,978","61,791"
2026-09-08 08:21:07,16,아버지의 집밥,2026-09-09,1.0%,"4,675",231
2026-09-08 08:21:07,17,네 얼굴로는 울 수 없어,2026-09-09,0.9%,"4,531",168
2026-09-08 08:21:07,18,아이유 콘서트 : 더 위닝,재개봉일 : 2026-09-16 2025-01-24,0.8%,"4,050","75,872"
2026-09-08 08:21:07,19,경주기행,2026-08-26,0.8%,"4,039","303,399"
2026-09-08 08:21:07,20,내 이름은,2026-04-15,0.5%,"2,206","222,175"
2026-09-08 08:21:07,21,아가미,2026-09-09,0.4%,"2,176","1,923"
2026-09-08 08:21:07,22,극장판 기븐 – 바다로,2026-08-26,0.4%,"1,801","9,532"
2026-09-08 08:21:07,23,아비정전 4K 리마스터링,"재개봉일 : 2017-03-30, 2026-09-12 1990-12-22",0.4%,"1,726","35,616"
2026-09-08 08:21:07,24,마루 밑 아리에티,재개봉일 : 2026-08-19 2010-09-09,0.3%,"1,581","1,098,006"
2026-09-08 08:21:07,26,명탐정 코난: 하이웨이의 타천사,2026-08-12,0.3%,"1,493","421,534"
2026-09-08 08:31:39,1,오디세이,2026-08-05,42.8%,"208,569","10,115,354"
2026-09-08 08:31:39,2,암살자(들),2026-09-23,10.7%,"51,995",145
2026-09-08 08:31:39,3,인턴,2026-09-16,10.3%,"50,086","12,189"
2026-09-08 08:31:39,4,옵세션,2026-09-02,4.1%,"20,110","213,172"
2026-09-08 08:31:39,5,타짜: 벨제붑의 노래,2026-09-23,3.0%,"14,521",0
2026-09-08 08:31:39,6,호프,2026-07-15,2.9%,"14,185","4,541,334"
2026-09-08 08:31:39,7,더 드라마,2026-09-09,2.4%,"11,744","4,786"
2026-09-08 08:31:39,8,스파이더맨: 브랜드 뉴 데이,2026-07-29,2.2%,"10,519","8,805,891"
2026-09-08 08:31:39,9,이누야샤 극장판: 시대를 초월한 마음,2026-09-09,1.7%,"8,098",234
2026-09-08 08:31:39,10,비광,2026-09-02,1.5%,"7,558","75,869"
2026-09-08 08:31:39,11,연옥: 살인마들의 자치구역,2026-09-09,1.5%,"7,429","1,054"
2026-09-08 08:31:39,12,오아시스: 돈 룩 백 인 앵거,2026-09-09,1.3%,"6,123",192
2026-09-08 08:31:39,13,딥 워터,2026-09-09,1.2%,"6,083",126
2026-09-08 08:31:39,14,아이유 콘서트 : 더 골든 아워,재개봉일 : 2026-09-09 2023-09-13,1.2%,"5,894","87,628"
2026-09-08 08:31:39,15,싱 어게인,2026-09-02,1.0%,"4,968","61,791"
2026-09-08 08:31:39,16,아버지의 집밥,2026-09-09,1.0%,"4,675",231
2026-09-08 08:31:39,17,네 얼굴로는 울 수 없어,2026-09-09,0.9%,"4,532",168
2026-09-08 08:31:39,18,아이유 콘서트 : 더 위닝,재개봉일 : 2026-09-16 2025-01-24,0.8%,"4,051","75,872"
2026-09-08 08:31:39,19,경주기행,2026-08-26,0.8%,"4,015","303,399"
2026-09-08 08:31:39,20,내 이름은,2026-04-15,0.5%,"2,206","222,175"
2026-09-08 08:31:39,21,아가미,2026-09-09,0.4%,"2,176","1,923"
2026-09-08 08:31:39,22,극장판 기븐 – 바다로,2026-08-26,0.4%,"1,804","9,532"
2026-09-08 08:31:39,23,아비정전 4K 리마스터링,"재개봉일 : 2017-03-30, 2026-09-12 1990-12-22",0.4%,"1,732","35,616"
2026-09-08 08:31:39,24,마루 밑 아리에티,재개봉일 : 2026-08-19 2010-09-09,0.3%,"1,579","1,098,006"
2026-09-08 08:31:39,26,명탐정 코난: 하이웨이의 타천사,2026-08-12,0.3%,"1,490","421,534"
2026-09-08 09:21:08,1,오디세이,2026-08-05,42.4%,"206,040","10,115,354"
2026-09-08 09:21:08,2,암살자(들),2026-09-23,10.7%,"52,069",145
2026-09-08 09:21:08,3,인턴,2026-09-16,10.3%,"50,117","12,189"
2026-09-08 09:21:08,4,옵세션,2026-09-02,4.2%,"20,252","213,172"
2026-09-08 09:21:08,5,타짜: 벨제붑의 노래,2026-09-23,3.0%,"14,576",0
2026-09-08 09:21:08,6,호프,2026-07-15,2.9%,"14,210","4,541,334"
2026-09-08 09:21:08,7,더 드라마,2026-09-09,2.4%,"11,851","4,786"
2026-09-08 09:21:08,8,스파이더맨: 브랜드 뉴 데이,2026-07-29,2.1%,"10,317","8,805,891"
2026-09-08 09:21:08,9,이누야샤 극장판: 시대를 초월한 마음,2026-09-09,1.7%,"8,146",234
2026-09-08 09:21:08,10,비광,2026-09-02,1.5%,"7,475","75,869"
2026-09-08 09:21:08,11,연옥: 살인마들의 자치구역,2026-09-09,1.5%,"7,436","1,054"
2026-09-08 09:21:08,12,오아시스: 돈 룩 백 인 앵거,2026-09-09,1.3%,"6,188",192
2026-09-08 09:21:08,13,딥 워터,2026-09-09,1.3%,"6,101",126
2026-09-08 09:21:08,14,아이유 콘서트 : 더 골든 아워,재개봉일 : 2026-09-09 2023-09-13,1.2%,"5,919","87,628"
2026-09-08 09:21:08,15,싱 어게인,2026-09-02,1.0%,"4,911","61,791"
2026-09-08 09:21:08,16,아버지의 집밥,2026-09-09,1.0%,"4,686",231
2026-09-08 09:21:08,17,네 얼굴로는 울 수 없어,2026-09-09,0.9%,"4,534",168
2026-09-08 09:21:08,18,아이유 콘서트 : 더 위닝,재개봉일 : 2026-09-16 2025-01-24,0.8%,"4,057","75,872"
2026-09-08 09:21:08,19,경주기행,2026-08-26,0.8%,"3,940","303,399"
2026-09-08 09:21:08,20,내 이름은,2026-04-15,0.5%,"2,206","222,175"
2026-09-08 09:21:08,21,아가미,2026-09-09,0.5%,"2,191","1,923"
2026-09-08 09:21:08,22,극장판 기븐 – 바다로,2026-08-26,0.4%,"1,792","9,532"
2026-09-08 09:21:08,23,아비정전 4K 리마스터링,"재개봉일 : 2017-03-30, 2026-09-12 1990-12-22",0.4%,"1,755","35,616"
2026-09-08 09:21:08,25,마루 밑 아리에티,재개봉일 : 2026-08-19 2010-09-09,0.3%,"1,526","1,098,006"
2026-09-08 09:21:08,26,명탐정 코난: 하이웨이의 타천사,2026-08-12,0.3%,"1,490","421,534"
2026-09-08 09:31:42,1,오디세이,2026-08-05,42.4%,"206,334","10,115,354"
2026-09-08 09:31:42,2,암살자(들),2026-09-23,10.7%,"52,072",145
2026-09-08 09:31:42,3,인턴,2026-09-16,10.3%,"50,134","12,189"
2026-09-08 09:31:42,4,옵세션,2026-09-02,4.2%,"20,334","213,172"
2026-09-08 09:31:42,5,타짜: 벨제붑의 노래,2026-09-23,3.0%,"14,608",0
2026-09-08 09:31:42,6,호프,2026-07-15,2.9%,"14,211","4,541,334"
2026-09-08 09:31:42,7,더 드라마,2026-09-09,2.4%,"11,888","4,786"
2026-09-08 09:31:42,8,스파이더맨: 브랜드 뉴 데이,2026-07-29,2.1%,"10,349","8,805,891"
2026-09-08 09:31:42,9,이누야샤 극장판: 시대를 초월한 마음,2026-09-09,1.7%,"8,154",234
2026-09-08 09:31:42,10,비광,2026-09-02,1.5%,"7,444","75,869"
2026-09-08 09:31:42,11,연옥: 살인마들의 자치구역,2026-09-09,1.5%,"7,438","1,054"
2026-09-08 09:31:42,12,오아시스: 돈 룩 백 인 앵거,2026-09-09,1.3%,"6,206",192
2026-09-08 09:31:42,13,딥 워터,2026-09-09,1.3%,"6,104",126
2026-09-08 09:31:42,14,아이유 콘서트 : 더 골든 아워,재개봉일 : 2026-09-09 2023-09-13,1.2%,"5,920","87,628"
2026-09-08 09:31:42,15,싱 어게인,2026-09-02,1.0%,"4,900","61,791"
2026-09-08 09:31:42,16,아버지의 집밥,2026-09-09,1.0%,"4,690",231
2026-09-08 09:31:42,17,네 얼굴로는 울 수 없어,2026-09-09,0.9%,"4,535",168
2026-09-08 09:31:42,18,아이유 콘서트 : 더 위닝,재개봉일 : 2026-09-16 2025-01-24,0.8%,"4,057","75,872"
2026-09-08 09:31:42,19,경주기행,2026-08-26,0.8%,"3,943","303,399"
2026-09-08 09:31:42,20,내 이름은,2026-04-15,0.5%,"2,206","222,175"
2026-09-08 09:31:42,21,아가미,2026-09-09,0.5%,"2,192","1,923"
2026-09-08 09:31:42,22,극장판 기븐 – 바다로,2026-08-26,0.4%,"1,790","9,532"
2026-09-08 09:31:42,23,아비정전 4K 리마스터링,"재개봉일 : 2017-03-30, 2026-09-12 1990-12-22",0.4%,"1,761","35,616"
2026-09-08 09:31:42,25,마루 밑 아리에티,재개봉일 : 2026-08-19 2010-09-09,0.3%,"1,520","1,098,006"
2026-09-08 09:31:42,26,명탐정 코난: 하이웨이의 타천사,2026-08-12,0.3%,"1,495","421,534"
2026-09-08 10:21:07,1,오디세이,2026-08-05,42.3%,"207,298","10,115,354"
2026-09-08 10:21:07,2,암살자(들),2026-09-23,10.6%,"52,142",145
2026-09-08 10:21:07,3,인턴,2026-09-16,10.3%,"50,365","12,189"
2026-09-08 10:21:07,4,옵세션,2026-09-02,4.2%,"20,724","213,172"
2026-09-08 10:21:07,5,타짜: 벨제붑의 노래,2026-09-23,3.3%,"16,195",0
2026-09-08 10:21:07,6,호프,2026-07-15,2.9%,"14,251","4,541,334"
2026-09-08 10:21:07,7,더 드라마,2026-09-09,2.4%,"11,971","4,786"
2026-09-08 10:21:07,8,스파이더맨: 브랜드 뉴 데이,2026-07-29,2.1%,"10,469","8,805,891"
2026-09-08 10:21:07,9,이누야샤 극장판: 시대를 초월한 마음,2026-09-09,1.7%,"8,182",234
2026-09-08 10:21:07,10,연옥: 살인마들의 자치구역,2026-09-09,1.5%,"7,435","1,054"
2026-09-08 10:21:07,11,비광,2026-09-02,1.5%,"7,284","75,869"
2026-09-08 10:21:07,12,오아시스: 돈 룩 백 인 앵거,2026-09-09,1.3%,"6,270",192
2026-09-08 10:21:07,13,딥 워터,2026-09-09,1.2%,"6,116",126
2026-09-08 10:21:07,14,아이유 콘서트 : 더 골든 아워,재개봉일 : 2026-09-09 2023-09-13,1.2%,"5,929","87,628"
2026-09-08 10:21:07,15,싱 어게인,2026-09-02,1.0%,"4,841","61,791"
2026-09-08 10:21:07,16,아버지의 집밥,2026-09-09,1.0%,"4,701",231
2026-09-08 10:21:07,17,네 얼굴로는 울 수 없어,2026-09-09,0.9%,"4,556",168
2026-09-08 10:21:07,18,아이유 콘서트 : 더 위닝,재개봉일 : 2026-09-16 2025-01-24,0.8%,"4,062","75,872"
2026-09-08 10:21:07,19,경주기행,2026-08-26,0.8%,"3,891","303,399"
2026-09-08 10:21:07,20,아가미,2026-09-09,0.5%,"2,225","1,923"
2026-09-08 10:21:07,21,내 이름은,2026-04-15,0.5%,"2,206","222,175"
2026-09-08 10:21:07,22,아비정전 4K 리마스터링,"재개봉일 : 2017-03-30, 2026-09-12 1990-12-22",0.4%,"1,791","35,616"
2026-09-08 10:21:07,23,극장판 기븐 – 바다로,2026-08-26,0.4%,"1,782","9,532"
2026-09-08 10:21:07,24,마루 밑 아리에티,재개봉일 : 2026-08-19 2010-09-09,0.3%,"1,575","1,098,006"
2026-09-08 10:21:07,26,명탐정 코난: 하이웨이의 타천사,2026-08-12,0.3%,"1,475","421,534"
2026-09-08 10:31:42,1,오디세이,2026-08-05,42.2%,"206,339","10,115,354"
2026-09-08 10:31:42,2,암살자(들),2026-09-23,10.7%,"52,159",145
2026-09-08 10:31:42,3,인턴,2026-09-16,10.3%,"50,370","12,189"
2026-09-08 10:31:42,4,옵세션,2026-09-02,4.3%,"20,831","213,172"
2026-09-08 10:31:42,5,타짜: 벨제붑의 노래,2026-09-23,3.3%,"16,352",0
2026-09-08 10:31:42,6,호프,2026-07-15,2.9%,"14,270","4,541,334"
2026-09-08 10:31:42,7,더 드라마,2026-09-09,2.4%,"11,986","4,786"
2026-09-08 10:31:42,8,스파이더맨: 브랜드 뉴 데이,2026-07-29,2.1%,"10,474","8,805,891"
2026-09-08 10:31:42,9,이누야샤 극장판: 시대를 초월한 마음,2026-09-09,1.7%,"8,187",234
2026-09-08 10:31:42,10,연옥: 살인마들의 자치구역,2026-09-09,1.5%,"7,429","1,054"
2026-09-08 10:31:42,11,비광,2026-09-02,1.5%,"7,235","75,869"
2026-09-08 10:31:42,12,오아시스: 돈 룩 백 인 앵거,2026-09-09,1.3%,"6,289",192
2026-09-08 10:31:42,13,딥 워터,2026-09-09,1.3%,"6,117",126
2026-09-08 10:31:42,14,아이유 콘서트 : 더 골든 아워,재개봉일 : 2026-09-09 2023-09-13,1.2%,"5,936","87,628"
2026-09-08 10:31:42,15,싱 어게인,2026-09-02,1.0%,"4,844","61,791"
2026-09-08 10:31:42,16,아버지의 집밥,2026-09-09,1.0%,"4,705",231
2026-09-08 10:31:42,17,네 얼굴로는 울 수 없어,2026-09-09,0.9%,"4,569",168
2026-09-08 10:31:42,18,아이유 콘서트 : 더 위닝,재개봉일 : 2026-09-16 2025-01-24,0.8%,"4,062","75,872"
2026-09-08 10:31:42,19,경주기행,2026-08-26,0.8%,"3,886","303,399"
2026-09-08 10:31:42,20,아가미,2026-09-09,0.5%,"2,229","1,923"
2026-09-08 10:31:42,21,내 이름은,2026-04-15,0.5%,"2,206","222,175"
2026-09-08 10:31:42,22,아비정전 4K 리마스터링,"재개봉일 : 2017-03-30, 2026-09-12 1990-12-22",0.4%,"1,795","35,616"
2026-09-08 10:31:42,23,극장판 기븐 – 바다로,2026-08-26,0.4%,"1,783","9,532"
2026-09-08 10:31:42,24,마루 밑 아리에티,재개봉일 : 2026-08-19 2010-09-09,0.3%,"1,580","1,098,006"
2026-09-08 10:31:42,26,명탐정 코난: 하이웨이의 타천사,2026-08-12,0.3%,"1,472","421,534"
2026-09-08 11:21:07,1,오디세이,2026-08-05,42.0%,"206,168","10,115,354"
2026-09-08 11:21:07,2,암살자(들),2026-09-23,10.6%,"52,214",145
2026-09-08 11:21:07,3,인턴,2026-09-16,10.3%,"50,433","12,189"
2026-09-08 11:21:07,4,옵세션,2026-09-02,4.3%,"21,199","213,172"
2026-09-08 11:21:07,5,타짜: 벨제붑의 노래,2026-09-23,3.4%,"16,757",0
2026-09-08 11:21:07,6,호프,2026-07-15,2.9%,"14,302","4,541,334"
2026-09-08 11:21:07,7,더 드라마,2026-09-09,2.5%,"12,103","4,786"
2026-09-08 11:21:07,8,스파이더맨: 브랜드 뉴 데이,2026-07-29,2.1%,"10,280","8,805,891"
2026-09-08 11:21:07,9,이누야샤 극장판: 시대를 초월한 마음,2026-09-09,1.7%,"8,257",234
2026-09-08 11:21:07,10,연옥: 살인마들의 자치구역,2026-09-09,1.5%,"7,452","1,054"
2026-09-08 11:21:07,11,비광,2026-09-02,1.4%,"7,045","75,869"
2026-09-08 11:21:07,12,오아시스: 돈 룩 백 인 앵거,2026-09-09,1.3%,"6,336",192
2026-09-08 11:21:07,13,딥 워터,2026-09-09,1.3%,"6,142",126
2026-09-08 11:21:07,14,아이유 콘서트 : 더 골든 아워,재개봉일 : 2026-09-09 2023-09-13,1.2%,"5,945","87,628"
2026-09-08 11:21:07,15,싱 어게인,2026-09-02,1.0%,"4,768","61,791"
2026-09-08 11:21:07,16,아버지의 집밥,2026-09-09,1.0%,"4,712",231
2026-09-08 11:21:07,17,네 얼굴로는 울 수 없어,2026-09-09,0.9%,"4,589",168
2026-09-08 11:21:07,18,아이유 콘서트 : 더 위닝,재개봉일 : 2026-09-16 2025-01-24,0.8%,"4,072","75,872"
2026-09-08 11:21:07,19,경주기행,2026-08-26,0.8%,"3,866","303,399"
2026-09-08 11:21:07,20,아가미,2026-09-09,0.5%,"2,270","1,923"
2026-09-08 11:21:07,21,내 이름은,2026-04-15,0.4%,"2,206","222,175"
2026-09-08 11:21:07,22,아비정전 4K 리마스터링,"재개봉일 : 2017-03-30, 2026-09-12 1990-12-22",0.4%,"1,833","35,616"
2026-09-08 11:21:07,23,극장판 기븐 – 바다로,2026-08-26,0.4%,"1,777","9,532"
2026-09-08 11:21:07,24,마루 밑 아리에티,재개봉일 : 2026-08-19 2010-09-09,0.3%,"1,668","1,098,006"
2026-09-08 11:21:07,25,부활남: 더 레드,2026-09-30,0.3%,"1,592",0
2026-09-08 11:31:42,1,오디세이,2026-08-05,41.9%,"205,823","10,115,354"
2026-09-08 11:31:42,2,암살자(들),2026-09-23,10.6%,"52,229",145
2026-09-08 11:31:42,3,인턴,2026-09-16,10.3%,"50,436","12,189"
2026-09-08 11:31:42,4,옵세션,2026-09-02,4.3%,"21,288","213,172"
2026-09-08 11:31:42,5,타짜: 벨제붑의 노래,2026-09-23,3.4%,"16,823",0
2026-09-08 11:31:42,6,호프,2026-07-15,2.9%,"14,307","4,541,334"
2026-09-08 11:31:42,7,더 드라마,2026-09-09,2.5%,"12,135","4,786"
2026-09-08 11:31:42,8,스파이더맨: 브랜드 뉴 데이,2026-07-29,2.1%,"10,258","8,805,891"
2026-09-08 11:31:42,9,이누야샤 극장판: 시대를 초월한 마음,2026-09-09,1.7%,"8,261",234
2026-09-08 11:31:42,10,연옥: 살인마들의 자치구역,2026-09-09,1.5%,"7,456","1,054"
2026-09-08 11:31:42,11,비광,2026-09-02,1.4%,"6,984","75,869"
2026-09-08 11:31:42,12,오아시스: 돈 룩 백 인 앵거,2026-09-09,1.3%,"6,350",192
2026-09-08 11:31:42,13,딥 워터,2026-09-09,1.3%,"6,146",126
2026-09-08 11:31:42,14,아이유 콘서트 : 더 골든 아워,재개봉일 : 2026-09-09 2023-09-13,1.2%,"5,947","87,628"
2026-09-08 11:31:42,15,싱 어게인,2026-09-02,1.0%,"4,728","61,791"
2026-09-08 11:31:42,16,아버지의 집밥,2026-09-09,1.0%,"4,712",231
2026-09-08 11:31:42,17,네 얼굴로는 울 수 없어,2026-09-09,0.9%,"4,615",168
2026-09-08 11:31:42,18,아이유 콘서트 : 더 위닝,재개봉일 : 2026-09-16 2025-01-24,0.8%,"4,069","75,872"
2026-09-08 11:31:42,19,경주기행,2026-08-26,0.8%,"3,881","303,399"
2026-09-08 11:31:42,20,아가미,2026-09-09,0.5%,"2,276","1,923"
2026-09-08 11:31:42,21,내 이름은,2026-04-15,0.4%,"2,206","222,175"
2026-09-08 11:31:42,22,부활남: 더 레드,2026-09-30,0.4%,"1,871",0
2026-09-08 11:31:42,23,아비정전 4K 리마스터링,"재개봉일 : 2017-03-30, 2026-09-12 1990-12-22",0.4%,"1,846","35,616"
2026-09-08 11:31:42,24,극장판 기븐 – 바다로,2026-08-26,0.4%,"1,781","9,532"
2026-09-08 11:31:42,25,마루 밑 아리에티,재개봉일 : 2026-08-19 2010-09-09,0.3%,"1,669","1,098,006"
2026-09-08 12:21:06,1,오디세이,2026-08-05,41.3%,"205,146","10,115,352"
2026-09-08 12:21:06,2,암살자(들),2026-09-23,10.4%,"51,903",145
2026-09-08 12:21:06,3,인턴,2026-09-16,10.2%,"50,479","12,189"
2026-09-08 12:21:06,4,옵세션,2026-09-02,4.4%,"21,755","213,172"
2026-09-08 12:21:06,5,타짜: 벨제붑의 노래,2026-09-23,3.4%,"17,146",0
2026-09-08 12:21:06,6,호프,2026-07-15,2.9%,"14,371","4,541,334"
2026-09-08 12:21:06,7,더 드라마,2026-09-09,2.5%,"12,261","4,786"
2026-09-08 12:21:06,8,스파이더맨: 브랜드 뉴 데이,2026-07-29,2.0%,"10,145","8,805,891"
2026-09-08 12:21:06,9,이누야샤 극장판: 시대를 초월한 마음,2026-09-09,1.7%,"8,323",234
2026-09-08 12:21:06,10,싱 어게인,2026-09-02,1.6%,"8,079","61,791"
2026-09-08 12:21:06,11,연옥: 살인마들의 자치구역,2026-09-09,1.5%,"7,387","1,054"
2026-09-08 12:21:06,12,비광,2026-09-02,1.3%,"6,708","75,869"
2026-09-08 12:21:06,13,오아시스: 돈 룩 백 인 앵거,2026-09-09,1.3%,"6,417",192
2026-09-08 12:21:06,14,딥 워터,2026-09-09,1.2%,"6,165",126
2026-09-08 12:21:06,15,아이유 콘서트 : 더 골든 아워,재개봉일 : 2026-09-09 2023-09-13,1.2%,"5,969","87,628"
2026-09-08 12:21:06,16,아버지의 집밥,2026-09-09,0.9%,"4,718",231
2026-09-08 12:21:06,17,아가미,2026-09-09,0.9%,"4,715","1,923"
2026-09-08 12:21:06,18,네 얼굴로는 울 수 없어,2026-09-09,0.9%,"4,587",168
2026-09-08 12:21:06,19,아이유 콘서트 : 더 위닝,재개봉일 : 2026-09-16 2025-01-24,0.8%,"4,074","75,872"
2026-09-08 12:21:06,20,경주기행,2026-08-26,0.8%,"3,897","303,399"
2026-09-08 12:21:06,21,부활남: 더 레드,2026-09-30,0.6%,"2,938",0
2026-09-08 12:21:06,22,내 이름은,2026-04-15,0.4%,"2,206","222,175"
2026-09-08 12:21:06,23,아비정전 4K 리마스터링,"재개봉일 : 2017-03-30, 2026-09-12 1990-12-22",0.4%,"1,870","35,616"
2026-09-08 12:21:06,24,극장판 기븐 – 바다로,2026-08-26,0.4%,"1,783","9,532"
2026-09-08 12:21:06,25,마루 밑 아리에티,재개봉일 : 2026-08-19 2010-09-09,0.3%,"1,668","1,098,006"
2026-09-08 12:31:39,1,오디세이,2026-08-05,41.1%,"204,471","10,115,352"
2026-09-08 12:31:39,2,암살자(들),2026-09-23,10.4%,"51,896",145
2026-09-08 12:31:39,3,인턴,2026-09-16,10.2%,"50,490","12,189"
2026-09-08 12:31:39,4,옵세션,2026-09-02,4.4%,"21,776","213,172"
2026-09-08 12:31:39,5,타짜: 벨제붑의 노래,2026-09-23,3.5%,"17,204",0
2026-09-08 12:31:39,6,호프,2026-07-15,2.9%,"14,391","4,541,334"
2026-09-08 12:31:39,7,더 드라마,2026-09-09,2.5%,"12,296","4,786"
2026-09-08 12:31:39,8,스파이더맨: 브랜드 뉴 데이,2026-07-29,2.0%,"10,159","8,805,891"
2026-09-08 12:31:39,9,이누야샤 극장판: 시대를 초월한 마음,2026-09-09,1.7%,"8,346",234
2026-09-08 12:31:39,10,싱 어게인,2026-09-02,1.6%,"8,062","61,791"
2026-09-08 12:31:39,11,연옥: 살인마들의 자치구역,2026-09-09,1.5%,"7,395","1,054"
2026-09-08 12:31:39,12,비광,2026-09-02,1.3%,"6,657","75,869"
2026-09-08 12:31:39,13,오아시스: 돈 룩 백 인 앵거,2026-09-09,1.3%,"6,441",192
2026-09-08 12:31:39,14,딥 워터,2026-09-09,1.2%,"6,176",126
2026-09-08 12:31:39,15,아이유 콘서트 : 더 골든 아워,재개봉일 : 2026-09-09 2023-09-13,1.2%,"5,968","87,628"
2026-09-08 12:31:39,16,아가미,2026-09-09,0.9%,"4,718","1,923"
2026-09-08 12:31:39,16,아버지의 집밥,2026-09-09,0.9%,"4,718",231
2026-09-08 12:31:39,18,네 얼굴로는 울 수 없어,2026-09-09,0.9%,"4,595",168
2026-09-08 12:31:39,19,아이유 콘서트 : 더 위닝,재개봉일 : 2026-09-16 2025-01-24,0.8%,"4,074","75,872"
2026-09-08 12:31:39,20,경주기행,2026-08-26,0.8%,"3,889","303,399"
2026-09-08 12:31:39,21,부활남: 더 레드,2026-09-30,0.6%,"3,157",0
2026-09-08 12:31:39,22,내 이름은,2026-04-15,0.4%,"2,206","222,175"
2026-09-08 12:31:39,23,아비정전 4K 리마스터링,"재개봉일 : 2017-03-30, 2026-09-12 1990-12-22",0.4%,"1,874","35,616"
2026-09-08 12:31:39,24,극장판 기븐 – 바다로,2026-08-26,0.4%,"1,789","9,532"
2026-09-08 12:31:39,25,마루 밑 아리에티,재개봉일 : 2026-08-19 2010-09-09,0.3%,"1,654","1,098,006"
2026-09-08 13:21:06,1,오디세이,2026-08-05,41.0%,"204,545","10,115,352"
2026-09-08 13:21:06,2,암살자(들),2026-09-23,10.4%,"51,954",145
2026-09-08 13:21:06,3,인턴,2026-09-16,10.1%,"50,569","12,189"
2026-09-08 13:21:06,4,옵세션,2026-09-02,4.5%,"22,536","213,172"
2026-09-08 13:21:06,5,타짜: 벨제붑의 노래,2026-09-23,3.5%,"17,401",0
2026-09-08 13:21:06,6,호프,2026-07-15,2.9%,"14,676","4,541,334"
2026-09-08 13:21:06,7,더 드라마,2026-09-09,2.5%,"12,418","4,786"
2026-09-08 13:21:06,8,스파이더맨: 브랜드 뉴 데이,2026-07-29,2.0%,"10,144","8,805,891"
2026-09-08 13:21:06,9,이누야샤 극장판: 시대를 초월한 마음,2026-09-09,1.7%,"8,430",234
2026-09-08 13:21:06,10,싱 어게인,2026-09-02,1.6%,"7,920","61,791"
2026-09-08 13:21:06,11,연옥: 살인마들의 자치구역,2026-09-09,1.5%,"7,412","1,054"
2026-09-08 13:21:06,12,오아시스: 돈 룩 백 인 앵거,2026-09-09,1.3%,"6,503",192
2026-09-08 13:21:06,13,비광,2026-09-02,1.3%,"6,342","75,869"
2026-09-08 13:21:06,14,딥 워터,2026-09-09,1.2%,"6,193",126
2026-09-08 13:21:06,15,아이유 콘서트 : 더 골든 아워,재개봉일 : 2026-09-09 2023-09-13,1.2%,"5,981","87,628"
2026-09-08 13:21:06,16,아가미,2026-09-09,0.9%,"4,738","1,923"
2026-09-08 13:21:06,17,아버지의 집밥,2026-09-09,0.9%,"4,728",231
2026-09-08 13:21:06,18,네 얼굴로는 울 수 없어,2026-09-09,0.9%,"4,615",168
2026-09-08 13:21:06,19,아이유 콘서트 : 더 위닝,재개봉일 : 2026-09-16 2025-01-24,0.8%,"4,079","75,872"
2026-09-08 13:21:06,20,경주기행,2026-08-26,0.8%,"3,852","303,399"
2026-09-08 13:21:06,21,부활남: 더 레드,2026-09-30,0.7%,"3,704",0
2026-09-08 13:21:06,22,내 이름은,2026-04-15,0.4%,"2,206","222,175"
2026-09-08 13:21:06,23,아비정전 4K 리마스터링,"재개봉일 : 2017-03-30, 2026-09-12 1990-12-22",0.4%,"1,915","35,616"
2026-09-08 13:21:06,24,극장판 기븐 – 바다로,2026-08-26,0.4%,"1,792","9,532"
2026-09-08 13:21:06,25,마루 밑 아리에티,재개봉일 : 2026-08-19 2010-09-09,0.3%,"1,632","1,098,006"
2026-09-08 13:31:43,1,오디세이,2026-08-05,40.9%,"204,388","10,115,352"
2026-09-08 13:31:43,2,암살자(들),2026-09-23,10.4%,"51,965",145
2026-09-08 13:31:43,3,인턴,2026-09-16,10.1%,"50,573","12,189"
2026-09-08 13:31:43,4,옵세션,2026-09-02,4.5%,"22,664","213,172"
2026-09-08 13:31:43,5,타짜: 벨제붑의 노래,2026-09-23,3.5%,"17,445",0
2026-09-08 13:31:43,6,호프,2026-07-15,2.9%,"14,679","4,541,334"
2026-09-08 13:31:43,7,더 드라마,2026-09-09,2.5%,"12,448","4,786"
2026-09-08 13:31:43,8,스파이더맨: 브랜드 뉴 데이,2026-07-29,2.0%,"10,157","8,805,891"
2026-09-08 13:31:43,9,이누야샤 극장판: 시대를 초월한 마음,2026-09-09,1.7%,"8,439",234
2026-09-08 13:31:43,10,싱 어게인,2026-09-02,1.6%,"7,885","61,791"
2026-09-08 13:31:43,11,연옥: 살인마들의 자치구역,2026-09-09,1.5%,"7,416","1,054"
2026-09-08 13:31:43,12,오아시스: 돈 룩 백 인 앵거,2026-09-09,1.3%,"6,516",192
2026-09-08 13:31:43,13,비광,2026-09-02,1.3%,"6,318","75,869"
2026-09-08 13:31:43,14,딥 워터,2026-09-09,1.2%,"6,199",126
2026-09-08 13:31:43,15,아이유 콘서트 : 더 골든 아워,재개봉일 : 2026-09-09 2023-09-13,1.2%,"5,978","87,628"
2026-09-08 13:31:43,16,아가미,2026-09-09,0.9%,"4,737","1,923"
2026-09-08 13:31:43,17,아버지의 집밥,2026-09-09,0.9%,"4,731",231
2026-09-08 13:31:43,18,네 얼굴로는 울 수 없어,2026-09-09,0.9%,"4,614",168
2026-09-08 13:31:43,19,아이유 콘서트 : 더 위닝,재개봉일 : 2026-09-16 2025-01-24,0.8%,"4,082","75,872"
2026-09-08 13:31:43,20,경주기행,2026-08-26,0.8%,"3,818","303,399"
2026-09-08 13:31:43,21,부활남: 더 레드,2026-09-30,0.8%,"3,768",0
2026-09-08 13:31:43,22,내 이름은,2026-04-15,0.4%,"2,206","222,175"
2026-09-08 13:31:43,23,아비정전 4K 리마스터링,"재개봉일 : 2017-03-30, 2026-09-12 1990-12-22",0.4%,"1,920","35,616"
2026-09-08 13:31:43,24,극장판 기븐 – 바다로,2026-08-26,0.4%,"1,793","9,532"
2026-09-08 13:31:43,25,마루 밑 아리에티,재개봉일 : 2026-08-19 2010-09-09,0.3%,"1,630","1,098,006"
2026-09-08 14:21:06,1,오디세이,2026-08-05,40.6%,"203,822","10,115,349"
2026-09-08 14:21:06,2,암살자(들),2026-09-23,10.4%,"52,011",145
2026-09-08 14:21:06,3,인턴,2026-09-16,10.1%,"50,662","12,189"
2026-09-08 14:21:06,4,옵세션,2026-09-02,4.6%,"23,028","213,164"
2026-09-08 14:21:06,5,타짜: 벨제붑의 노래,2026-09-23,3.5%,"17,696",0
2026-09-08 14:21:06,6,호프,2026-07-15,3.0%,"14,862","4,541,334"
2026-09-08 14:21:06,7,더 드라마,2026-09-09,2.5%,"12,621","4,786"
2026-09-08 14:21:06,8,스파이더맨: 브랜드 뉴 데이,2026-07-29,2.0%,"10,099","8,805,891"
2026-09-08 14:21:06,9,이누야샤 극장판: 시대를 초월한 마음,2026-09-09,1.7%,"8,529",234
2026-09-08 14:21:06,10,싱 어게인,2026-09-02,1.6%,"7,834","61,791"
2026-09-08 14:21:06,11,연옥: 살인마들의 자치구역,2026-09-09,1.5%,"7,421","1,054"
2026-09-08 14:21:06,12,오아시스: 돈 룩 백 인 앵거,2026-09-09,1.3%,"6,581",192
2026-09-08 14:21:06,13,딥 워터,2026-09-09,1.2%,"6,212",126
2026-09-08 14:21:06,14,비광,2026-09-02,1.2%,"6,137","75,869"
2026-09-08 14:21:06,15,아이유 콘서트 : 더 골든 아워,재개봉일 : 2026-09-09 2023-09-13,1.2%,"5,979","87,628"
2026-09-08 14:21:06,16,아가미,2026-09-09,0.9%,"4,746","1,923"
2026-09-08 14:21:06,17,아버지의 집밥,2026-09-09,0.9%,"4,733",231
2026-09-08 14:21:06,18,네 얼굴로는 울 수 없어,2026-09-09,0.9%,"4,661",168
2026-09-08 14:21:06,19,아이유 콘서트 : 더 위닝,재개봉일 : 2026-09-16 2025-01-24,0.8%,"4,084","75,872"
2026-09-08 14:21:06,20,부활남: 더 레드,2026-09-30,0.8%,"4,014",0
2026-09-08 14:21:06,21,경주기행,2026-08-26,0.8%,"3,788","303,399"
2026-09-08 14:21:06,22,포가튼 아일랜드,2026-09-23,0.6%,"2,889","2,006"
2026-09-08 14:21:06,23,내 이름은,2026-04-15,0.4%,"2,206","222,175"
2026-09-08 14:21:06,24,아비정전 4K 리마스터링,"재개봉일 : 2017-03-30, 2026-09-12 1990-12-22",0.4%,"1,954","35,616"
2026-09-08 14:21:06,25,극장판 기븐 – 바다로,2026-08-26,0.4%,"1,795","9,532"
2026-09-08 14:31:45,1,오디세이,2026-08-05,40.6%,"203,805","10,115,349"
2026-09-08 14:31:45,2,암살자(들),2026-09-23,10.4%,"52,021",145
2026-09-08 14:31:45,3,인턴,2026-09-16,10.1%,"50,657","12,189"
2026-09-08 14:31:45,4,옵세션,2026-09-02,4.6%,"23,101","213,164"
2026-09-08 14:31:45,5,타짜: 벨제붑의 노래,2026-09-23,3.5%,"17,733",0
2026-09-08 14:31:45,6,호프,2026-07-15,3.0%,"14,869","4,541,334"
2026-09-08 14:31:45,7,더 드라마,2026-09-09,2.5%,"12,650","4,786"
2026-09-08 14:31:45,8,스파이더맨: 브랜드 뉴 데이,2026-07-29,2.0%,"10,108","8,805,891"
2026-09-08 14:31:45,9,이누야샤 극장판: 시대를 초월한 마음,2026-09-09,1.7%,"8,534",234
2026-09-08 14:31:45,10,싱 어게인,2026-09-02,1.6%,"7,843","61,791"
2026-09-08 14:31:45,11,연옥: 살인마들의 자치구역,2026-09-09,1.5%,"7,423","1,054"
2026-09-08 14:31:45,12,오아시스: 돈 룩 백 인 앵거,2026-09-09,1.3%,"6,592",192
2026-09-08 14:31:45,13,딥 워터,2026-09-09,1.2%,"6,216",126
2026-09-08 14:31:45,14,비광,2026-09-02,1.2%,"6,090","75,869"
2026-09-08 14:31:45,15,아이유 콘서트 : 더 골든 아워,재개봉일 : 2026-09-09 2023-09-13,1.2%,"5,976","87,628"
2026-09-08 14:31:45,16,아가미,2026-09-09,0.9%,"4,743","1,923"
2026-09-08 14:31:45,17,아버지의 집밥,2026-09-09,0.9%,"4,736",231
2026-09-08 14:31:45,18,네 얼굴로는 울 수 없어,2026-09-09,0.9%,"4,680",168
2026-09-08 14:31:45,19,아이유 콘서트 : 더 위닝,재개봉일 : 2026-09-16 2025-01-24,0.8%,"4,082","75,872"
2026-09-08 14:31:45,20,부활남: 더 레드,2026-09-30,0.8%,"4,051",0
2026-09-08 14:31:45,21,경주기행,2026-08-26,0.8%,"3,787","303,399"
2026-09-08 14:31:45,22,포가튼 아일랜드,2026-09-23,0.6%,"3,022","2,006"
2026-09-08 14:31:45,23,내 이름은,2026-04-15,0.4%,"2,206","222,175"
2026-09-08 14:31:45,24,아비정전 4K 리마스터링,"재개봉일 : 2017-03-30, 2026-09-12 1990-12-22",0.4%,"1,961","35,616"
2026-09-08 14:31:45,25,극장판 기븐 – 바다로,2026-08-26,0.4%,"1,801","9,532"
2026-09-08 15:21:07,1,오디세이,2026-08-05,40.2%,"204,119","10,115,349"
2026-09-08 15:21:07,2,암살자(들),2026-09-23,10.2%,"52,104",145
2026-09-08 15:21:07,3,인턴,2026-09-16,10.0%,"50,733","12,189"
2026-09-08 15:21:07,4,옵세션,2026-09-02,4.6%,"23,506","213,164"
2026-09-08 15:21:07,5,타짜: 벨제붑의 노래,2026-09-23,4.2%,"21,228",0
2026-09-08 15:21:07,6,호프,2026-07-15,2.9%,"14,970","4,541,334"
2026-09-08 15:21:07,7,더 드라마,2026-09-09,2.5%,"12,808","4,786"
2026-09-08 15:21:07,8,스파이더맨: 브랜드 뉴 데이,2026-07-29,2.0%,"10,210","8,805,891"
2026-09-08 15:21:07,9,이누야샤 극장판: 시대를 초월한 마음,2026-09-09,1.7%,"8,600",234
2026-09-08 15:21:07,10,싱 어게인,2026-09-02,1.5%,"7,829","61,791"
2026-09-08 15:21:07,11,연옥: 살인마들의 자치구역,2026-09-09,1.5%,"7,442","1,054"
2026-09-08 15:21:07,12,오아시스: 돈 룩 백 인 앵거,2026-09-09,1.3%,"6,635",192
2026-09-08 15:21:07,13,딥 워터,2026-09-09,1.2%,"6,236",126
2026-09-08 15:21:07,14,아이유 콘서트 : 더 골든 아워,재개봉일 : 2026-09-09 2023-09-13,1.2%,"5,975","87,628"
2026-09-08 15:21:07,15,비광,2026-09-02,1.2%,"5,861","75,869"
2026-09-08 15:21:07,16,네 얼굴로는 울 수 없어,2026-09-09,1.1%,"5,715",168
2026-09-08 15:21:07,17,아가미,2026-09-09,0.9%,"4,766","1,923"
2026-09-08 15:21:07,18,아버지의 집밥,2026-09-09,0.9%,"4,748",231
2026-09-08 15:21:07,19,부활남: 더 레드,2026-09-30,0.8%,"4,227",0
2026-09-08 15:21:07,20,아이유 콘서트 : 더 위닝,재개봉일 : 2026-09-16 2025-01-24,0.8%,"4,102","75,872"
2026-09-08 15:21:07,21,경주기행,2026-08-26,0.7%,"3,761","303,399"
2026-09-08 15:21:07,22,포가튼 아일랜드,2026-09-23,0.6%,"3,240","2,006"
2026-09-08 15:21:07,23,내 이름은,2026-04-15,0.4%,"2,206","222,175"
2026-09-08 15:21:07,24,아비정전 4K 리마스터링,"재개봉일 : 2017-03-30, 2026-09-12 1990-12-22",0.4%,"1,994","35,616"
2026-09-08 15:21:07,25,극장판 기븐 – 바다로,2026-08-26,0.4%,"1,807","9,532"
2026-09-08 15:31:43,1,오디세이,2026-08-05,40.1%,"204,441","10,115,349"
2026-09-08 15:31:43,2,암살자(들),2026-09-23,10.2%,"52,121",145
2026-09-08 15:31:43,3,인턴,2026-09-16,10.0%,"50,742","12,189"
2026-09-08 15:31:43,4,옵세션,2026-09-02,4.6%,"23,494","213,164"
2026-09-08 15:31:43,5,타짜: 벨제붑의 노래,2026-09-23,4.2%,"21,250",0
2026-09-08 15:31:43,6,호프,2026-07-15,2.9%,"14,986","4,541,334"
2026-09-08 15:31:43,7,더 드라마,2026-09-09,2.5%,"12,855","4,786"
2026-09-08 15:31:43,8,스파이더맨: 브랜드 뉴 데이,2026-07-29,2.0%,"10,276","8,805,891"
2026-09-08 15:31:43,9,이누야샤 극장판: 시대를 초월한 마음,2026-09-09,1.7%,"8,614",234
2026-09-08 15:31:43,10,싱 어게인,2026-09-02,1.5%,"7,821","61,791"
2026-09-08 15:31:43,11,연옥: 살인마들의 자치구역,2026-09-09,1.5%,"7,446","1,054"
2026-09-08 15:31:43,12,오아시스: 돈 룩 백 인 앵거,2026-09-09,1.3%,"6,659",192
2026-09-08 15:31:43,13,딥 워터,2026-09-09,1.2%,"6,240",126
2026-09-08 15:31:43,14,아이유 콘서트 : 더 골든 아워,재개봉일 : 2026-09-09 2023-09-13,1.2%,"5,977","87,628"
2026-09-08 15:31:43,15,네 얼굴로는 울 수 없어,2026-09-09,1.2%,"5,968",168
2026-09-08 15:31:43,16,비광,2026-09-02,1.1%,"5,850","75,869"
2026-09-08 15:31:43,17,아가미,2026-09-09,0.9%,"4,772","1,923"
2026-09-08 15:31:43,18,아버지의 집밥,2026-09-09,0.9%,"4,748",231
2026-09-08 15:31:43,19,부활남: 더 레드,2026-09-30,0.8%,"4,261",0
2026-09-08 15:31:43,20,아이유 콘서트 : 더 위닝,재개봉일 : 2026-09-16 2025-01-24,0.8%,"4,104","75,872"
2026-09-08 15:31:43,21,경주기행,2026-08-26,0.7%,"3,755","303,398"
2026-09-08 15:31:43,22,포가튼 아일랜드,2026-09-23,0.6%,"3,240","2,006"
2026-09-08 15:31:43,23,내 이름은,2026-04-15,0.4%,"2,206","222,175"
2026-09-08 15:31:43,24,아비정전 4K 리마스터링,"재개봉일 : 2017-03-30, 2026-09-12 1990-12-22",0.4%,"2,003","35,616"
2026-09-08 15:31:43,25,극장판 기븐 – 바다로,2026-08-26,0.4%,"1,784","9,532"
2026-09-08 16:21:06,1,오디세이,2026-08-05,39.8%,"203,377","10,115,349"
2026-09-08 16:21:06,2,암살자(들),2026-09-23,10.2%,"52,196",145
2026-09-08 16:21:06,3,인턴,2026-09-16,10.0%,"50,825","12,189"
2026-09-08 16:21:06,4,옵세션,2026-09-02,4.6%,"23,504","213,164"
2026-09-08 16:21:06,5,타짜: 벨제붑의 노래,2026-09-23,4.2%,"21,423",0
2026-09-08 16:21:06,6,호프,2026-07-15,2.9%,"15,022","4,541,334"
2026-09-08 16:21:06,7,더 드라마,2026-09-09,2.6%,"13,110","4,786"
2026-09-08 16:21:06,8,스파이더맨: 브랜드 뉴 데이,2026-07-29,2.0%,"10,279","8,805,891"
2026-09-08 16:21:06,9,이누야샤 극장판: 시대를 초월한 마음,2026-09-09,1.7%,"8,712",234
2026-09-08 16:21:06,10,싱 어게인,2026-09-02,1.5%,"7,759","61,791"
2026-09-08 16:21:06,11,연옥: 살인마들의 자치구역,2026-09-09,1.5%,"7,457","1,054"
2026-09-08 16:21:06,12,오아시스: 돈 룩 백 인 앵거,2026-09-09,1.3%,"6,709",192
2026-09-08 16:21:06,13,네 얼굴로는 울 수 없어,2026-09-09,1.3%,"6,501",168
2026-09-08 16:21:06,14,딥 워터,2026-09-09,1.2%,"6,263",126
2026-09-08 16:21:06,15,아이유 콘서트 : 더 골든 아워,재개봉일 : 2026-09-09 2023-09-13,1.2%,"5,990","87,628"
2026-09-08 16:21:06,16,비광,2026-09-02,1.1%,"5,606","75,869"
2026-09-08 16:21:06,17,아가미,2026-09-09,0.9%,"4,808","1,923"
2026-09-08 16:21:06,18,아버지의 집밥,2026-09-09,0.9%,"4,756",231
2026-09-08 16:21:06,19,부활남: 더 레드,2026-09-30,0.9%,"4,399",0
2026-09-08 16:21:06,20,아이유 콘서트 : 더 위닝,재개봉일 : 2026-09-16 2025-01-24,0.8%,"4,112","75,872"
2026-09-08 16:21:06,21,경주기행,2026-08-26,0.7%,"3,735","303,398"
2026-09-08 16:21:06,22,포가튼 아일랜드,2026-09-23,0.7%,"3,323","2,006"
2026-09-08 16:21:06,23,내 이름은,2026-04-15,0.4%,"2,206","222,175"
2026-09-08 16:21:06,24,아비정전 4K 리마스터링,"재개봉일 : 2017-03-30, 2026-09-12 1990-12-22",0.4%,"2,039","35,616"
2026-09-08 16:21:06,25,극장판 기븐 – 바다로,2026-08-26,0.4%,"1,801","9,532"
2026-09-08 16:31:43,1,오디세이,2026-08-05,39.8%,"203,624","10,115,349"
2026-09-08 16:31:43,2,암살자(들),2026-09-23,10.2%,"52,210",145
2026-09-08 16:31:43,3,인턴,2026-09-16,9.9%,"50,830","12,189"
2026-09-08 16:31:43,4,옵세션,2026-09-02,4.6%,"23,503","213,164"
2026-09-08 16:31:43,5,타짜: 벨제붑의 노래,2026-09-23,4.2%,"21,442",0
2026-09-08 16:31:43,6,호프,2026-07-15,2.9%,"15,039","4,541,334"
2026-09-08 16:31:43,7,더 드라마,2026-09-09,2.6%,"13,150","4,786"
2026-09-08 16:31:43,8,스파이더맨: 브랜드 뉴 데이,2026-07-29,2.0%,"10,250","8,805,891"
2026-09-08 16:31:43,9,이누야샤 극장판: 시대를 초월한 마음,2026-09-09,1.7%,"8,728",234
2026-09-08 16:31:43,10,싱 어게인,2026-09-02,1.5%,"7,735","61,791"
2026-09-08 16:31:43,11,연옥: 살인마들의 자치구역,2026-09-09,1.5%,"7,461","1,054"
2026-09-08 16:31:43,12,오아시스: 돈 룩 백 인 앵거,2026-09-09,1.3%,"6,722",192
2026-09-08 16:31:43,13,네 얼굴로는 울 수 없어,2026-09-09,1.3%,"6,609",168
2026-09-08 16:31:43,14,딥 워터,2026-09-09,1.2%,"6,266",126
2026-09-08 16:31:43,15,아이유 콘서트 : 더 골든 아워,재개봉일 : 2026-09-09 2023-09-13,1.2%,"5,993","87,628"
2026-09-08 16:31:43,16,비광,2026-09-02,1.1%,"5,594","75,869"
2026-09-08 16:31:43,17,아가미,2026-09-09,0.9%,"4,810","1,923"
2026-09-08 16:31:43,18,아버지의 집밥,2026-09-09,0.9%,"4,757",231
2026-09-08 16:31:43,19,부활남: 더 레드,2026-09-30,0.9%,"4,436",0
2026-09-08 16:31:43,20,아이유 콘서트 : 더 위닝,재개봉일 : 2026-09-16 2025-01-24,0.8%,"4,116","75,872"
2026-09-08 16:31:43,21,경주기행,2026-08-26,0.7%,"3,758","303,398"
2026-09-08 16:31:43,22,포가튼 아일랜드,2026-09-23,0.7%,"3,323","2,006"
2026-09-08 16:31:43,23,내 이름은,2026-04-15,0.4%,"2,206","222,175"
2026-09-08 16:31:43,24,아비정전 4K 리마스터링,"재개봉일 : 2017-03-30, 2026-09-12 1990-12-22",0.4%,"2,048","35,616"
2026-09-08 16:31:43,25,극장판 기븐 – 바다로,2026-08-26,0.4%,"1,796","9,532"
2026-09-09 23:56:00,1,오디세이,2026-08-05,39.0%,"214,483","10,192,012"
2026-09-09 23:56:00,2,암살자(들),2026-09-23,9.8%,"54,197",657
2026-09-09 23:56:00,3,인턴,2026-09-16,9.4%,"51,539","12,189"
2026-09-09 23:56:00,4,옵세션,2026-09-02,5.1%,"28,162","239,527"
2026-09-09 23:56:00,5,타짜: 벨제붑의 노래,2026-09-23,4.3%,"23,407",0
2026-09-09 23:56:00,6,스파이더맨: 브랜드 뉴 데이,2026-07-29,3.4%,"18,973","8,819,167"
2026-09-09 23:56:00,7,호프,2026-07-15,2.6%,"14,458","4,541,700"
2026-09-09 23:56:00,8,더 드라마,2026-09-09,2.4%,"13,294","4,786"
2026-09-09 23:56:00,9,부활남: 더 레드,2026-09-30,1.8%,"10,030",0
2026-09-09 23:56:00,10,엔하이픈 브이알콘서트 : 데스티니,2026-09-18,1.4%,"7,750",0
2026-09-09 23:56:00,11,이누야샤 극장판: 시대를 초월한 마음,2026-09-09,1.3%,"7,065",234
2026-09-09 23:56:00,12,싱 어게인,2026-09-02,1.1%,"6,082","67,281"
2026-09-09 23:56:00,13,포가튼 아일랜드,2026-09-23,1.1%,"5,837","2,316"
2026-09-09 23:56:00,14,연옥: 살인마들의 자치구역,2026-09-09,1.0%,"5,705","1,054"
2026-09-09 23:56:00,15,비광,2026-09-02,1.0%,"5,664","82,428"
2026-09-09 23:56:00,16,네 얼굴로는 울 수 없어,2026-09-09,1.0%,"5,415",328
2026-09-09 23:56:00,17,오아시스: 돈 룩 백 인 앵거,2026-09-09,0.9%,"5,209",192
2026-09-09 23:56:00,18,아이유 콘서트 : 더 골든 아워,재개봉일 : 2026-09-09 2023-09-13,0.9%,"5,196","87,628"
2026-09-09 23:56:00,19,딥 워터,2026-09-09,0.8%,"4,506",268
2026-09-09 23:56:00,20,아이유 콘서트 : 더 위닝,재개봉일 : 2026-09-16 2025-01-24,0.8%,"4,415","75,872"
2026-09-09 23:56:00,21,아가미,2026-09-09,0.8%,"4,301","1,923"
2026-09-09 23:56:00,22,경주기행,2026-08-26,0.7%,"3,655","308,324"
2026-09-09 23:56:00,23,아버지의 집밥,2026-09-09,0.6%,"3,459",231
2026-09-09 23:56:00,24,아비정전 4K 리마스터링,"재개봉일 : 2017-03-30, 2026-09-12 1990-12-22",0.6%,"3,381","35,616"
2026-09-09 23:56:00,25,카를로비바리,2026-09-09,0.5%,"2,823",399
2026-09-10 00:01:25,1,오디세이,2026-08-05,39.0%,"214,671","10,268,413"
2026-09-10 00:01:25,2,암살자(들),2026-09-23,9.8%,"54,198",657
2026-09-10 00:01:25,3,인턴,2026-09-16,9.4%,"51,552","13,925"
2026-09-10 00:01:25,4,옵세션,2026-09-02,5.1%,"28,281","270,693"
2026-09-10 00:01:25,5,타짜: 벨제붑의 노래,2026-09-23,4.2%,"23,414","1,510"
2026-09-10 00:01:25,6,스파이더맨: 브랜드 뉴 데이,2026-07-29,3.4%,"19,006","8,832,812"
2026-09-10 00:01:25,7,호프,2026-07-15,2.6%,"14,454","4,547,018"
2026-09-10 00:01:25,8,더 드라마,2026-09-09,2.4%,"13,319","16,876"
2026-09-10 00:01:25,9,부활남: 더 레드,2026-09-30,1.8%,"10,029",0
2026-09-10 00:01:25,10,엔하이픈 브이알콘서트 : 데스티니,2026-09-18,1.4%,"7,756",0
2026-09-10 00:01:25,11,이누야샤 극장판: 시대를 초월한 마음,2026-09-09,1.3%,"7,070","4,811"
2026-09-10 00:01:25,12,싱 어게인,2026-09-02,1.1%,"6,092","70,874"
2026-09-10 00:01:25,13,포가튼 아일랜드,2026-09-23,1.1%,"5,837","2,458"
2026-09-10 00:01:25,14,연옥: 살인마들의 자치구역,2026-09-09,1.0%,"5,705","3,682"
2026-09-10 00:01:25,15,비광,2026-09-02,1.0%,"5,671","84,912"
2026-09-10 00:01:25,16,네 얼굴로는 울 수 없어,2026-09-09,1.0%,"5,411","2,440"
2026-09-10 00:01:25,17,오아시스: 돈 룩 백 인 앵거,2026-09-09,0.9%,"5,221","4,545"
2026-09-10 00:01:25,18,아이유 콘서트 : 더 골든 아워,재개봉일 : 2026-09-09 2023-09-13,0.9%,"5,218","90,143"
2026-09-10 00:01:25,19,딥 워터,2026-09-09,0.8%,"4,507","3,500"
2026-09-10 00:01:25,20,아이유 콘서트 : 더 위닝,재개봉일 : 2026-09-16 2025-01-24,0.8%,"4,416","75,872"
2026-09-10 00:01:25,21,아가미,2026-09-09,0.8%,"4,306","4,041"
2026-09-10 00:01:25,22,경주기행,2026-08-26,0.7%,"3,663","311,797"
2026-09-10 00:01:25,23,아버지의 집밥,2026-09-09,0.6%,"3,460","2,269"
2026-09-10 00:01:25,24,아비정전 4K 리마스터링,"재개봉일 : 2017-03-30, 2026-09-12 1990-12-22",0.6%,"3,384","35,616"
2026-09-10 00:01:25,25,카를로비바리,2026-09-09,0.5%,"2,825",947
2026-09-10 01:24:43,1,오디세이,2026-08-05,38.9%,"216,846","10,268,385"
2026-09-10 01:24:43,2,암살자(들),2026-09-23,9.7%,"54,239",657
2026-09-10 01:24:43,3,인턴,2026-09-16,9.3%,"51,625","13,925"
2026-09-10 01:24:43,4,옵세션,2026-09-02,5.3%,"29,664","270,726"
2026-09-10 01:24:43,5,타짜: 벨제붑의 노래,2026-09-23,4.2%,"23,536","1,510"
2026-09-10 01:24:43,6,스파이더맨: 브랜드 뉴 데이,2026-07-29,3.5%,"19,445","8,832,814"
2026-09-10 01:24:43,7,호프,2026-07-15,2.6%,"14,582","4,547,018"
2026-09-10 01:24:43,8,더 드라마,2026-09-09,2.4%,"13,607","16,876"
2026-09-10 01:24:43,9,부활남: 더 레드,2026-09-30,1.8%,"10,084",0
2026-09-10 01:24:43,10,엔하이픈 브이알콘서트 : 데스티니,2026-09-18,1.4%,"7,838",0
2026-09-10 01:24:43,11,이누야샤 극장판: 시대를 초월한 마음,2026-09-09,1.3%,"7,196","4,811"
2026-09-10 01:24:43,12,싱 어게인,2026-09-02,1.1%,"6,207","70,879"
2026-09-10 01:24:43,13,포가튼 아일랜드,2026-09-23,1.0%,"5,837","2,458"
2026-09-10 01:24:43,14,연옥: 살인마들의 자치구역,2026-09-09,1.0%,"5,698","3,683"
2026-09-10 01:24:43,15,비광,2026-09-02,1.0%,"5,670","84,912"
2026-09-10 01:24:43,16,네 얼굴로는 울 수 없어,2026-09-09,1.0%,"5,423","2,440"
2026-09-10 01:24:43,17,오아시스: 돈 룩 백 인 앵거,2026-09-09,1.0%,"5,366","4,545"
2026-09-10 01:24:43,18,아이유 콘서트 : 더 골든 아워,재개봉일 : 2026-09-09 2023-09-13,0.9%,"5,253","90,143"
2026-09-10 01:24:43,19,딥 워터,2026-09-09,0.8%,"4,524","3,500"
2026-09-10 01:24:43,20,아이유 콘서트 : 더 위닝,재개봉일 : 2026-09-16 2025-01-24,0.8%,"4,436","75,872"
2026-09-10 01:24:43,21,아가미,2026-09-09,0.8%,"4,348","4,041"
2026-09-10 01:24:43,22,경주기행,2026-08-26,0.7%,"3,700","311,799"
2026-09-10 01:24:43,23,아버지의 집밥,2026-09-09,0.6%,"3,466","2,269"
2026-09-10 01:24:43,24,아비정전 4K 리마스터링,"재개봉일 : 2017-03-30, 2026-09-12 1990-12-22",0.6%,"3,412","35,616"
2026-09-10 01:24:43,25,카를로비바리,2026-09-09,0.5%,"2,836",947
2026-09-10 02:21:07,1,오디세이,2026-08-05,38.9%,"217,307","10,268,385"
2026-09-10 02:21:07,2,암살자(들),2026-09-23,9.7%,"54,242",657
2026-09-10 02:21:07,3,인턴,2026-09-16,9.2%,"51,625","13,925"
2026-09-10 02:21:07,4,옵세션,2026-09-02,5.4%,"30,078","270,724"
2026-09-10 02:21:07,5,타짜: 벨제붑의 노래,2026-09-23,4.2%,"23,589","1,510"
2026-09-10 02:21:07,6,스파이더맨: 브랜드 뉴 데이,2026-07-29,3.5%,"19,579","8,832,814"
2026-09-10 02:21:07,7,호프,2026-07-15,2.6%,"14,599","4,547,018"
2026-09-10 02:21:07,8,더 드라마,2026-09-09,2.4%,"13,674","16,876"
2026-09-10 02:21:07,9,부활남: 더 레드,2026-09-30,1.8%,"10,089",0
2026-09-10 02:21:07,10,엔하이픈 브이알콘서트 : 데스티니,2026-09-18,1.4%,"7,868",0
2026-09-10 02:21:07,11,이누야샤 극장판: 시대를 초월한 마음,2026-09-09,1.3%,"7,253","4,811"
2026-09-10 02:21:07,12,싱 어게인,2026-09-02,1.1%,"6,237","70,879"
2026-09-10 02:21:07,13,포가튼 아일랜드,2026-09-23,1.0%,"5,837","2,458"
2026-09-10 02:21:07,14,연옥: 살인마들의 자치구역,2026-09-09,1.0%,"5,697","3,683"
2026-09-10 02:21:07,15,비광,2026-09-02,1.0%,"5,673","84,912"
2026-09-10 02:21:07,16,네 얼굴로는 울 수 없어,2026-09-09,1.0%,"5,433","2,440"
2026-09-10 02:21:07,17,오아시스: 돈 룩 백 인 앵거,2026-09-09,1.0%,"5,395","4,545"
2026-09-10 02:21:07,18,아이유 콘서트 : 더 골든 아워,재개봉일 : 2026-09-09 2023-09-13,0.9%,"5,264","90,143"
2026-09-10 02:21:07,19,딥 워터,2026-09-09,0.8%,"4,526","3,500"
2026-09-10 02:21:07,20,아이유 콘서트 : 더 위닝,재개봉일 : 2026-09-16 2025-01-24,0.8%,"4,436","75,872"
2026-09-10 02:21:07,21,아가미,2026-09-09,0.8%,"4,371","4,041"
2026-09-10 02:21:07,22,경주기행,2026-08-26,0.7%,"3,715","311,799"
2026-09-10 02:21:07,23,아버지의 집밥,2026-09-09,0.6%,"3,462","2,269"
2026-09-10 02:21:07,24,아비정전 4K 리마스터링,"재개봉일 : 2017-03-30, 2026-09-12 1990-12-22",0.6%,"3,416","35,616"
2026-09-10 02:21:07,25,카를로비바리,2026-09-09,0.5%,"2,841",947
2026-09-10 05:21:07,1,오디세이,2026-08-05,38.9%,"217,640","10,268,418"
2026-09-10 05:21:07,2,암살자(들),2026-09-23,9.7%,"54,253",657
2026-09-10 05:21:07,3,인턴,2026-09-16,9.2%,"51,640","13,925"
2026-09-10 05:21:07,4,옵세션,2026-09-02,5.4%,"30,406","270,724"
2026-09-10 05:21:07,5,타짜: 벨제붑의 노래,2026-09-23,4.2%,"23,652","1,510"
2026-09-10 05:21:07,6,스파이더맨: 브랜드 뉴 데이,2026-07-29,3.5%,"19,708","8,832,814"
2026-09-10 05:21:07,7,호프,2026-07-15,2.6%,"14,601","4,547,018"
2026-09-10 05:21:07,8,더 드라마,2026-09-09,2.5%,"13,716","16,875"
2026-09-10 05:21:07,9,부활남: 더 레드,2026-09-30,1.8%,"10,096",0
2026-09-10 05:21:07,10,엔하이픈 브이알콘서트 : 데스티니,2026-09-18,1.4%,"7,882",0
2026-09-10 05:21:07,11,이누야샤 극장판: 시대를 초월한 마음,2026-09-09,1.3%,"7,315","4,811"
2026-09-10 05:21:07,12,싱 어게인,2026-09-02,1.1%,"6,260","70,879"
2026-09-10 05:21:07,13,포가튼 아일랜드,2026-09-23,1.0%,"5,837","2,458"
2026-09-10 05:21:07,14,연옥: 살인마들의 자치구역,2026-09-09,1.0%,"5,696","3,684"
2026-09-10 05:21:07,15,비광,2026-09-02,1.0%,"5,681","84,920"
2026-09-10 05:21:07,16,네 얼굴로는 울 수 없어,2026-09-09,1.0%,"5,436","2,440"
2026-09-10 05:21:07,17,오아시스: 돈 룩 백 인 앵거,2026-09-09,1.0%,"5,426","4,545"
2026-09-10 05:21:07,18,아이유 콘서트 : 더 골든 아워,재개봉일 : 2026-09-09 2023-09-13,1.0%,"5,328","90,143"
2026-09-10 05:21:07,19,딥 워터,2026-09-09,0.8%,"4,536","3,500"
2026-09-10 05:21:07,20,아이유 콘서트 : 더 위닝,재개봉일 : 2026-09-16 2025-01-24,0.8%,"4,459","75,872"
2026-09-10 05:21:07,21,아가미,2026-09-09,0.8%,"4,383","4,041"
2026-09-10 05:21:07,22,경주기행,2026-08-26,0.7%,"3,726","311,800"
2026-09-10 05:21:07,23,아버지의 집밥,2026-09-09,0.6%,"3,447","2,269"
2026-09-10 05:21:07,24,아비정전 4K 리마스터링,"재개봉일 : 2017-03-30, 2026-09-12 1990-12-22",0.6%,"3,437","35,616"
2026-09-10 05:21:07,25,카를로비바리,2026-09-09,0.5%,"2,857",947
2026-09-10 06:21:07,1,오디세이,2026-08-05,38.8%,"216,846","10,268,418"
2026-09-10 06:21:07,2,암살자(들),2026-09-23,9.7%,"54,260",657
2026-09-10 06:21:07,3,인턴,2026-09-16,9.2%,"51,648","13,925"
2026-09-10 06:21:07,4,옵세션,2026-09-02,5.4%,"30,461","270,724"
2026-09-10 06:21:07,5,타짜: 벨제붑의 노래,2026-09-23,4.2%,"23,688","1,510"
2026-09-10 06:21:07,6,스파이더맨: 브랜드 뉴 데이,2026-07-29,3.5%,"19,742","8,832,814"
2026-09-10 06:21:07,7,호프,2026-07-15,2.6%,"14,471","4,547,018"
2026-09-10 06:21:07,8,더 드라마,2026-09-09,2.5%,"13,725","16,875"
2026-09-10 06:21:07,9,부활남: 더 레드,2026-09-30,1.8%,"10,105",0
2026-09-10 06:21:07,10,엔하이픈 브이알콘서트 : 데스티니,2026-09-18,1.4%,"7,882",0
2026-09-10 06:21:07,11,이누야샤 극장판: 시대를 초월한 마음,2026-09-09,1.3%,"7,336","4,811"
2026-09-10 06:21:07,12,싱 어게인,2026-09-02,1.1%,"6,239","70,879"
2026-09-10 06:21:07,13,포가튼 아일랜드,2026-09-23,1.0%,"5,837","2,458"
2026-09-10 06:21:07,14,연옥: 살인마들의 자치구역,2026-09-09,1.0%,"5,693","3,684"
2026-09-10 06:21:07,15,비광,2026-09-02,1.0%,"5,684","84,920"
2026-09-10 06:21:07,16,오아시스: 돈 룩 백 인 앵거,2026-09-09,1.0%,"5,428","4,545"
2026-09-10 06:21:07,17,네 얼굴로는 울 수 없어,2026-09-09,1.0%,"5,426","2,440"
2026-09-10 06:21:07,18,아이유 콘서트 : 더 골든 아워,재개봉일 : 2026-09-09 2023-09-13,1.0%,"5,317","90,143"
2026-09-10 06:21:07,19,딥 워터,2026-09-09,0.8%,"4,536","3,500"
2026-09-10 06:21:07,20,아이유 콘서트 : 더 위닝,재개봉일 : 2026-09-16 2025-01-24,0.8%,"4,459","75,872"
2026-09-10 06:21:07,21,아가미,2026-09-09,0.8%,"4,381","4,041"
2026-09-10 06:21:07,22,경주기행,2026-08-26,0.7%,"3,722","311,800"
2026-09-10 06:21:07,23,아버지의 집밥,2026-09-09,0.6%,"3,447","2,269"
2026-09-10 06:21:07,24,아비정전 4K 리마스터링,"재개봉일 : 2017-03-30, 2026-09-12 1990-12-22",0.6%,"3,436","35,616"
2026-09-10 06:21:07,25,카를로비바리,2026-09-09,0.5%,"2,855",947
2026-09-10 08:21:19,1,오디세이,2026-08-05,38.4%,"213,311","10,268,421"
2026-09-10 08:21:19,2,암살자(들),2026-09-23,9.8%,"54,337",657
2026-09-10 08:21:19,3,인턴,2026-09-16,9.3%,"51,753","13,925"
2026-09-10 08:21:19,4,옵세션,2026-09-02,5.5%,"30,693","270,724"
2026-09-10 08:21:19,5,타짜: 벨제붑의 노래,2026-09-23,4.3%,"23,814","1,510"
2026-09-10 08:21:19,6,스파이더맨: 브랜드 뉴 데이,2026-07-29,3.5%,"19,584","8,832,814"
2026-09-10 08:21:19,7,호프,2026-07-15,2.6%,"14,218","4,547,018"
2026-09-10 08:21:19,8,더 드라마,2026-09-09,2.5%,"13,625","16,877"
2026-09-10 08:21:19,9,부활남: 더 레드,2026-09-30,1.8%,"10,134",0
2026-09-10 08:21:19,10,엔하이픈 브이알콘서트 : 데스티니,2026-09-18,1.4%,"7,908",0
2026-09-10 08:21:19,11,이누야샤 극장판: 시대를 초월한 마음,2026-09-09,1.3%,"7,348","4,811"
2026-09-10 08:21:19,12,싱 어게인,2026-09-02,1.1%,"6,163","70,887"
2026-09-10 08:21:19,13,포가튼 아일랜드,2026-09-23,1.1%,"5,837","2,458"
2026-09-10 08:21:19,14,비광,2026-09-02,1.0%,"5,671","84,920"
2026-09-10 08:21:19,15,연옥: 살인마들의 자치구역,2026-09-09,1.0%,"5,657","3,683"
2026-09-10 08:21:19,16,네 얼굴로는 울 수 없어,2026-09-09,1.0%,"5,422","2,440"
2026-09-10 08:21:19,17,오아시스: 돈 룩 백 인 앵거,2026-09-09,1.0%,"5,383","4,545"
2026-09-10 08:21:19,18,아이유 콘서트 : 더 골든 아워,재개봉일 : 2026-09-09 2023-09-13,1.0%,"5,322","90,143"
2026-09-10 08:21:19,19,딥 워터,2026-09-09,0.8%,"4,553","3,500"
2026-09-10 08:21:19,20,아이유 콘서트 : 더 위닝,재개봉일 : 2026-09-16 2025-01-24,0.8%,"4,468","75,872"
2026-09-10 08:21:19,21,아가미,2026-09-09,0.8%,"4,402","4,041"
2026-09-10 08:21:19,22,경주기행,2026-08-26,0.7%,"3,666","311,800"
2026-09-10 08:21:19,23,아비정전 4K 리마스터링,"재개봉일 : 2017-03-30, 2026-09-12 1990-12-22",0.6%,"3,474","35,616"
2026-09-10 08:21:19,24,아버지의 집밥,2026-09-09,0.6%,"3,370","2,269"
2026-09-10 08:21:19,25,카를로비바리,2026-09-09,0.5%,"2,866",947
2026-09-10 09:21:07,1,오디세이,2026-08-05,38.2%,"211,064","10,268,421"
2026-09-10 09:21:07,2,암살자(들),2026-09-23,9.8%,"54,379",657
2026-09-10 09:21:07,3,인턴,2026-09-16,9.4%,"51,837","13,925"
2026-09-10 09:21:07,4,옵세션,2026-09-02,5.6%,"31,067","270,724"
2026-09-10 09:21:07,5,타짜: 벨제붑의 노래,2026-09-23,4.3%,"23,925","1,510"
2026-09-10 09:21:07,6,스파이더맨: 브랜드 뉴 데이,2026-07-29,3.5%,"19,360","8,832,814"
2026-09-10 09:21:07,7,호프,2026-07-15,2.5%,"13,921","4,547,018"
2026-09-10 09:21:07,8,더 드라마,2026-09-09,2.4%,"13,498","16,877"
2026-09-10 09:21:07,9,부활남: 더 레드,2026-09-30,1.9%,"10,286",0
2026-09-10 09:21:07,10,엔하이픈 브이알콘서트 : 데스티니,2026-09-18,1.4%,"7,923",0
2026-09-10 09:21:07,11,이누야샤 극장판: 시대를 초월한 마음,2026-09-09,1.3%,"7,309","4,811"
2026-09-10 09:21:07,12,싱 어게인,2026-09-02,1.1%,"6,084","70,887"
2026-09-10 09:21:07,13,포가튼 아일랜드,2026-09-23,1.1%,"5,837","2,458"
2026-09-10 09:21:07,14,비광,2026-09-02,1.0%,"5,643","84,920"
2026-09-10 09:21:07,15,연옥: 살인마들의 자치구역,2026-09-09,1.0%,"5,563","3,683"
2026-09-10 09:21:07,16,오아시스: 돈 룩 백 인 앵거,2026-09-09,1.0%,"5,415","4,545"
2026-09-10 09:21:07,17,네 얼굴로는 울 수 없어,2026-09-09,1.0%,"5,309","2,440"
2026-09-10 09:21:07,18,아이유 콘서트 : 더 골든 아워,재개봉일 : 2026-09-09 2023-09-13,1.0%,"5,281","90,143"
2026-09-10 09:21:07,19,딥 워터,2026-09-09,0.8%,"4,569","3,500"
2026-09-10 09:21:07,20,아이유 콘서트 : 더 위닝,재개봉일 : 2026-09-16 2025-01-24,0.8%,"4,478","75,872"
2026-09-10 09:21:07,21,아가미,2026-09-09,0.8%,"4,378","4,041"
2026-09-10 09:21:07,22,경주기행,2026-08-26,0.7%,"3,653","311,800"
2026-09-10 09:21:07,23,아비정전 4K 리마스터링,"재개봉일 : 2017-03-30, 2026-09-12 1990-12-22",0.6%,"3,499","35,616"
2026-09-10 09:21:07,24,아버지의 집밥,2026-09-09,0.6%,"3,325","2,269"
2026-09-10 09:21:07,25,카를로비바리,2026-09-09,0.5%,"2,865",947
2026-09-10 10:21:07,1,오디세이,2026-08-05,38.3%,"212,103","10,268,416"
2026-09-10 10:21:07,2,암살자(들),2026-09-23,9.8%,"54,441",657
2026-09-10 10:21:07,3,인턴,2026-09-16,9.4%,"51,921","13,925"
2026-09-10 10:21:07,4,옵세션,2026-09-02,5.7%,"31,636","270,724"
2026-09-10 10:21:07,5,타짜: 벨제붑의 노래,2026-09-23,4.3%,"24,080","1,510"
2026-09-10 10:21:07,6,스파이더맨: 브랜드 뉴 데이,2026-07-29,3.5%,"19,429","8,832,814"
2026-09-10 10:21:07,7,호프,2026-07-15,2.5%,"13,935","4,547,018"
2026-09-10 10:21:07,8,더 드라마,2026-09-09,2.4%,"13,534","16,877"
2026-09-10 10:21:07,9,부활남: 더 레드,2026-09-30,1.9%,"10,454",0
2026-09-10 10:21:07,10,엔하이픈 브이알콘서트 : 데스티니,2026-09-18,1.4%,"7,947",0
2026-09-10 10:21:07,11,이누야샤 극장판: 시대를 초월한 마음,2026-09-09,1.3%,"7,331","4,811"
2026-09-10 10:21:07,12,싱 어게인,2026-09-02,1.1%,"6,020","70,887"
2026-09-10 10:21:07,13,포가튼 아일랜드,2026-09-23,1.1%,"5,837","2,458"
2026-09-10 10:21:07,14,비광,2026-09-02,1.0%,"5,553","84,920"
2026-09-10 10:21:07,15,연옥: 살인마들의 자치구역,2026-09-09,1.0%,"5,433","3,683"
2026-09-10 10:21:07,16,오아시스: 돈 룩 백 인 앵거,2026-09-09,1.0%,"5,429","4,545"
2026-09-10 10:21:07,17,아이유 콘서트 : 더 골든 아워,재개봉일 : 2026-09-09 2023-09-13,1.0%,"5,269","90,143"
2026-09-10 10:21:07,18,네 얼굴로는 울 수 없어,2026-09-09,0.9%,"5,013","2,440"
2026-09-10 10:21:07,19,딥 워터,2026-09-09,0.8%,"4,584","3,500"
2026-09-10 10:21:07,20,아이유 콘서트 : 더 위닝,재개봉일 : 2026-09-16 2025-01-24,0.8%,"4,483","75,872"
2026-09-10 10:21:07,21,아가미,2026-09-09,0.8%,"4,308","4,041"
2026-09-10 10:21:07,22,경주기행,2026-08-26,0.7%,"3,744","311,800"
2026-09-10 10:21:07,23,아비정전 4K 리마스터링,"재개봉일 : 2017-03-30, 2026-09-12 1990-12-22",0.6%,"3,520","35,616"
2026-09-10 10:21:07,24,아버지의 집밥,2026-09-09,0.6%,"3,316","2,269"
2026-09-10 10:21:07,25,카를로비바리,2026-09-09,0.5%,"2,789",947
2026-09-10 11:21:07,1,오디세이,2026-08-05,38.2%,"211,449","10,268,412"
2026-09-10 11:21:07,2,암살자(들),2026-09-23,9.9%,"54,529",657
2026-09-10 11:21:07,3,인턴,2026-09-16,9.4%,"52,076","13,925"
2026-09-10 11:21:07,4,옵세션,2026-09-02,5.9%,"32,379","270,724"
2026-09-10 11:21:07,5,타짜: 벨제붑의 노래,2026-09-23,4.4%,"24,233","1,510"
2026-09-10 11:21:07,6,스파이더맨: 브랜드 뉴 데이,2026-07-29,3.5%,"19,429","8,832,814"
2026-09-10 11:21:07,7,호프,2026-07-15,2.5%,"13,742","4,547,018"
2026-09-10 11:21:07,8,더 드라마,2026-09-09,2.4%,"13,407","16,877"
2026-09-10 11:21:07,9,부활남: 더 레드,2026-09-30,1.9%,"10,446",0
2026-09-10 11:21:07,10,엔하이픈 브이알콘서트 : 데스티니,2026-09-18,1.4%,"8,002",0
2026-09-10 11:21:07,11,이누야샤 극장판: 시대를 초월한 마음,2026-09-09,1.3%,"7,326","4,811"
2026-09-10 11:21:07,12,포가튼 아일랜드,2026-09-23,1.1%,"6,063","2,458"
2026-09-10 11:21:07,13,싱 어게인,2026-09-02,1.1%,"5,976","70,887"
2026-09-10 11:21:07,14,비광,2026-09-02,1.0%,"5,489","84,920"
2026-09-10 11:21:07,15,오아시스: 돈 룩 백 인 앵거,2026-09-09,1.0%,"5,390","4,545"
2026-09-10 11:21:07,16,아이유 콘서트 : 더 골든 아워,재개봉일 : 2026-09-09 2023-09-13,1.0%,"5,254","90,143"
2026-09-10 11:21:07,17,연옥: 살인마들의 자치구역,2026-09-09,0.9%,"5,089","3,683"
2026-09-10 11:21:07,18,네 얼굴로는 울 수 없어,2026-09-09,0.9%,"4,717","2,440"
2026-09-10 11:21:07,19,아이유 콘서트 : 더 위닝,재개봉일 : 2026-09-16 2025-01-24,0.8%,"4,480","75,872"
2026-09-10 11:21:07,20,딥 워터,2026-09-09,0.8%,"4,478","3,500"
2026-09-10 11:21:07,21,아가미,2026-09-09,0.8%,"4,189","4,041"
2026-09-10 11:21:07,22,경주기행,2026-08-26,0.7%,"3,681","311,800"
2026-09-10 11:21:07,23,아비정전 4K 리마스터링,"재개봉일 : 2017-03-30, 2026-09-12 1990-12-22",0.6%,"3,548","35,616"
2026-09-10 11:21:07,24,아버지의 집밥,2026-09-09,0.6%,"3,215","2,269"
2026-09-10 11:21:07,25,카를로비바리,2026-09-09,0.5%,"2,801",947
2026-09-10 12:21:07,1,오디세이,2026-08-05,40.3%,"231,972","10,268,412"
2026-09-10 12:21:07,2,암살자(들),2026-09-23,9.5%,"54,571",657
2026-09-10 12:21:07,3,인턴,2026-09-16,9.1%,"52,189","13,925"
2026-09-10 12:21:07,4,옵세션,2026-09-02,5.7%,"33,065","270,724"
2026-09-10 12:21:07,5,타짜: 벨제붑의 노래,2026-09-23,4.2%,"24,350","1,510"
2026-09-10 12:21:07,6,스파이더맨: 브랜드 뉴 데이,2026-07-29,3.4%,"19,351","8,832,814"
2026-09-10 12:21:07,7,호프,2026-07-15,2.4%,"13,681","4,547,018"
2026-09-10 12:21:07,8,더 드라마,2026-09-09,2.3%,"13,435","16,877"
2026-09-10 12:21:07,9,부활남: 더 레드,2026-09-30,1.9%,"11,027",0
2026-09-10 12:21:07,10,엔하이픈 브이알콘서트 : 데스티니,2026-09-18,1.4%,"8,040",0
2026-09-10 12:21:07,11,이누야샤 극장판: 시대를 초월한 마음,2026-09-09,1.3%,"7,299","4,811"
2026-09-10 12:21:07,12,포가튼 아일랜드,2026-09-23,1.1%,"6,063","2,458"
2026-09-10 12:21:07,13,싱 어게인,2026-09-02,1.0%,"5,896","70,887"
2026-09-10 12:21:07,14,오아시스: 돈 룩 백 인 앵거,2026-09-09,0.9%,"5,389","4,545"
2026-09-10 12:21:07,15,비광,2026-09-02,0.9%,"5,312","84,920"
2026-09-10 12:21:07,16,아이유 콘서트 : 더 골든 아워,재개봉일 : 2026-09-09 2023-09-13,0.9%,"5,280","90,143"
2026-09-10 12:21:07,17,연옥: 살인마들의 자치구역,2026-09-09,0.9%,"4,892","3,683"
2026-09-10 12:21:07,18,아가미,2026-09-09,0.8%,"4,598","4,041"
2026-09-10 12:21:07,19,네 얼굴로는 울 수 없어,2026-09-09,0.8%,"4,494","2,440"
2026-09-10 12:21:07,20,아이유 콘서트 : 더 위닝,재개봉일 : 2026-09-16 2025-01-24,0.8%,"4,491","75,872"
2026-09-10 12:21:07,21,딥 워터,2026-09-09,0.8%,"4,470","3,500"
2026-09-10 12:21:07,22,경주기행,2026-08-26,0.7%,"3,849","311,800"
2026-09-10 12:21:07,23,아비정전 4K 리마스터링,"재개봉일 : 2017-03-30, 2026-09-12 1990-12-22",0.6%,"3,625","35,616"
2026-09-10 12:21:07,24,아버지의 집밥,2026-09-09,0.6%,"3,218","2,269"
2026-09-10 12:21:07,25,카를로비바리,2026-09-09,0.5%,"2,736",947
2026-09-10 13:21:07,1,오디세이,2026-08-05,40.6%,"234,912","10,268,412"
2026-09-10 13:21:07,2,암살자(들),2026-09-23,9.5%,"54,677",657
2026-09-10 13:21:07,3,인턴,2026-09-16,9.0%,"52,264","13,925"
2026-09-10 13:21:07,4,옵세션,2026-09-02,5.8%,"33,715","270,722"
2026-09-10 13:21:07,5,타짜: 벨제붑의 노래,2026-09-23,4.2%,"24,517","1,510"
2026-09-10 13:21:07,6,스파이더맨: 브랜드 뉴 데이,2026-07-29,3.3%,"19,225","8,832,814"
2026-09-10 13:21:07,7,호프,2026-07-15,2.3%,"13,584","4,547,018"
2026-09-10 13:21:07,8,더 드라마,2026-09-09,2.3%,"13,397","16,877"
2026-09-10 13:21:07,9,부활남: 더 레드,2026-09-30,2.0%,"11,464",0
2026-09-10 13:21:07,10,엔하이픈 브이알콘서트 : 데스티니,2026-09-18,1.4%,"8,070",0
2026-09-10 13:21:07,11,이누야샤 극장판: 시대를 초월한 마음,2026-09-09,1.3%,"7,338","4,811"
2026-09-10 13:21:07,12,포가튼 아일랜드,2026-09-23,1.0%,"6,063","2,458"
2026-09-10 13:21:07,13,싱 어게인,2026-09-02,1.0%,"5,798","70,887"
2026-09-10 13:21:07,14,오아시스: 돈 룩 백 인 앵거,2026-09-09,0.9%,"5,259","4,545"
2026-09-10 13:21:07,15,비광,2026-09-02,0.9%,"5,253","84,920"
2026-09-10 13:21:07,16,아이유 콘서트 : 더 골든 아워,재개봉일 : 2026-09-09 2023-09-13,0.9%,"5,113","90,143"
2026-09-10 13:21:07,17,아가미,2026-09-09,0.8%,"4,811","4,041"
2026-09-10 13:21:07,18,연옥: 살인마들의 자치구역,2026-09-09,0.8%,"4,758","3,683"
2026-09-10 13:21:07,19,아이유 콘서트 : 더 위닝,재개봉일 : 2026-09-16 2025-01-24,0.8%,"4,506","75,872"
2026-09-10 13:21:07,20,네 얼굴로는 울 수 없어,2026-09-09,0.7%,"4,214","2,440"
2026-09-10 13:21:07,21,딥 워터,2026-09-09,0.7%,"3,973","3,500"
2026-09-10 13:21:07,22,경주기행,2026-08-26,0.6%,"3,701","311,800"
2026-09-10 13:21:07,23,아비정전 4K 리마스터링,"재개봉일 : 2017-03-30, 2026-09-12 1990-12-22",0.6%,"3,695","35,616"
2026-09-10 13:21:07,24,아버지의 집밥,2026-09-09,0.5%,"3,009","2,269"
2026-09-10 13:21:07,25,카를로비바리,2026-09-09,0.5%,"2,635",947
2026-09-10 14:21:07,1,오디세이,2026-08-05,40.8%,"237,376","10,268,412"
2026-09-10 14:21:07,2,암살자(들),2026-09-23,9.4%,"54,764",657
2026-09-10 14:21:07,3,인턴,2026-09-16,9.0%,"52,360","13,925"
2026-09-10 14:21:07,4,옵세션,2026-09-02,5.9%,"34,214","270,722"
2026-09-10 14:21:07,5,타짜: 벨제붑의 노래,2026-09-23,4.2%,"24,594","1,510"
2026-09-10 14:21:07,6,스파이더맨: 브랜드 뉴 데이,2026-07-29,3.3%,"19,073","8,832,814"
2026-09-10 14:21:07,7,호프,2026-07-15,2.3%,"13,521","4,547,018"
2026-09-10 14:21:07,8,더 드라마,2026-09-09,2.3%,"13,396","16,877"
2026-09-10 14:21:07,9,부활남: 더 레드,2026-09-30,2.0%,"11,853",0
2026-09-10 14:21:07,10,엔하이픈 브이알콘서트 : 데스티니,2026-09-18,1.4%,"8,112",0
2026-09-10 14:21:07,11,이누야샤 극장판: 시대를 초월한 마음,2026-09-09,1.3%,"7,399","4,811"
2026-09-10 14:21:07,12,포가튼 아일랜드,2026-09-23,1.0%,"6,063","2,458"
2026-09-10 14:21:07,13,싱 어게인,2026-09-02,1.0%,"5,790","70,887"
2026-09-10 14:21:07,14,오아시스: 돈 룩 백 인 앵거,2026-09-09,0.9%,"5,311","4,545"
2026-09-10 14:21:07,15,비광,2026-09-02,0.9%,"5,219","84,920"
2026-09-10 14:21:07,16,아이유 콘서트 : 더 골든 아워,재개봉일 : 2026-09-09 2023-09-13,0.9%,"4,973","90,143"
2026-09-10 14:21:07,17,아가미,2026-09-09,0.8%,"4,908","4,041"
2026-09-10 14:21:07,18,연옥: 살인마들의 자치구역,2026-09-09,0.8%,"4,700","3,683"
2026-09-10 14:21:07,19,아이유 콘서트 : 더 위닝,재개봉일 : 2026-09-16 2025-01-24,0.8%,"4,508","75,872"
2026-09-10 14:21:07,20,네 얼굴로는 울 수 없어,2026-09-09,0.7%,"4,069","2,440"
2026-09-10 14:21:07,21,딥 워터,2026-09-09,0.6%,"3,767","3,500"
2026-09-10 14:21:07,22,아비정전 4K 리마스터링,"재개봉일 : 2017-03-30, 2026-09-12 1990-12-22",0.6%,"3,732","35,616"
2026-09-10 14:21:07,23,경주기행,2026-08-26,0.6%,"3,659","311,800"
2026-09-10 14:21:07,24,아버지의 집밥,2026-09-09,0.5%,"2,693","2,269"
2026-09-10 14:21:07,25,카를로비바리,2026-09-09,0.4%,"2,614",947
2026-09-10 16:21:07,1,오디세이,2026-08-05,40.4%,"240,388","10,268,412"
2026-09-10 16:21:07,2,암살자(들),2026-09-23,9.2%,"54,890",657
2026-09-10 16:21:07,3,인턴,2026-09-16,8.8%,"52,575","13,925"
2026-09-10 16:21:07,4,옵세션,2026-09-02,5.9%,"35,066","270,722"
2026-09-10 16:21:07,5,스파이더맨: 브랜드 뉴 데이,2026-07-29,4.6%,"27,555","8,832,814"
2026-09-10 16:21:07,6,타짜: 벨제붑의 노래,2026-09-23,4.6%,"27,188","1,510"
2026-09-10 16:21:07,7,더 드라마,2026-09-09,2.2%,"13,224","16,877"
2026-09-10 16:21:07,8,호프,2026-07-15,2.2%,"13,137","4,547,018"
2026-09-10 16:21:07,9,부활남: 더 레드,2026-09-30,2.0%,"11,895",0
2026-09-10 16:21:07,10,엔하이픈 브이알콘서트 : 데스티니,2026-09-18,1.4%,"8,164",0
2026-09-10 16:21:07,11,이누야샤 극장판: 시대를 초월한 마음,2026-09-09,1.1%,"6,683","4,811"
2026-09-10 16:21:07,12,포가튼 아일랜드,2026-09-23,1.0%,"6,063","2,458"
2026-09-10 16:21:07,13,싱 어게인,2026-09-02,0.9%,"5,579","70,887"
2026-09-10 16:21:07,14,비광,2026-09-02,0.9%,"5,211","84,920"
2026-09-10 16:21:07,15,오아시스: 돈 룩 백 인 앵거,2026-09-09,0.9%,"5,088","4,545"
2026-09-10 16:21:07,16,아가미,2026-09-09,0.8%,"4,828","4,041"
2026-09-10 16:21:07,17,아이유 콘서트 : 더 골든 아워,재개봉일 : 2026-09-09 2023-09-13,0.8%,"4,753","90,143"
2026-09-10 16:21:07,18,연옥: 살인마들의 자치구역,2026-09-09,0.8%,"4,523","3,683"
2026-09-10 16:21:07,19,아이유 콘서트 : 더 위닝,재개봉일 : 2026-09-16 2025-01-24,0.8%,"4,509","75,872"
2026-09-10 16:21:07,20,네 얼굴로는 울 수 없어,2026-09-09,0.7%,"3,973","2,440"
2026-09-10 16:21:07,21,아비정전 4K 리마스터링,"재개봉일 : 2017-03-30, 2026-09-12 1990-12-22",0.6%,"3,813","35,616"
2026-09-10 16:21:07,22,경주기행,2026-08-26,0.6%,"3,722","311,800"
2026-09-10 16:21:07,23,딥 워터,2026-09-09,0.6%,"3,284","3,500"
2026-09-10 16:21:07,24,아버지의 집밥,2026-09-09,0.5%,"2,723","2,269"
2026-09-10 16:21:07,25,카를로비바리,2026-09-09,0.4%,"2,471",947
2026-09-10 17:21:07,1,오디세이,2026-08-05,40.3%,"240,599","10,268,412"
2026-09-10 17:21:07,2,암살자(들),2026-09-23,9.2%,"54,957",657
2026-09-10 17:21:07,3,인턴,2026-09-16,8.8%,"52,677","13,925"
2026-09-10 17:21:07,4,옵세션,2026-09-02,5.7%,"34,299","270,722"
2026-09-10 17:21:07,5,스파이더맨: 브랜드 뉴 데이,2026-07-29,4.8%,"28,639","8,832,814"
2026-09-10 17:21:07,6,타짜: 벨제붑의 노래,2026-09-23,4.7%,"28,294","1,510"
2026-09-10 17:21:07,7,호프,2026-07-15,2.3%,"13,848","4,547,018"
2026-09-10 17:21:07,8,더 드라마,2026-09-09,2.2%,"12,906","16,877"
2026-09-10 17:21:07,9,부활남: 더 레드,2026-09-30,2.1%,"12,433",0
2026-09-10 17:21:07,10,엔하이픈 브이알콘서트 : 데스티니,2026-09-18,1.4%,"8,242",0
2026-09-10 17:21:07,11,싱 어게인,2026-09-02,1.0%,"6,131","70,887"
2026-09-10 17:21:07,12,포가튼 아일랜드,2026-09-23,1.0%,"6,063","2,458"
2026-09-10 17:21:07,13,이누야샤 극장판: 시대를 초월한 마음,2026-09-09,0.9%,"5,665","4,811"
2026-09-10 17:21:07,14,비광,2026-09-02,0.9%,"5,158","84,920"
2026-09-10 17:21:07,15,오아시스: 돈 룩 백 인 앵거,2026-09-09,0.8%,"5,026","4,545"
2026-09-10 17:21:07,16,아가미,2026-09-09,0.8%,"4,639","4,041"
2026-09-10 17:21:07,17,아이유 콘서트 : 더 골든 아워,재개봉일 : 2026-09-09 2023-09-13,0.8%,"4,566","90,143"
2026-09-10 17:21:07,18,아이유 콘서트 : 더 위닝,재개봉일 : 2026-09-16 2025-01-24,0.8%,"4,521","75,872"
2026-09-10 17:21:07,19,연옥: 살인마들의 자치구역,2026-09-09,0.7%,"4,463","3,683"
2026-09-10 17:21:07,20,네 얼굴로는 울 수 없어,2026-09-09,0.7%,"3,903","2,440"
2026-09-10 17:21:07,21,아비정전 4K 리마스터링,"재개봉일 : 2017-03-30, 2026-09-12 1990-12-22",0.6%,"3,847","35,616"
2026-09-10 17:21:07,22,경주기행,2026-08-26,0.6%,"3,629","311,800"
2026-09-10 17:21:07,23,딥 워터,2026-09-09,0.5%,"3,205","3,500"
2026-09-10 17:21:07,24,아버지의 집밥,2026-09-09,0.4%,"2,650","2,269"
2026-09-10 17:21:07,25,카를로비바리,2026-09-09,0.4%,"2,476",947
2026-09-10 18:21:07,1,오디세이,2026-08-05,40.5%,"240,419","10,268,412"
2026-09-10 18:21:07,2,암살자(들),2026-09-23,9.3%,"55,004",657
2026-09-10 18:21:07,3,인턴,2026-09-16,8.9%,"52,725","13,925"
2026-09-10 18:21:07,4,옵세션,2026-09-02,5.6%,"33,127","270,722"
2026-09-10 18:21:07,5,스파이더맨: 브랜드 뉴 데이,2026-07-29,4.8%,"28,549","8,832,814"
2026-09-10 18:21:07,6,타짜: 벨제붑의 노래,2026-09-23,4.8%,"28,397","1,510"
2026-09-10 18:21:07,7,호프,2026-07-15,2.2%,"13,283","4,547,018"
2026-09-10 18:21:07,8,부활남: 더 레드,2026-09-30,2.2%,"13,020",0
2026-09-10 18:21:07,9,더 드라마,2026-09-09,2.1%,"12,194","16,877"
2026-09-10 18:21:07,10,엔하이픈 브이알콘서트 : 데스티니,2026-09-18,1.4%,"8,251",0
2026-09-10 18:21:07,11,싱 어게인,2026-09-02,1.1%,"6,755","70,887"
2026-09-10 18:21:07,12,포가튼 아일랜드,2026-09-23,1.0%,"6,225","2,458"
2026-09-10 18:21:07,13,비광,2026-09-02,0.9%,"5,074","84,920"
2026-09-10 18:21:07,14,이누야샤 극장판: 시대를 초월한 마음,2026-09-09,0.9%,"5,050","4,811"
2026-09-10 18:21:07,15,오아시스: 돈 룩 백 인 앵거,2026-09-09,0.8%,"4,759","4,545"
2026-09-10 18:21:07,16,아가미,2026-09-09,0.8%,"4,537","4,041"
2026-09-10 18:21:07,17,아이유 콘서트 : 더 위닝,재개봉일 : 2026-09-16 2025-01-24,0.8%,"4,522","75,872"
2026-09-10 18:21:07,18,아이유 콘서트 : 더 골든 아워,재개봉일 : 2026-09-09 2023-09-13,0.8%,"4,453","90,143"
2026-09-10 18:21:07,19,연옥: 살인마들의 자치구역,2026-09-09,0.7%,"4,427","3,683"
2026-09-10 18:21:07,20,아비정전 4K 리마스터링,"재개봉일 : 2017-03-30, 2026-09-12 1990-12-22",0.7%,"3,901","35,616"
2026-09-10 18:21:07,21,네 얼굴로는 울 수 없어,2026-09-09,0.6%,"3,810","2,440"
2026-09-10 18:21:07,22,경주기행,2026-08-26,0.6%,"3,412","311,800"
2026-09-10 18:21:07,23,딥 워터,2026-09-09,0.5%,"3,177","3,500"
2026-09-10 18:21:07,24,아버지의 집밥,2026-09-09,0.4%,"2,567","2,269"
2026-09-10 18:21:07,25,카를로비바리,2026-09-09,0.4%,"2,483",947
2026-09-10 19:21:07,1,오디세이,2026-08-05,40.6%,"241,613","10,268,412"
2026-09-10 19:21:07,2,암살자(들),2026-09-23,9.3%,"55,114",657
2026-09-10 19:21:07,3,인턴,2026-09-16,8.9%,"52,844","13,925"
2026-09-10 19:21:07,4,옵세션,2026-09-02,5.4%,"32,150","270,722"
2026-09-10 19:21:07,5,타짜: 벨제붑의 노래,2026-09-23,4.8%,"28,735","1,510"
2026-09-10 19:21:07,6,스파이더맨: 브랜드 뉴 데이,2026-07-29,4.8%,"28,613","8,832,814"
2026-09-10 19:21:07,7,부활남: 더 레드,2026-09-30,2.2%,"13,237",0
2026-09-10 19:21:07,8,호프,2026-07-15,2.2%,"12,924","4,547,018"
2026-09-10 19:21:07,9,더 드라마,2026-09-09,2.0%,"12,085","16,877"
2026-09-10 19:21:07,10,엔하이픈 브이알콘서트 : 데스티니,2026-09-18,1.4%,"8,269",0
2026-09-10 19:21:07,11,싱 어게인,2026-09-02,1.2%,"7,285","70,887"
2026-09-10 19:21:07,12,포가튼 아일랜드,2026-09-23,1.0%,"6,225","2,458"
2026-09-10 19:21:07,13,비광,2026-09-02,0.9%,"5,117","84,920"
2026-09-10 19:21:07,14,이누야샤 극장판: 시대를 초월한 마음,2026-09-09,0.8%,"4,969","4,811"
2026-09-10 19:21:07,15,오아시스: 돈 룩 백 인 앵거,2026-09-09,0.8%,"4,661","4,545"
2026-09-10 19:21:07,16,아이유 콘서트 : 더 위닝,재개봉일 : 2026-09-16 2025-01-24,0.8%,"4,536","75,872"
2026-09-10 19:21:07,17,아가미,2026-09-09,0.8%,"4,460","4,041"
2026-09-10 19:21:07,18,아이유 콘서트 : 더 골든 아워,재개봉일 : 2026-09-09 2023-09-13,0.7%,"4,438","90,143"
2026-09-10 19:21:07,19,연옥: 살인마들의 자치구역,2026-09-09,0.7%,"4,306","3,683"
2026-09-10 19:21:07,20,아비정전 4K 리마스터링,"재개봉일 : 2017-03-30, 2026-09-12 1990-12-22",0.7%,"3,932","35,616"
2026-09-10 19:21:07,21,네 얼굴로는 울 수 없어,2026-09-09,0.6%,"3,772","2,440"
2026-09-10 19:21:07,22,경주기행,2026-08-26,0.6%,"3,457","311,800"
2026-09-10 19:21:07,23,딥 워터,2026-09-09,0.5%,"3,121","3,500"
2026-09-10 19:21:07,24,카를로비바리,2026-09-09,0.4%,"2,487",947
2026-09-10 19:21:07,25,리틀 드래곤: 몬스터 섬의 비밀,2026-09-09,0.4%,"2,428","1,010"
2026-09-10 20:21:07,1,오디세이,2026-08-05,40.8%,"244,449","10,268,412"
2026-09-10 20:21:07,2,암살자(들),2026-09-23,9.2%,"55,173",657
2026-09-10 20:21:07,3,인턴,2026-09-16,8.8%,"52,949","13,925"
2026-09-10 20:21:07,4,옵세션,2026-09-02,5.3%,"31,854","270,722"
2026-09-10 20:21:07,5,스파이더맨: 브랜드 뉴 데이,2026-07-29,4.8%,"28,905","8,832,814"
2026-09-10 20:21:07,6,타짜: 벨제붑의 노래,2026-09-23,4.8%,"28,851","1,510"
2026-09-10 20:21:07,7,부활남: 더 레드,2026-09-30,2.2%,"13,231",0
2026-09-10 20:21:07,8,호프,2026-07-15,2.2%,"12,985","4,547,018"
2026-09-10 20:21:07,9,더 드라마,2026-09-09,2.0%,"12,105","16,877"
2026-09-10 20:21:07,10,엔하이픈 브이알콘서트 : 데스티니,2026-09-18,1.4%,"8,302",0
2026-09-10 20:21:07,11,싱 어게인,2026-09-02,1.2%,"7,365","70,887"
2026-09-10 20:21:07,12,포가튼 아일랜드,2026-09-23,1.0%,"6,225","2,458"
2026-09-10 20:21:07,13,비광,2026-09-02,0.9%,"5,089","84,920"
2026-09-10 20:21:07,14,이누야샤 극장판: 시대를 초월한 마음,2026-09-09,0.8%,"5,023","4,811"
2026-09-10 20:21:07,15,오아시스: 돈 룩 백 인 앵거,2026-09-09,0.8%,"4,733","4,545"
2026-09-10 20:21:07,16,아이유 콘서트 : 더 위닝,재개봉일 : 2026-09-16 2025-01-24,0.8%,"4,535","75,872"
2026-09-10 20:21:07,17,아가미,2026-09-09,0.7%,"4,449","4,041"
2026-09-10 20:21:07,18,아이유 콘서트 : 더 골든 아워,재개봉일 : 2026-09-09 2023-09-13,0.7%,"4,437","90,143"
2026-09-10 20:21:07,19,연옥: 살인마들의 자치구역,2026-09-09,0.7%,"4,073","3,683"
2026-09-10 20:21:07,20,아비정전 4K 리마스터링,"재개봉일 : 2017-03-30, 2026-09-12 1990-12-22",0.7%,"3,985","35,616"
2026-09-10 20:21:07,21,네 얼굴로는 울 수 없어,2026-09-09,0.6%,"3,780","2,440"
2026-09-10 20:21:07,22,경주기행,2026-08-26,0.6%,"3,514","311,800"
2026-09-10 20:21:07,23,딥 워터,2026-09-09,0.5%,"3,103","3,500"
2026-09-10 20:21:07,24,카를로비바리,2026-09-09,0.4%,"2,483",947
2026-09-10 20:21:07,25,리틀 드래곤: 몬스터 섬의 비밀,2026-09-09,0.4%,"2,448","1,010"
2026-09-10 21:21:07,1,오디세이,2026-08-05,40.9%,"247,856","10,268,412"
2026-09-10 21:21:07,2,암살자(들),2026-09-23,9.2%,"55,679",657
2026-09-10 21:21:07,3,인턴,2026-09-16,8.8%,"53,015","13,925"
2026-09-10 21:21:07,4,옵세션,2026-09-02,5.4%,"32,637","270,722"
2026-09-10 21:21:07,5,스파이더맨: 브랜드 뉴 데이,2026-07-29,4.9%,"29,473","8,832,814"
2026-09-10 21:21:07,6,타짜: 벨제붑의 노래,2026-09-23,4.8%,"28,959","1,510"
2026-09-10 21:21:07,7,부활남: 더 레드,2026-09-30,2.2%,"13,241",0
2026-09-10 21:21:07,8,호프,2026-07-15,2.2%,"13,017","4,547,018"
2026-09-10 21:21:07,9,더 드라마,2026-09-09,2.0%,"12,298","16,877"
2026-09-10 21:21:07,10,엔하이픈 브이알콘서트 : 데스티니,2026-09-18,1.4%,"8,327",0
2026-09-10 21:21:07,11,싱 어게인,2026-09-02,1.2%,"7,531","70,887"
2026-09-10 21:21:07,12,포가튼 아일랜드,2026-09-23,1.0%,"6,225","2,458"
2026-09-10 21:21:07,13,이누야샤 극장판: 시대를 초월한 마음,2026-09-09,0.9%,"5,157","4,811"
2026-09-10 21:21:07,14,비광,2026-09-02,0.8%,"5,089","84,920"
2026-09-10 21:21:07,15,아가미,2026-09-09,0.8%,"4,732","4,041"
2026-09-10 21:21:07,16,오아시스: 돈 룩 백 인 앵거,2026-09-09,0.8%,"4,706","4,545"
2026-09-10 21:21:07,17,아이유 콘서트 : 더 위닝,재개봉일 : 2026-09-16 2025-01-24,0.8%,"4,540","75,872"
2026-09-10 21:21:07,18,아이유 콘서트 : 더 골든 아워,재개봉일 : 2026-09-09 2023-09-13,0.7%,"4,449","90,143"
2026-09-10 21:21:07,19,아비정전 4K 리마스터링,"재개봉일 : 2017-03-30, 2026-09-12 1990-12-22",0.7%,"4,023","35,616"
2026-09-10 21:21:07,20,연옥: 살인마들의 자치구역,2026-09-09,0.7%,"4,014","3,683"
2026-09-10 21:21:07,21,네 얼굴로는 울 수 없어,2026-09-09,0.6%,"3,818","2,440"
2026-09-10 21:21:07,22,경주기행,2026-08-26,0.6%,"3,612","311,800"
2026-09-10 21:21:07,23,딥 워터,2026-09-09,0.5%,"3,130","3,500"
2026-09-10 21:21:07,24,카를로비바리,2026-09-09,0.4%,"2,490",947
2026-09-10 21:21:07,25,리틀 드래곤: 몬스터 섬의 비밀,2026-09-09,0.4%,"2,473","1,010"
2026-09-10 22:21:07,1,오디세이,2026-08-05,41.1%,"252,917","10,268,412"
2026-09-10 22:21:07,2,암살자(들),2026-09-23,9.1%,"55,766",657
2026-09-10 22:21:07,3,인턴,2026-09-16,8.6%,"53,160","13,925"
2026-09-10 22:21:07,4,옵세션,2026-09-02,5.5%,"34,080","270,722"
2026-09-10 22:21:07,5,스파이더맨: 브랜드 뉴 데이,2026-07-29,4.9%,"30,163","8,832,814"
2026-09-10 22:21:07,6,타짜: 벨제붑의 노래,2026-09-23,4.7%,"29,213","1,510"
2026-09-10 22:21:07,7,부활남: 더 레드,2026-09-30,2.3%,"14,055",0
2026-09-10 22:21:07,8,호프,2026-07-15,2.1%,"13,000","4,547,018"
2026-09-10 22:21:07,9,더 드라마,2026-09-09,2.0%,"12,583","16,877"
2026-09-10 22:21:07,10,엔하이픈 브이알콘서트 : 데스티니,2026-09-18,1.4%,"8,351",0
2026-09-10 22:21:07,11,싱 어게인,2026-09-02,1.3%,"7,739","70,887"
2026-09-10 22:21:07,12,포가튼 아일랜드,2026-09-23,1.0%,"6,225","2,458"
2026-09-10 22:21:07,13,이누야샤 극장판: 시대를 초월한 마음,2026-09-09,0.9%,"5,243","4,811"
2026-09-10 22:21:07,14,비광,2026-09-02,0.8%,"5,102","84,920"
2026-09-10 22:21:07,15,오아시스: 돈 룩 백 인 앵거,2026-09-09,0.8%,"4,800","4,545"
2026-09-10 22:21:07,16,아가미,2026-09-09,0.8%,"4,760","4,041"
2026-09-10 22:21:07,17,아이유 콘서트 : 더 위닝,재개봉일 : 2026-09-16 2025-01-24,0.7%,"4,557","75,872"
2026-09-10 22:21:07,18,아이유 콘서트 : 더 골든 아워,재개봉일 : 2026-09-09 2023-09-13,0.7%,"4,461","90,143"
2026-09-10 22:21:07,19,아비정전 4K 리마스터링,"재개봉일 : 2017-03-30, 2026-09-12 1990-12-22",0.7%,"4,065","35,616"
2026-09-10 22:21:07,20,연옥: 살인마들의 자치구역,2026-09-09,0.7%,"4,033","3,683"
2026-09-10 22:21:07,21,네 얼굴로는 울 수 없어,2026-09-09,0.6%,"3,877","2,440"
2026-09-10 22:21:07,22,경주기행,2026-08-26,0.6%,"3,760","311,800"
2026-09-10 22:21:07,23,딥 워터,2026-09-09,0.5%,"3,176","3,500"
2026-09-10 22:21:07,24,카를로비바리,2026-09-09,0.4%,"2,492",947
2026-09-10 22:21:07,25,리틀 드래곤: 몬스터 섬의 비밀,2026-09-09,0.4%,"2,488","1,010"
2026-09-10 23:21:07,1,오디세이,2026-08-05,41.1%,"256,314","10,268,412"
2026-09-10 23:21:07,2,암살자(들),2026-09-23,9.0%,"55,863",657
2026-09-10 23:21:07,3,인턴,2026-09-16,8.5%,"53,261","13,925"
2026-09-10 23:21:07,4,옵세션,2026-09-02,5.7%,"35,669","270,722"
2026-09-10 23:21:07,5,스파이더맨: 브랜드 뉴 데이,2026-07-29,4.9%,"30,821","8,832,814"
2026-09-10 23:21:07,6,타짜: 벨제붑의 노래,2026-09-23,4.7%,"29,303","1,510"
2026-09-10 23:21:07,7,부활남: 더 레드,2026-09-30,2.3%,"14,072",0
2026-09-10 23:21:07,8,호프,2026-07-15,2.1%,"13,114","4,547,018"
2026-09-10 23:21:07,9,더 드라마,2026-09-09,2.1%,"12,909","16,877"
2026-09-10 23:21:07,10,엔하이픈 브이알콘서트 : 데스티니,2026-09-18,1.3%,"8,381",0
2026-09-10 23:21:07,11,싱 어게인,2026-09-02,1.3%,"8,034","70,887"
2026-09-10 23:21:07,12,포가튼 아일랜드,2026-09-23,1.0%,"6,225","2,458"
2026-09-10 23:21:07,13,이누야샤 극장판: 시대를 초월한 마음,2026-09-09,0.9%,"5,338","4,811"
2026-09-10 23:21:07,14,비광,2026-09-02,0.8%,"5,128","84,920"
2026-09-10 23:21:07,15,오아시스: 돈 룩 백 인 앵거,2026-09-09,0.8%,"4,942","4,545"
2026-09-10 23:21:07,16,아가미,2026-09-09,0.8%,"4,781","4,041"
2026-09-10 23:21:07,17,아이유 콘서트 : 더 위닝,재개봉일 : 2026-09-16 2025-01-24,0.7%,"4,578","75,872"
2026-09-10 23:21:07,18,아이유 콘서트 : 더 골든 아워,재개봉일 : 2026-09-09 2023-09-13,0.7%,"4,483","90,143"
2026-09-10 23:21:07,19,아비정전 4K 리마스터링,"재개봉일 : 2017-03-30, 2026-09-12 1990-12-22",0.7%,"4,129","35,616"
2026-09-10 23:21:07,20,연옥: 살인마들의 자치구역,2026-09-09,0.6%,"4,046","3,683"
2026-09-10 23:21:07,21,네 얼굴로는 울 수 없어,2026-09-09,0.6%,"3,923","2,440"
2026-09-10 23:21:07,22,경주기행,2026-08-26,0.6%,"3,869","311,800"
2026-09-10 23:21:07,23,딥 워터,2026-09-09,0.5%,"3,199","3,500"
2026-09-10 23:21:07,24,리틀 드래곤: 몬스터 섬의 비밀,2026-09-09,0.4%,"2,501","1,010"
2026-09-10 23:21:07,25,카를로비바리,2026-09-09,0.4%,"2,494",947
2026-09-11 00:21:07,1,오디세이,2026-08-05,41.2%,"259,622","10,333,247"
2026-09-11 00:21:07,2,암살자(들),2026-09-23,8.9%,"55,932",657
2026-09-11 00:21:07,3,인턴,2026-09-16,8.5%,"53,306","13,925"
2026-09-11 00:21:07,4,옵세션,2026-09-02,5.9%,"37,077","298,321"
2026-09-11 00:21:07,5,스파이더맨: 브랜드 뉴 데이,2026-07-29,5.0%,"31,321","8,845,694"
2026-09-11 00:21:07,6,타짜: 벨제붑의 노래,2026-09-23,4.7%,"29,809","1,510"
2026-09-11 00:21:07,7,부활남: 더 레드,2026-09-30,2.2%,"14,091",0
2026-09-11 00:21:07,8,호프,2026-07-15,2.1%,"13,227","4,551,486"
2026-09-11 00:21:07,9,더 드라마,2026-09-09,2.1%,"13,173","24,119"
2026-09-11 00:21:07,10,엔하이픈 브이알콘서트 : 데스티니,2026-09-18,1.3%,"8,411",0
2026-09-11 00:21:07,11,싱 어게인,2026-09-02,1.3%,"8,260","74,120"
2026-09-11 00:21:07,12,포가튼 아일랜드,2026-09-23,1.0%,"6,225","2,458"
2026-09-11 00:21:07,13,이누야샤 극장판: 시대를 초월한 마음,2026-09-09,0.9%,"5,392","8,894"
2026-09-11 00:21:07,14,비광,2026-09-02,0.8%,"5,117","87,389"
2026-09-11 00:21:07,15,오아시스: 돈 룩 백 인 앵거,2026-09-09,0.8%,"5,038","6,842"
2026-09-11 00:21:07,16,아가미,2026-09-09,0.8%,"4,806","5,886"
2026-09-11 00:21:07,17,아이유 콘서트 : 더 위닝,재개봉일 : 2026-09-16 2025-01-24,0.7%,"4,580","75,872"
2026-09-11 00:21:07,18,아이유 콘서트 : 더 골든 아워,재개봉일 : 2026-09-09 2023-09-13,0.7%,"4,483","91,124"
2026-09-11 00:21:07,19,아비정전 4K 리마스터링,"재개봉일 : 2017-03-30, 2026-09-12 1990-12-22",0.7%,"4,153","35,616"
2026-09-11 00:21:07,20,연옥: 살인마들의 자치구역,2026-09-09,0.6%,"4,038","5,770"
2026-09-11 00:21:07,21,경주기행,2026-08-26,0.6%,"3,958","315,646"
2026-09-11 00:21:07,22,네 얼굴로는 울 수 없어,2026-09-09,0.6%,"3,942","4,414"
2026-09-11 00:21:07,23,딥 워터,2026-09-09,0.5%,"3,225","5,770"
2026-09-11 00:21:07,24,리틀 드래곤: 몬스터 섬의 비밀,2026-09-09,0.4%,"2,513","1,360"
2026-09-11 00:21:07,25,카를로비바리,2026-09-09,0.4%,"2,498","1,453"
2026-09-11 01:21:07,1,오디세이,2026-08-05,41.2%,"261,346","10,333,237"
2026-09-11 01:21:07,2,암살자(들),2026-09-23,8.8%,"55,977",657
2026-09-11 01:21:07,3,인턴,2026-09-16,8.4%,"53,350","13,925"
2026-09-11 01:21:07,4,옵세션,2026-09-02,6.0%,"38,056","298,337"
2026-09-11 01:21:07,5,스파이더맨: 브랜드 뉴 데이,2026-07-29,5.0%,"31,635","8,845,696"
2026-09-11 01:21:07,6,타짜: 벨제붑의 노래,2026-09-23,4.7%,"29,905","1,510"
2026-09-11 01:21:07,7,부활남: 더 레드,2026-09-30,2.2%,"14,096",0
2026-09-11 01:21:07,8,호프,2026-07-15,2.1%,"13,322","4,551,487"
2026-09-11 01:21:07,9,더 드라마,2026-09-09,2.1%,"13,305","24,119"
2026-09-11 01:21:07,10,엔하이픈 브이알콘서트 : 데스티니,2026-09-18,1.3%,"8,437",0
2026-09-11 01:21:07,11,싱 어게인,2026-09-02,1.3%,"8,384","74,120"
2026-09-11 01:21:07,12,포가튼 아일랜드,2026-09-23,1.0%,"6,225","2,458"
2026-09-11 01:21:07,13,이누야샤 극장판: 시대를 초월한 마음,2026-09-09,0.9%,"5,491","8,894"
2026-09-11 01:21:07,14,비광,2026-09-02,0.8%,"5,122","87,389"
2026-09-11 01:21:07,15,오아시스: 돈 룩 백 인 앵거,2026-09-09,0.8%,"5,121","6,842"
2026-09-11 01:21:07,16,아가미,2026-09-09,0.8%,"4,814","5,886"
2026-09-11 01:21:07,17,아이유 콘서트 : 더 위닝,재개봉일 : 2026-09-16 2025-01-24,0.7%,"4,593","75,872"
2026-09-11 01:21:07,18,아이유 콘서트 : 더 골든 아워,재개봉일 : 2026-09-09 2023-09-13,0.7%,"4,505","91,124"
2026-09-11 01:21:07,19,아비정전 4K 리마스터링,"재개봉일 : 2017-03-30, 2026-09-12 1990-12-22",0.7%,"4,183","35,616"
2026-09-11 01:21:07,20,경주기행,2026-08-26,0.6%,"4,039","315,648"
2026-09-11 01:21:07,21,연옥: 살인마들의 자치구역,2026-09-09,0.6%,"4,034","5,770"
2026-09-11 01:21:07,22,네 얼굴로는 울 수 없어,2026-09-09,0.6%,"3,970","4,414"
2026-09-11 01:21:07,23,딥 워터,2026-09-09,0.5%,"3,234","5,770"
2026-09-11 01:21:07,24,리틀 드래곤: 몬스터 섬의 비밀,2026-09-09,0.4%,"2,516","1,360"
2026-09-11 01:21:07,25,카를로비바리,2026-09-09,0.4%,"2,510","1,453"
2026-09-11 02:21:07,1,오디세이,2026-08-05,41.2%,"262,130","10,333,237"
2026-09-11 02:21:07,2,암살자(들),2026-09-23,8.8%,"56,004",657
2026-09-11 02:21:07,3,인턴,2026-09-16,8.4%,"53,372","13,925"
2026-09-11 02:21:07,4,옵세션,2026-09-02,6.1%,"38,582","298,337"
2026-09-11 02:21:07,5,스파이더맨: 브랜드 뉴 데이,2026-07-29,5.0%,"31,747","8,845,696"
2026-09-11 02:21:07,6,타짜: 벨제붑의 노래,2026-09-23,4.7%,"29,987","1,510"
2026-09-11 02:21:07,7,부활남: 더 레드,2026-09-30,2.2%,"14,093",0
2026-09-11 02:21:07,8,더 드라마,2026-09-09,2.1%,"13,366","24,119"
2026-09-11 02:21:07,9,호프,2026-07-15,2.1%,"13,359","4,551,487"
2026-09-11 02:21:07,10,엔하이픈 브이알콘서트 : 데스티니,2026-09-18,1.3%,"8,438",0
2026-09-11 02:21:07,11,싱 어게인,2026-09-02,1.3%,"8,425","74,120"
2026-09-11 02:21:07,12,포가튼 아일랜드,2026-09-23,1.0%,"6,225","2,458"
2026-09-11 02:21:07,13,이누야샤 극장판: 시대를 초월한 마음,2026-09-09,0.9%,"5,535","8,894"
2026-09-11 02:21:07,14,오아시스: 돈 룩 백 인 앵거,2026-09-09,0.8%,"5,149","6,842"
2026-09-11 02:21:07,15,비광,2026-09-02,0.8%,"5,128","87,389"
2026-09-11 02:21:07,16,아가미,2026-09-09,0.8%,"4,824","5,886"
2026-09-11 02:21:07,17,아이유 콘서트 : 더 위닝,재개봉일 : 2026-09-16 2025-01-24,0.7%,"4,594","75,872"
2026-09-11 02:21:07,18,아이유 콘서트 : 더 골든 아워,재개봉일 : 2026-09-09 2023-09-13,0.7%,"4,506","91,124"
2026-09-11 02:21:07,19,아비정전 4K 리마스터링,"재개봉일 : 2017-03-30, 2026-09-12 1990-12-22",0.7%,"4,189","35,616"
2026-09-11 02:21:07,20,경주기행,2026-08-26,0.6%,"4,062","315,648"
2026-09-11 02:21:07,21,연옥: 살인마들의 자치구역,2026-09-09,0.6%,"4,032","5,770"
2026-09-11 02:21:07,22,네 얼굴로는 울 수 없어,2026-09-09,0.6%,"3,990","4,414"
2026-09-11 02:21:07,23,딥 워터,2026-09-09,0.5%,"3,250","5,770"
2026-09-11 02:21:07,24,리틀 드래곤: 몬스터 섬의 비밀,2026-09-09,0.4%,"2,516","1,360"
2026-09-11 02:21:07,25,카를로비바리,2026-09-09,0.4%,"2,514","1,453"
2026-09-11 03:21:07,1,오디세이,2026-08-05,41.2%,"262,441","10,333,237"
2026-09-11 03:21:07,2,암살자(들),2026-09-23,8.8%,"56,018",657
2026-09-11 03:21:07,3,인턴,2026-09-16,8.4%,"53,393","13,925"
2026-09-11 03:21:07,4,옵세션,2026-09-02,6.1%,"38,856","298,337"
2026-09-11 03:21:07,5,스파이더맨: 브랜드 뉴 데이,2026-07-29,5.0%,"31,775","8,845,696"
2026-09-11 03:21:07,6,타짜: 벨제붑의 노래,2026-09-23,4.7%,"30,005","1,510"
2026-09-11 03:21:07,7,부활남: 더 레드,2026-09-30,2.2%,"14,099",0
2026-09-11 03:21:07,8,더 드라마,2026-09-09,2.1%,"13,397","24,119"
2026-09-11 03:21:07,9,호프,2026-07-15,2.1%,"13,377","4,551,487"
2026-09-11 03:21:07,10,싱 어게인,2026-09-02,1.3%,"8,445","74,120"
2026-09-11 03:21:07,11,엔하이픈 브이알콘서트 : 데스티니,2026-09-18,1.3%,"8,444",0
2026-09-11 03:21:07,12,포가튼 아일랜드,2026-09-23,1.0%,"6,225","2,458"
2026-09-11 03:21:07,13,이누야샤 극장판: 시대를 초월한 마음,2026-09-09,0.9%,"5,565","8,894"
2026-09-11 03:21:07,14,오아시스: 돈 룩 백 인 앵거,2026-09-09,0.8%,"5,164","6,842"
2026-09-11 03:21:07,15,비광,2026-09-02,0.8%,"5,126","87,389"
2026-09-11 03:21:07,16,아가미,2026-09-09,0.8%,"4,815","5,886"
2026-09-11 03:21:07,17,아이유 콘서트 : 더 위닝,재개봉일 : 2026-09-16 2025-01-24,0.7%,"4,598","75,872"
2026-09-11 03:21:07,18,아이유 콘서트 : 더 골든 아워,재개봉일 : 2026-09-09 2023-09-13,0.7%,"4,506","91,124"
2026-09-11 03:21:07,19,아비정전 4K 리마스터링,"재개봉일 : 2017-03-30, 2026-09-12 1990-12-22",0.7%,"4,199","35,616"
2026-09-11 03:21:07,20,경주기행,2026-08-26,0.6%,"4,065","315,648"
2026-09-11 03:21:07,21,연옥: 살인마들의 자치구역,2026-09-09,0.6%,"4,026","5,770"
2026-09-11 03:21:07,22,네 얼굴로는 울 수 없어,2026-09-09,0.6%,"3,999","4,414"
2026-09-11 03:21:07,23,딥 워터,2026-09-09,0.5%,"3,255","5,770"
2026-09-11 03:21:07,24,리틀 드래곤: 몬스터 섬의 비밀,2026-09-09,0.4%,"2,516","1,360"
2026-09-11 03:21:07,24,카를로비바리,2026-09-09,0.4%,"2,516","1,453"
2026-09-11 04:21:07,1,오디세이,2026-08-05,41.2%,"262,673","10,333,237"
2026-09-11 04:21:07,2,암살자(들),2026-09-23,8.8%,"56,027",657
2026-09-11 04:21:07,3,인턴,2026-09-16,8.4%,"53,394","13,925"
2026-09-11 04:21:07,4,옵세션,2026-09-02,6.1%,"38,991","298,337"
2026-09-11 04:21:07,5,스파이더맨: 브랜드 뉴 데이,2026-07-29,5.0%,"31,786","8,845,696"
2026-09-11 04:21:07,6,타짜: 벨제붑의 노래,2026-09-23,4.7%,"30,022","1,510"
2026-09-11 04:21:07,7,부활남: 더 레드,2026-09-30,2.2%,"14,099",0
2026-09-11 04:21:07,8,더 드라마,2026-09-09,2.1%,"13,423","24,119"
2026-09-11 04:21:07,9,호프,2026-07-15,2.1%,"13,385","4,551,487"
2026-09-11 04:21:07,10,엔하이픈 브이알콘서트 : 데스티니,2026-09-18,1.3%,"8,444",0
2026-09-11 04:21:07,11,싱 어게인,2026-09-02,1.3%,"8,441","74,120"
2026-09-11 04:21:07,12,포가튼 아일랜드,2026-09-23,1.0%,"6,225","2,458"
2026-09-11 04:21:07,13,이누야샤 극장판: 시대를 초월한 마음,2026-09-09,0.9%,"5,585","8,894"
2026-09-11 04:21:07,14,오아시스: 돈 룩 백 인 앵거,2026-09-09,0.8%,"5,168","6,842"
2026-09-11 04:21:07,15,비광,2026-09-02,0.8%,"5,128","87,389"
2026-09-11 04:21:07,16,아가미,2026-09-09,0.8%,"4,814","5,886"
2026-09-11 04:21:07,17,아이유 콘서트 : 더 위닝,재개봉일 : 2026-09-16 2025-01-24,0.7%,"4,598","75,872"
2026-09-11 04:21:07,18,아이유 콘서트 : 더 골든 아워,재개봉일 : 2026-09-09 2023-09-13,0.7%,"4,511","91,124"
2026-09-11 04:21:07,19,아비정전 4K 리마스터링,"재개봉일 : 2017-03-30, 2026-09-12 1990-12-22",0.7%,"4,203","35,616"
2026-09-11 04:21:07,20,경주기행,2026-08-26,0.6%,"4,069","315,648"
2026-09-11 04:21:07,21,연옥: 살인마들의 자치구역,2026-09-09,0.6%,"4,027","5,770"
2026-09-11 04:21:07,22,네 얼굴로는 울 수 없어,2026-09-09,0.6%,"4,000","4,414"
2026-09-11 04:21:07,23,딥 워터,2026-09-09,0.5%,"3,259","5,770"
2026-09-11 04:21:07,24,리틀 드래곤: 몬스터 섬의 비밀,2026-09-09,0.4%,"2,516","1,360"
2026-09-11 04:21:07,24,카를로비바리,2026-09-09,0.4%,"2,516","1,453"
2026-09-11 05:21:07,1,오디세이,2026-08-05,41.1%,"262,578","10,333,246"
2026-09-11 05:21:07,2,암살자(들),2026-09-23,8.8%,"56,031",657
2026-09-11 05:21:07,3,인턴,2026-09-16,8.4%,"53,414","13,925"
2026-09-11 05:21:07,4,옵세션,2026-09-02,6.1%,"39,063","298,339"
2026-09-11 05:21:07,5,스파이더맨: 브랜드 뉴 데이,2026-07-29,5.0%,"31,821","8,845,696"
2026-09-11 05:21:07,6,타짜: 벨제붑의 노래,2026-09-23,4.7%,"30,027","1,510"
2026-09-11 05:21:07,7,부활남: 더 레드,2026-09-30,2.2%,"14,101",0
2026-09-11 05:21:07,8,더 드라마,2026-09-09,2.1%,"13,432","24,119"
2026-09-11 05:21:07,9,호프,2026-07-15,2.1%,"13,390","4,551,487"
2026-09-11 05:21:07,10,엔하이픈 브이알콘서트 : 데스티니,2026-09-18,1.3%,"8,444",0
2026-09-11 05:21:07,11,싱 어게인,2026-09-02,1.3%,"8,442","74,121"
2026-09-11 05:21:07,12,포가튼 아일랜드,2026-09-23,1.0%,"6,225","2,458"
2026-09-11 05:21:07,13,이누야샤 극장판: 시대를 초월한 마음,2026-09-09,0.9%,"5,599","8,894"
2026-09-11 05:21:07,14,오아시스: 돈 룩 백 인 앵거,2026-09-09,0.8%,"5,172","6,842"
2026-09-11 05:21:07,15,비광,2026-09-02,0.8%,"5,122","87,393"
2026-09-11 05:21:07,16,아가미,2026-09-09,0.8%,"4,806","5,886"
2026-09-11 05:21:07,17,아이유 콘서트 : 더 위닝,재개봉일 : 2026-09-16 2025-01-24,0.7%,"4,603","75,872"
2026-09-11 05:21:07,18,아이유 콘서트 : 더 골든 아워,재개봉일 : 2026-09-09 2023-09-13,0.7%,"4,511","91,124"
2026-09-11 05:21:07,19,아비정전 4K 리마스터링,"재개봉일 : 2017-03-30, 2026-09-12 1990-12-22",0.7%,"4,212","35,616"
2026-09-11 05:21:07,20,경주기행,2026-08-26,0.6%,"4,069","315,754"
2026-09-11 05:21:07,21,연옥: 살인마들의 자치구역,2026-09-09,0.6%,"4,028","5,770"
2026-09-11 05:21:07,22,네 얼굴로는 울 수 없어,2026-09-09,0.6%,"4,002","4,414"
2026-09-11 05:21:07,23,딥 워터,2026-09-09,0.5%,"3,257","5,770"
2026-09-11 05:21:07,24,리틀 드래곤: 몬스터 섬의 비밀,2026-09-09,0.4%,"2,516","1,360"
2026-09-11 05:21:07,25,카를로비바리,2026-09-09,0.4%,"2,515","1,453"
2026-09-11 06:21:07,1,오디세이,2026-08-05,41.1%,"261,781","10,333,246"
2026-09-11 06:21:07,2,암살자(들),2026-09-23,8.8%,"56,044",657
2026-09-11 06:21:07,3,인턴,2026-09-16,8.4%,"53,440","13,925"
2026-09-11 06:21:07,4,옵세션,2026-09-02,6.1%,"39,105","298,339"
2026-09-11 06:21:07,5,스파이더맨: 브랜드 뉴 데이,2026-07-29,5.0%,"31,826","8,845,696"
2026-09-11 06:21:07,6,타짜: 벨제붑의 노래,2026-09-23,4.7%,"30,048","1,510"
2026-09-11 06:21:07,7,부활남: 더 레드,2026-09-30,2.2%,"14,108",0
2026-09-11 06:21:07,8,더 드라마,2026-09-09,2.1%,"13,441","24,119"
2026-09-11 06:21:07,9,호프,2026-07-15,2.1%,"13,254","4,551,487"
2026-09-11 06:21:07,10,엔하이픈 브이알콘서트 : 데스티니,2026-09-18,1.3%,"8,444",0
2026-09-11 06:21:07,11,싱 어게인,2026-09-02,1.3%,"8,437","74,121"
2026-09-11 06:21:07,12,포가튼 아일랜드,2026-09-23,1.0%,"6,225","2,458"
2026-09-11 06:21:07,13,이누야샤 극장판: 시대를 초월한 마음,2026-09-09,0.9%,"5,618","8,894"
2026-09-11 06:21:07,14,오아시스: 돈 룩 백 인 앵거,2026-09-09,0.8%,"5,170","6,842"
2026-09-11 06:21:07,15,비광,2026-09-02,0.8%,"5,125","87,393"
2026-09-11 06:21:07,16,아가미,2026-09-09,0.8%,"4,796","5,886"
2026-09-11 06:21:07,17,아이유 콘서트 : 더 위닝,재개봉일 : 2026-09-16 2025-01-24,0.7%,"4,607","75,872"
2026-09-11 06:21:07,18,아이유 콘서트 : 더 골든 아워,재개봉일 : 2026-09-09 2023-09-13,0.7%,"4,510","91,124"
2026-09-11 06:21:07,19,아비정전 4K 리마스터링,"재개봉일 : 2017-03-30, 2026-09-12 1990-12-22",0.7%,"4,206","35,616"
2026-09-11 06:21:07,20,경주기행,2026-08-26,0.6%,"4,061","315,754"
2026-09-11 06:21:07,21,연옥: 살인마들의 자치구역,2026-09-09,0.6%,"4,021","5,770"
2026-09-11 06:21:07,22,네 얼굴로는 울 수 없어,2026-09-09,0.6%,"3,998","4,414"
2026-09-11 06:21:07,23,딥 워터,2026-09-09,0.5%,"3,267","5,770"
2026-09-11 06:21:07,24,리틀 드래곤: 몬스터 섬의 비밀,2026-09-09,0.4%,"2,519","1,360"
2026-09-11 06:21:07,25,카를로비바리,2026-09-09,0.4%,"2,516","1,453"
2026-09-11 07:21:06,1,오디세이,2026-08-05,41.0%,"260,745","10,333,246"
2026-09-11 07:21:06,2,암살자(들),2026-09-23,8.8%,"56,067",657
2026-09-11 07:21:06,3,인턴,2026-09-16,8.4%,"53,470","13,925"
2026-09-11 07:21:06,4,옵세션,2026-09-02,6.2%,"39,175","298,339"
2026-09-11 07:21:06,5,스파이더맨: 브랜드 뉴 데이,2026-07-29,5.0%,"31,637","8,845,696"
2026-09-11 07:21:06,6,타짜: 벨제붑의 노래,2026-09-23,4.7%,"30,080","1,510"
2026-09-11 07:21:06,7,부활남: 더 레드,2026-09-30,2.2%,"14,111",0
2026-09-11 07:21:06,8,더 드라마,2026-09-09,2.1%,"13,444","24,119"
2026-09-11 07:21:06,9,호프,2026-07-15,2.1%,"13,190","4,551,487"
2026-09-11 07:21:06,10,엔하이픈 브이알콘서트 : 데스티니,2026-09-18,1.3%,"8,445",0
2026-09-11 07:21:06,11,싱 어게인,2026-09-02,1.3%,"8,355","74,121"
2026-09-11 07:21:06,12,포가튼 아일랜드,2026-09-23,1.0%,"6,225","2,458"
2026-09-11 07:21:06,13,이누야샤 극장판: 시대를 초월한 마음,2026-09-09,0.9%,"5,621","8,894"
2026-09-11 07:21:06,14,오아시스: 돈 룩 백 인 앵거,2026-09-09,0.8%,"5,144","6,842"
2026-09-11 07:21:06,15,비광,2026-09-02,0.8%,"5,127","87,393"
2026-09-11 07:21:06,16,아가미,2026-09-09,0.7%,"4,758","5,886"
2026-09-11 07:21:06,17,아이유 콘서트 : 더 위닝,재개봉일 : 2026-09-16 2025-01-24,0.7%,"4,611","75,872"
2026-09-11 07:21:06,18,아이유 콘서트 : 더 골든 아워,재개봉일 : 2026-09-09 2023-09-13,0.7%,"4,508","91,124"
2026-09-11 07:21:06,19,아비정전 4K 리마스터링,"재개봉일 : 2017-03-30, 2026-09-12 1990-12-22",0.7%,"4,229","35,616"
2026-09-11 07:21:06,20,경주기행,2026-08-26,0.6%,"4,071","315,754"
2026-09-11 07:21:06,21,연옥: 살인마들의 자치구역,2026-09-09,0.6%,"4,037","5,770"
2026-09-11 07:21:06,22,네 얼굴로는 울 수 없어,2026-09-09,0.6%,"4,004","4,414"
2026-09-11 07:21:06,23,딥 워터,2026-09-09,0.5%,"3,266","5,770"
2026-09-11 07:21:06,24,카를로비바리,2026-09-09,0.4%,"2,515","1,453"
2026-09-11 07:21:06,25,리틀 드래곤: 몬스터 섬의 비밀,2026-09-09,0.4%,"2,514","1,360"
2026-09-11 08:21:06,1,오디세이,2026-08-05,40.8%,"257,923","10,333,247"
2026-09-11 08:21:06,2,암살자(들),2026-09-23,8.9%,"56,100",657
2026-09-11 08:21:06,3,인턴,2026-09-16,8.5%,"53,512","13,925"
2026-09-11 08:21:06,4,옵세션,2026-09-02,6.2%,"39,279","298,339"
2026-09-11 08:21:06,5,스파이더맨: 브랜드 뉴 데이,2026-07-29,5.0%,"31,384","8,845,696"
2026-09-11 08:21:06,6,타짜: 벨제붑의 노래,2026-09-23,4.8%,"30,155","1,510"
2026-09-11 08:21:06,7,부활남: 더 레드,2026-09-30,2.2%,"14,127",0
2026-09-11 08:21:06,8,더 드라마,2026-09-09,2.1%,"13,370","24,119"
2026-09-11 08:21:06,9,호프,2026-07-15,2.0%,"12,932","4,551,486"
2026-09-11 08:21:06,10,엔하이픈 브이알콘서트 : 데스티니,2026-09-18,1.3%,"8,450",0
2026-09-11 08:21:06,11,싱 어게인,2026-09-02,1.3%,"8,212","74,122"
2026-09-11 08:21:06,12,포가튼 아일랜드,2026-09-23,1.0%,"6,408","2,458"
2026-09-11 08:21:06,13,이누야샤 극장판: 시대를 초월한 마음,2026-09-09,0.9%,"5,659","8,894"
2026-09-11 08:21:06,14,오아시스: 돈 룩 백 인 앵거,2026-09-09,0.8%,"5,106","6,842"
2026-09-11 08:21:06,15,비광,2026-09-02,0.8%,"5,082","87,393"
2026-09-11 08:21:06,16,아가미,2026-09-09,0.7%,"4,716","5,886"
2026-09-11 08:21:06,17,아이유 콘서트 : 더 위닝,재개봉일 : 2026-09-16 2025-01-24,0.7%,"4,616","75,872"
2026-09-11 08:21:06,18,아이유 콘서트 : 더 골든 아워,재개봉일 : 2026-09-09 2023-09-13,0.7%,"4,518","91,124"
2026-09-11 08:21:06,19,아비정전 4K 리마스터링,"재개봉일 : 2017-03-30, 2026-09-12 1990-12-22",0.7%,"4,258","35,616"
2026-09-11 08:21:06,20,연옥: 살인마들의 자치구역,2026-09-09,0.6%,"4,005","5,770"
2026-09-11 08:21:06,21,경주기행,2026-08-26,0.6%,"3,982","315,754"
2026-09-11 08:21:06,22,네 얼굴로는 울 수 없어,2026-09-09,0.6%,"3,971","4,414"
2026-09-11 08:21:06,23,딥 워터,2026-09-09,0.5%,"3,270","5,770"
2026-09-11 08:21:06,24,카를로비바리,2026-09-09,0.4%,"2,518","1,454"
2026-09-11 08:21:06,25,리틀 드래곤: 몬스터 섬의 비밀,2026-09-09,0.4%,"2,514","1,360"
2026-09-11 09:21:06,1,오디세이,2026-08-05,40.6%,"255,945","10,333,247"
2026-09-11 09:21:06,2,암살자(들),2026-09-23,8.9%,"56,156",657
2026-09-11 09:21:06,3,인턴,2026-09-16,8.5%,"53,616","13,925"
2026-09-11 09:21:06,4,옵세션,2026-09-02,6.3%,"39,674","298,339"
2026-09-11 09:21:06,5,스파이더맨: 브랜드 뉴 데이,2026-07-29,4.9%,"30,959","8,845,696"
2026-09-11 09:21:06,6,타짜: 벨제붑의 노래,2026-09-23,4.8%,"30,213","1,510"
2026-09-11 09:21:06,7,부활남: 더 레드,2026-09-30,2.3%,"14,244",0
2026-09-11 09:21:06,8,더 드라마,2026-09-09,2.1%,"13,294","24,119"
2026-09-11 09:21:06,9,호프,2026-07-15,2.0%,"12,674","4,551,486"
2026-09-11 09:21:06,10,엔하이픈 브이알콘서트 : 데스티니,2026-09-18,1.3%,"8,455",0
2026-09-11 09:21:06,11,싱 어게인,2026-09-02,1.3%,"8,184","74,122"
2026-09-11 09:21:06,12,포가튼 아일랜드,2026-09-23,1.1%,"6,720","2,458"
2026-09-11 09:21:06,13,이누야샤 극장판: 시대를 초월한 마음,2026-09-09,0.9%,"5,662","8,894"
2026-09-11 09:21:06,14,오아시스: 돈 룩 백 인 앵거,2026-09-09,0.8%,"5,113","6,842"
2026-09-11 09:21:06,15,비광,2026-09-02,0.8%,"4,993","87,393"
2026-09-11 09:21:06,16,아이유 콘서트 : 더 위닝,재개봉일 : 2026-09-16 2025-01-24,0.7%,"4,623","75,872"
2026-09-11 09:21:06,17,아가미,2026-09-09,0.7%,"4,554","5,886"
2026-09-11 09:21:06,18,아이유 콘서트 : 더 골든 아워,재개봉일 : 2026-09-09 2023-09-13,0.7%,"4,489","91,124"
2026-09-11 09:21:06,19,아비정전 4K 리마스터링,"재개봉일 : 2017-03-30, 2026-09-12 1990-12-22",0.7%,"4,285","35,616"
2026-09-11 09:21:06,20,연옥: 살인마들의 자치구역,2026-09-09,0.6%,"3,963","5,770"
2026-09-11 09:21:06,21,경주기행,2026-08-26,0.6%,"3,915","315,754"
2026-09-11 09:21:06,22,네 얼굴로는 울 수 없어,2026-09-09,0.6%,"3,873","4,414"
2026-09-11 09:21:06,23,딥 워터,2026-09-09,0.5%,"3,283","5,770"
2026-09-11 09:21:06,24,카를로비바리,2026-09-09,0.4%,"2,513","1,454"
2026-09-11 09:21:06,25,리틀 드래곤: 몬스터 섬의 비밀,2026-09-09,0.4%,"2,505","1,360"
2026-09-11 10:21:06,1,오디세이,2026-08-05,40.7%,"257,184","10,333,247"
2026-09-11 10:21:06,2,암살자(들),2026-09-23,8.9%,"56,230",657
2026-09-11 10:21:06,3,인턴,2026-09-16,8.5%,"53,731","13,925"
2026-09-11 10:21:06,4,옵세션,2026-09-02,6.4%,"40,404","298,339"
2026-09-11 10:21:06,5,스파이더맨: 브랜드 뉴 데이,2026-07-29,4.9%,"30,732","8,845,696"
2026-09-11 10:21:06,6,타짜: 벨제붑의 노래,2026-09-23,4.8%,"30,320","1,510"
2026-09-11 10:21:06,7,부활남: 더 레드,2026-09-30,2.3%,"14,261",0
2026-09-11 10:21:06,8,더 드라마,2026-09-09,2.1%,"13,266","24,119"
2026-09-11 10:21:06,9,호프,2026-07-15,2.0%,"12,658","4,551,486"
2026-09-11 10:21:06,10,엔하이픈 브이알콘서트 : 데스티니,2026-09-18,1.3%,"8,459",0
2026-09-11 10:21:06,11,싱 어게인,2026-09-02,1.3%,"8,162","74,122"
2026-09-11 10:21:06,12,포가튼 아일랜드,2026-09-23,1.1%,"6,720","2,458"
2026-09-11 10:21:06,13,이누야샤 극장판: 시대를 초월한 마음,2026-09-09,0.9%,"5,720","8,894"
2026-09-11 10:21:06,14,오아시스: 돈 룩 백 인 앵거,2026-09-09,0.8%,"5,123","6,842"
2026-09-11 10:21:06,15,비광,2026-09-02,0.8%,"4,962","87,393"
2026-09-11 10:21:06,16,아이유 콘서트 : 더 위닝,재개봉일 : 2026-09-16 2025-01-24,0.7%,"4,627","75,872"
2026-09-11 10:21:06,17,아이유 콘서트 : 더 골든 아워,재개봉일 : 2026-09-09 2023-09-13,0.7%,"4,498","91,124"
2026-09-11 10:21:06,18,아가미,2026-09-09,0.7%,"4,459","5,886"
2026-09-11 10:21:06,19,아비정전 4K 리마스터링,"재개봉일 : 2017-03-30, 2026-09-12 1990-12-22",0.7%,"4,322","35,616"
2026-09-11 10:21:06,20,경주기행,2026-08-26,0.6%,"3,976","315,754"
2026-09-11 10:21:06,21,연옥: 살인마들의 자치구역,2026-09-09,0.6%,"3,667","5,770"
2026-09-11 10:21:06,22,네 얼굴로는 울 수 없어,2026-09-09,0.6%,"3,586","4,414"
2026-09-11 10:21:06,23,딥 워터,2026-09-09,0.5%,"3,301","5,770"
2026-09-11 10:21:06,24,리틀 드래곤: 몬스터 섬의 비밀,2026-09-09,0.4%,"2,500","1,360"
2026-09-11 10:21:06,25,카를로비바리,2026-09-09,0.4%,"2,352","1,454"
2026-09-11 11:21:06,1,오디세이,2026-08-05,40.7%,"257,053","10,333,243"
2026-09-11 11:21:06,2,암살자(들),2026-09-23,8.9%,"56,328",657
2026-09-11 11:21:06,3,인턴,2026-09-16,8.5%,"53,862","13,925"
2026-09-11 11:21:06,4,옵세션,2026-09-02,6.5%,"41,052","298,339"
2026-09-11 11:21:06,5,스파이더맨: 브랜드 뉴 데이,2026-07-29,4.9%,"30,819","8,845,696"
2026-09-11 11:21:06,6,타짜: 벨제붑의 노래,2026-09-23,4.8%,"30,416","1,510"
2026-09-11 11:21:06,7,부활남: 더 레드,2026-09-30,2.3%,"14,287",0
2026-09-11 11:21:06,8,더 드라마,2026-09-09,2.1%,"13,398","24,119"
2026-09-11 11:21:06,9,호프,2026-07-15,2.0%,"12,490","4,551,486"
2026-09-11 11:21:06,10,엔하이픈 브이알콘서트 : 데스티니,2026-09-18,1.3%,"8,479",0
2026-09-11 11:21:06,11,싱 어게인,2026-09-02,1.3%,"8,117","74,122"
2026-09-11 11:21:06,12,포가튼 아일랜드,2026-09-23,1.1%,"6,720","2,458"
2026-09-11 11:21:06,13,이누야샤 극장판: 시대를 초월한 마음,2026-09-09,0.9%,"5,689","8,894"
2026-09-11 11:21:06,14,오아시스: 돈 룩 백 인 앵거,2026-09-09,0.8%,"5,136","6,842"
2026-09-11 11:21:06,15,비광,2026-09-02,0.8%,"4,922","87,393"
2026-09-11 11:21:06,16,아이유 콘서트 : 더 위닝,재개봉일 : 2026-09-16 2025-01-24,0.7%,"4,634","75,872"
2026-09-11 11:21:06,17,아이유 콘서트 : 더 골든 아워,재개봉일 : 2026-09-09 2023-09-13,0.7%,"4,472","91,124"
2026-09-11 11:21:06,18,아비정전 4K 리마스터링,"재개봉일 : 2017-03-30, 2026-09-12 1990-12-22",0.7%,"4,355","35,616"
2026-09-11 11:21:06,19,아가미,2026-09-09,0.7%,"4,208","5,886"
2026-09-11 11:21:06,20,경주기행,2026-08-26,0.6%,"3,939","315,754"
2026-09-11 11:21:06,21,연옥: 살인마들의 자치구역,2026-09-09,0.5%,"3,469","5,770"
2026-09-11 11:21:06,22,네 얼굴로는 울 수 없어,2026-09-09,0.5%,"3,452","4,414"
2026-09-11 11:21:06,23,딥 워터,2026-09-09,0.5%,"3,153","5,770"
2026-09-11 11:21:06,24,리틀 드래곤: 몬스터 섬의 비밀,2026-09-09,0.4%,"2,441","1,360"
2026-09-11 11:21:06,25,시간을 달리는 소녀,"재개봉일 : 2016-01-14, 2026-09-16 2007-06-14",0.4%,"2,311","111,665"
2026-09-11 12:21:10,1,오디세이,2026-08-05,40.7%,"256,488","10,333,243"
2026-09-11 12:21:10,2,암살자(들),2026-09-23,8.9%,"56,396",657
2026-09-11 12:21:10,3,인턴,2026-09-16,8.6%,"54,091","13,925"
2026-09-11 12:21:10,4,옵세션,2026-09-02,6.6%,"41,578","298,339"
2026-09-11 12:21:10,5,스파이더맨: 브랜드 뉴 데이,2026-07-29,4.8%,"30,508","8,845,696"
2026-09-11 12:21:10,6,타짜: 벨제붑의 노래,2026-09-23,4.8%,"30,463","1,510"
2026-09-11 12:21:10,7,부활남: 더 레드,2026-09-30,2.3%,"14,300",0
2026-09-11 12:21:10,8,더 드라마,2026-09-09,2.1%,"13,309","24,119"
2026-09-11 12:21:10,9,호프,2026-07-15,1.9%,"12,253","4,551,486"
2026-09-11 12:21:10,10,엔하이픈 브이알콘서트 : 데스티니,2026-09-18,1.3%,"8,506",0
2026-09-11 12:21:10,11,싱 어게인,2026-09-02,1.3%,"8,021","74,122"
2026-09-11 12:21:10,12,포가튼 아일랜드,2026-09-23,1.1%,"6,720","2,458"
2026-09-11 12:21:10,13,이누야샤 극장판: 시대를 초월한 마음,2026-09-09,0.9%,"5,649","8,894"
2026-09-11 12:21:10,14,오아시스: 돈 룩 백 인 앵거,2026-09-09,0.8%,"5,046","6,842"
2026-09-11 12:21:10,15,비광,2026-09-02,0.8%,"4,793","87,393"
2026-09-11 12:21:10,16,아이유 콘서트 : 더 위닝,재개봉일 : 2026-09-16 2025-01-24,0.7%,"4,640","75,872"
2026-09-11 12:21:10,17,아이유 콘서트 : 더 골든 아워,재개봉일 : 2026-09-09 2023-09-13,0.7%,"4,459","91,124"
2026-09-11 12:21:10,18,아비정전 4K 리마스터링,"재개봉일 : 2017-03-30, 2026-09-12 1990-12-22",0.7%,"4,400","35,616"
2026-09-11 12:21:10,19,경주기행,2026-08-26,0.6%,"4,010","315,754"
2026-09-11 12:21:10,20,아가미,2026-09-09,0.6%,"3,947","5,886"
2026-09-11 12:21:10,21,연옥: 살인마들의 자치구역,2026-09-09,0.5%,"3,324","5,770"
2026-09-11 12:21:10,22,네 얼굴로는 울 수 없어,2026-09-09,0.5%,"3,298","4,414"
2026-09-11 12:21:10,23,딥 워터,2026-09-09,0.5%,"3,119","5,770"
2026-09-11 12:21:10,24,리틀 드래곤: 몬스터 섬의 비밀,2026-09-09,0.4%,"2,430","1,360"
2026-09-11 12:21:10,25,시간을 달리는 소녀,"재개봉일 : 2016-01-14, 2026-09-16 2007-06-14",0.4%,"2,339","111,665"
2026-09-11 13:27:05,1,오디세이,2026-08-05,40.6%,"255,411","10,333,243"
2026-09-11 13:27:05,2,암살자(들),2026-09-23,9.0%,"56,541",657
2026-09-11 13:27:05,3,인턴,2026-09-16,8.6%,"54,244","13,925"
2026-09-11 13:27:05,4,옵세션,2026-09-02,6.7%,"41,980","298,339"
2026-09-11 13:27:05,5,타짜: 벨제붑의 노래,2026-09-23,4.9%,"30,936","1,510"
2026-09-11 13:27:05,6,스파이더맨: 브랜드 뉴 데이,2026-07-29,4.8%,"29,956","8,845,696"
2026-09-11 13:27:05,7,부활남: 더 레드,2026-09-30,2.3%,"14,520",0
2026-09-11 13:27:05,8,더 드라마,2026-09-09,2.1%,"13,181","24,119"
2026-09-11 13:27:05,9,호프,2026-07-15,1.9%,"12,080","4,551,486"
2026-09-11 13:27:05,10,엔하이픈 브이알콘서트 : 데스티니,2026-09-18,1.4%,"8,519",0
2026-09-11 13:27:05,11,싱 어게인,2026-09-02,1.2%,"7,831","74,122"
2026-09-11 13:27:05,12,포가튼 아일랜드,2026-09-23,1.1%,"6,853","2,458"
2026-09-11 13:27:05,13,이누야샤 극장판: 시대를 초월한 마음,2026-09-09,0.9%,"5,704","8,894"
2026-09-11 13:27:05,14,오아시스: 돈 룩 백 인 앵거,2026-09-09,0.8%,"4,958","6,842"
2026-09-11 13:27:05,15,비광,2026-09-02,0.7%,"4,688","87,393"
2026-09-11 13:27:05,16,아이유 콘서트 : 더 위닝,재개봉일 : 2026-09-16 2025-01-24,0.7%,"4,647","75,872"
2026-09-11 13:27:05,17,아비정전 4K 리마스터링,"재개봉일 : 2017-03-30, 2026-09-12 1990-12-22",0.7%,"4,457","35,616"
2026-09-11 13:27:05,18,아이유 콘서트 : 더 골든 아워,재개봉일 : 2026-09-09 2023-09-13,0.7%,"4,381","91,124"
2026-09-11 13:27:05,19,경주기행,2026-08-26,0.6%,"3,968","315,754"
2026-09-11 13:27:05,20,아가미,2026-09-09,0.6%,"3,661","5,886"
2026-09-11 13:27:05,21,네 얼굴로는 울 수 없어,2026-09-09,0.5%,"3,229","4,414"
2026-09-11 13:27:05,22,연옥: 살인마들의 자치구역,2026-09-09,0.5%,"3,222","5,770"
2026-09-11 13:27:05,23,딥 워터,2026-09-09,0.4%,"2,694","5,770"
2026-09-11 13:27:05,24,리틀 드래곤: 몬스터 섬의 비밀,2026-09-09,0.4%,"2,377","1,360"
2026-09-11 13:27:05,25,시간을 달리는 소녀,"재개봉일 : 2016-01-14, 2026-09-16 2007-06-14",0.4%,"2,361","111,665"
2026-09-11 14:27:13,1,오디세이,2026-08-05,40.6%,"254,919","10,333,243"
2026-09-11 14:27:13,2,암살자(들),2026-09-23,9.0%,"56,647",657
2026-09-11 14:27:13,3,인턴,2026-09-16,8.7%,"54,481","13,925"
2026-09-11 14:27:13,4,옵세션,2026-09-02,6.7%,"42,063","298,339"
2026-09-11 14:27:13,5,타짜: 벨제붑의 노래,2026-09-23,5.0%,"31,619","1,510"
2026-09-11 14:27:13,6,스파이더맨: 브랜드 뉴 데이,2026-07-29,4.7%,"29,791","8,845,695"
2026-09-11 14:27:13,7,부활남: 더 레드,2026-09-30,2.3%,"14,536",0
2026-09-11 14:27:13,8,더 드라마,2026-09-09,2.1%,"13,161","24,119"
2026-09-11 14:27:13,9,호프,2026-07-15,1.9%,"11,841","4,551,486"
2026-09-11 14:27:13,10,엔하이픈 브이알콘서트 : 데스티니,2026-09-18,1.4%,"8,545",0
2026-09-11 14:27:13,11,싱 어게인,2026-09-02,1.2%,"7,827","74,122"
2026-09-11 14:27:13,12,포가튼 아일랜드,2026-09-23,1.1%,"6,853","2,458"
2026-09-11 14:27:13,13,이누야샤 극장판: 시대를 초월한 마음,2026-09-09,0.9%,"5,675","8,894"
2026-09-11 14:27:13,14,오아시스: 돈 룩 백 인 앵거,2026-09-09,0.8%,"5,043","6,842"
2026-09-11 14:27:13,15,비광,2026-09-02,0.7%,"4,678","87,393"
2026-09-11 14:27:13,16,아이유 콘서트 : 더 위닝,재개봉일 : 2026-09-16 2025-01-24,0.7%,"4,661","75,872"
2026-09-11 14:27:13,17,아비정전 4K 리마스터링,"재개봉일 : 2017-03-30, 2026-09-12 1990-12-22",0.7%,"4,490","35,616"
2026-09-11 14:27:13,18,아이유 콘서트 : 더 골든 아워,재개봉일 : 2026-09-09 2023-09-13,0.7%,"4,179","91,124"
2026-09-11 14:27:13,19,경주기행,2026-08-26,0.6%,"4,001","315,754"
2026-09-11 14:27:13,20,아가미,2026-09-09,0.6%,"3,480","5,886"
2026-09-11 14:27:13,21,네 얼굴로는 울 수 없어,2026-09-09,0.5%,"3,137","4,414"
2026-09-11 14:27:13,22,연옥: 살인마들의 자치구역,2026-09-09,0.5%,"3,095","5,770"
2026-09-11 14:27:13,23,딥 워터,2026-09-09,0.4%,"2,638","5,770"
2026-09-11 14:27:13,24,리틀 드래곤: 몬스터 섬의 비밀,2026-09-09,0.4%,"2,375","1,360"
2026-09-11 14:27:13,25,시간을 달리는 소녀,"재개봉일 : 2016-01-14, 2026-09-16 2007-06-14",0.4%,"2,374","111,665"
2026-09-11 15:27:10,1,오디세이,2026-08-05,40.4%,"255,512","10,333,243"
2026-09-11 15:27:10,2,암살자(들),2026-09-23,9.0%,"56,757",657
2026-09-11 15:27:10,3,인턴,2026-09-16,8.9%,"55,959","13,925"
2026-09-11 15:27:10,4,옵세션,2026-09-02,6.7%,"42,478","298,339"
2026-09-11 15:27:10,5,타짜: 벨제붑의 노래,2026-09-23,5.3%,"33,287","1,510"
2026-09-11 15:27:10,6,스파이더맨: 브랜드 뉴 데이,2026-07-29,4.7%,"29,831","8,845,695"
2026-09-11 15:27:10,7,부활남: 더 레드,2026-09-30,2.3%,"14,676",0
2026-09-11 15:27:10,8,더 드라마,2026-09-09,2.1%,"13,100","24,119"
2026-09-11 15:27:10,9,호프,2026-07-15,1.8%,"11,614","4,551,486"
2026-09-11 15:27:10,10,엔하이픈 브이알콘서트 : 데스티니,2026-09-18,1.4%,"8,560",0
2026-09-11 15:27:10,11,싱 어게인,2026-09-02,1.3%,"7,927","74,122"
2026-09-11 15:27:10,12,포가튼 아일랜드,2026-09-23,1.1%,"6,853","2,458"
2026-09-11 15:27:10,13,이누야샤 극장판: 시대를 초월한 마음,2026-09-09,0.9%,"5,412","8,894"
2026-09-11 15:27:10,14,오아시스: 돈 룩 백 인 앵거,2026-09-09,0.8%,"4,789","6,842"
2026-09-11 15:27:10,15,아이유 콘서트 : 더 위닝,재개봉일 : 2026-09-16 2025-01-24,0.7%,"4,711","75,872"
2026-09-11 15:27:10,16,비광,2026-09-02,0.7%,"4,639","87,393"
2026-09-11 15:27:10,17,아비정전 4K 리마스터링,"재개봉일 : 2017-03-30, 2026-09-12 1990-12-22",0.7%,"4,540","35,616"
2026-09-11 15:27:10,18,아이유 콘서트 : 더 골든 아워,재개봉일 : 2026-09-09 2023-09-13,0.6%,"4,091","91,124"
2026-09-11 15:27:10,19,경주기행,2026-08-26,0.6%,"3,915","315,754"
2026-09-11 15:27:10,20,아가미,2026-09-09,0.5%,"3,378","5,886"
2026-09-11 15:27:10,21,네 얼굴로는 울 수 없어,2026-09-09,0.5%,"3,067","4,414"
2026-09-11 15:27:10,22,연옥: 살인마들의 자치구역,2026-09-09,0.5%,"3,003","5,770"
2026-09-11 15:27:10,23,딥 워터,2026-09-09,0.4%,"2,485","5,770"
2026-09-11 15:27:10,24,시간을 달리는 소녀,"재개봉일 : 2016-01-14, 2026-09-16 2007-06-14",0.4%,"2,416","111,665"
2026-09-11 15:27:10,25,리틀 드래곤: 몬스터 섬의 비밀,2026-09-09,0.4%,"2,389","1,360"
2026-09-11 16:27:13,1,오디세이,2026-08-05,40.3%,"255,051","10,333,241"
2026-09-11 16:27:13,2,암살자(들),2026-09-23,9.0%,"56,843",657
2026-09-11 16:27:13,3,인턴,2026-09-16,8.9%,"56,523","13,925"
2026-09-11 16:27:13,4,옵세션,2026-09-02,6.7%,"42,309","298,339"
2026-09-11 16:27:13,5,타짜: 벨제붑의 노래,2026-09-23,5.5%,"34,722","1,510"
2026-09-11 16:27:13,6,스파이더맨: 브랜드 뉴 데이,2026-07-29,4.7%,"29,843","8,845,695"
2026-09-11 16:27:13,7,부활남: 더 레드,2026-09-30,2.3%,"14,689",0
2026-09-11 16:27:13,8,더 드라마,2026-09-09,2.1%,"13,030","24,119"
2026-09-11 16:27:13,9,호프,2026-07-15,1.8%,"11,220","4,551,486"
2026-09-11 16:27:13,10,엔하이픈 브이알콘서트 : 데스티니,2026-09-18,1.4%,"8,561",0
2026-09-11 16:27:13,11,싱 어게인,2026-09-02,1.2%,"7,837","74,122"
2026-09-11 16:27:13,12,포가튼 아일랜드,2026-09-23,1.1%,"6,853","2,458"
2026-09-11 16:27:13,13,아이유 콘서트 : 더 위닝,재개봉일 : 2026-09-16 2025-01-24,0.8%,"4,901","75,872"
2026-09-11 16:27:13,14,오아시스: 돈 룩 백 인 앵거,2026-09-09,0.7%,"4,691","6,842"
2026-09-11 16:27:13,15,이누야샤 극장판: 시대를 초월한 마음,2026-09-09,0.7%,"4,618","8,894"
2026-09-11 16:27:13,16,비광,2026-09-02,0.7%,"4,602","87,393"
2026-09-11 16:27:13,17,아비정전 4K 리마스터링,"재개봉일 : 2017-03-30, 2026-09-12 1990-12-22",0.7%,"4,600","35,616"
2026-09-11 16:27:13,18,경주기행,2026-08-26,0.6%,"3,954","315,754"
2026-09-11 16:27:13,19,아이유 콘서트 : 더 골든 아워,재개봉일 : 2026-09-09 2023-09-13,0.6%,"3,687","91,124"
2026-09-11 16:27:13,20,아가미,2026-09-09,0.5%,"3,281","5,886"
2026-09-11 16:27:13,21,네 얼굴로는 울 수 없어,2026-09-09,0.5%,"3,011","4,414"
2026-09-11 16:27:13,22,연옥: 살인마들의 자치구역,2026-09-09,0.5%,"2,979","5,770"
2026-09-11 16:27:13,23,시간을 달리는 소녀,"재개봉일 : 2016-01-14, 2026-09-16 2007-06-14",0.4%,"2,586","111,665"
2026-09-11 16:27:13,24,딥 워터,2026-09-09,0.4%,"2,421","5,770"
2026-09-11 16:27:13,25,리틀 드래곤: 몬스터 섬의 비밀,2026-09-09,0.4%,"2,401","1,360"
2026-09-11 17:27:12,1,오디세이,2026-08-05,40.1%,"252,916","10,333,241"
2026-09-11 17:27:12,2,인턴,2026-09-16,9.2%,"57,843","13,925"
2026-09-11 17:27:12,3,암살자(들),2026-09-23,9.0%,"56,950",657
2026-09-11 17:27:12,4,옵세션,2026-09-02,6.5%,"40,950","298,339"
2026-09-11 17:27:12,5,타짜: 벨제붑의 노래,2026-09-23,5.6%,"35,568","1,510"
2026-09-11 17:27:12,6,스파이더맨: 브랜드 뉴 데이,2026-07-29,4.6%,"29,132","8,845,693"
2026-09-11 17:27:12,7,부활남: 더 레드,2026-09-30,2.4%,"15,411",0
2026-09-11 17:27:12,8,더 드라마,2026-09-09,1.9%,"12,288","24,119"
2026-09-11 17:27:12,9,호프,2026-07-15,1.7%,"10,577","4,551,486"
2026-09-11 17:27:12,10,엔하이픈 브이알콘서트 : 데스티니,2026-09-18,1.4%,"8,596",0
2026-09-11 17:27:12,11,싱 어게인,2026-09-02,1.2%,"7,611","74,122"
2026-09-11 17:27:12,12,포가튼 아일랜드,2026-09-23,1.1%,"7,201","2,458"
2026-09-11 17:27:12,13,아이유 콘서트 : 더 위닝,재개봉일 : 2026-09-16 2025-01-24,0.8%,"4,931","75,872"
2026-09-11 17:27:12,14,아비정전 4K 리마스터링,"재개봉일 : 2017-03-30, 2026-09-12 1990-12-22",0.7%,"4,655","35,616"
2026-09-11 17:27:12,15,오아시스: 돈 룩 백 인 앵거,2026-09-09,0.7%,"4,550","6,842"
2026-09-11 17:27:12,16,비광,2026-09-02,0.7%,"4,546","87,393"
2026-09-11 17:27:12,17,경주기행,2026-08-26,0.6%,"3,905","315,754"
2026-09-11 17:27:12,18,이누야샤 극장판: 시대를 초월한 마음,2026-09-09,0.6%,"3,865","8,894"
2026-09-11 17:27:12,19,아이유 콘서트 : 더 골든 아워,재개봉일 : 2026-09-09 2023-09-13,0.5%,"3,427","91,124"
2026-09-11 17:27:12,20,네 얼굴로는 울 수 없어,2026-09-09,0.5%,"2,968","4,414"
2026-09-11 17:27:12,21,연옥: 살인마들의 자치구역,2026-09-09,0.5%,"2,939","5,770"
2026-09-11 17:27:12,22,아가미,2026-09-09,0.4%,"2,792","5,886"
2026-09-11 17:27:12,23,시간을 달리는 소녀,"재개봉일 : 2016-01-14, 2026-09-16 2007-06-14",0.4%,"2,635","111,665"
2026-09-11 17:27:12,24,리틀 드래곤: 몬스터 섬의 비밀,2026-09-09,0.4%,"2,415","1,360"
2026-09-11 17:27:12,25,딥 워터,2026-09-09,0.4%,"2,376","5,770"
2026-09-11 18:27:10,1,오디세이,2026-08-05,40.1%,"249,353","10,333,241"
2026-09-11 18:27:10,2,인턴,2026-09-16,9.4%,"58,286","13,925"
2026-09-11 18:27:10,3,암살자(들),2026-09-23,9.2%,"57,041",657
2026-09-11 18:27:10,4,옵세션,2026-09-02,6.2%,"38,613","298,339"
2026-09-11 18:27:10,5,타짜: 벨제붑의 노래,2026-09-23,5.7%,"35,756","1,510"
2026-09-11 18:27:10,6,스파이더맨: 브랜드 뉴 데이,2026-07-29,4.6%,"28,426","8,845,693"
2026-09-11 18:27:10,7,부활남: 더 레드,2026-09-30,2.5%,"15,575",0
2026-09-11 18:27:10,8,더 드라마,2026-09-09,1.9%,"11,736","24,119"
2026-09-11 18:27:10,9,호프,2026-07-15,1.6%,"9,790","4,551,486"
2026-09-11 18:27:10,10,엔하이픈 브이알콘서트 : 데스티니,2026-09-18,1.4%,"8,614",0
2026-09-11 18:27:10,11,포가튼 아일랜드,2026-09-23,1.2%,"7,521","2,458"
2026-09-11 18:27:10,12,싱 어게인,2026-09-02,1.2%,"7,393","74,122"
2026-09-11 18:27:10,13,아이유 콘서트 : 더 위닝,재개봉일 : 2026-09-16 2025-01-24,0.8%,"4,956","75,872"
2026-09-11 18:27:10,14,아비정전 4K 리마스터링,"재개봉일 : 2017-03-30, 2026-09-12 1990-12-22",0.7%,"4,425","35,616"
2026-09-11 18:27:10,15,비광,2026-09-02,0.7%,"4,298","87,393"
2026-09-11 18:27:10,16,오아시스: 돈 룩 백 인 앵거,2026-09-09,0.7%,"4,047","6,842"
2026-09-11 18:27:10,17,경주기행,2026-08-26,0.6%,"3,783","315,754"
2026-09-11 18:27:10,18,이누야샤 극장판: 시대를 초월한 마음,2026-09-09,0.6%,"3,456","8,894"
2026-09-11 18:27:10,19,아이유 콘서트 : 더 골든 아워,재개봉일 : 2026-09-09 2023-09-13,0.5%,"3,275","91,124"
2026-09-11 18:27:10,20,네 얼굴로는 울 수 없어,2026-09-09,0.5%,"2,966","4,414"
2026-09-11 18:27:10,21,극장판 치이카와: 인어 섬의 비밀,2026-09-30,0.5%,"2,955",0
2026-09-11 18:27:10,22,연옥: 살인마들의 자치구역,2026-09-09,0.5%,"2,927","5,770"
2026-09-11 18:27:10,23,아가미,2026-09-09,0.4%,"2,745","5,886"
2026-09-11 18:27:10,24,시간을 달리는 소녀,"재개봉일 : 2016-01-14, 2026-09-16 2007-06-14",0.4%,"2,685","111,665"
2026-09-11 18:27:10,25,리틀 드래곤: 몬스터 섬의 비밀,2026-09-09,0.4%,"2,438","1,360"
